	ciprofloxacin	cefoxitin	tobramycin	ceftazidime	aztreonam	cefepime	amoxicillin	trimethoprim	piperacillin_tazobactam	gentamicin	cefotaxime	cefuroxime	trimethoprim_sulfamethoxazole	ampicillin
1328433.3	1	1	2	1	2	2	2	2	2	0	1	2	1	1
1328434.3	1	1	2	1	2	2	2	2	2	0	1	2	1	1
1438684.3	1	1	2	1	2	2	2	2	2	1	1	2	1	1
1438685.3	1	1	2	1	2	2	2	2	2	1	1	2	0	1
1438686.3	1	1	2	0	2	2	2	2	2	0	2	2	1	1
562.12959	1	1	1	1	1	1	2	2	1	0	1	2	1	1
562.12960	1	1	1	1	1	1	2	2	1	1	1	2	1	1
562.13502	1	0	2	2	2	2	2	2	2	1	1	2	2	2
562.16324	1	1	1	1	1	1	2	2	2	1	1	2	1	1
562.16327	1	1	0	1	1	1	2	2	1	0	1	2	1	1
562.16466	1	1	1	1	1	1	2	1	1	1	2	2	1	1
562.17359	1	2	2	1	1	2	2	2	2	0	1	2	1	2
562.17620	1	1	2	1	1	1	2	2	1	0	1	2	1	1
562.17621	1	1	0	1	1	1	2	2	1	0	1	2	1	1
562.17721	1	1	1	1	1	1	2	2	1	1	1	2	1	1
562.17722	1	1	1	1	1	1	2	2	1	1	1	2	1	1
562.19090	1	1	2	1	2	1	2	1	2	1	1	2	2	1
562.19631	1	1	1	1	1	1	2	2	1	0	1	2	1	1
562.19632	1	1	0	1	1	1	2	2	1	1	1	2	1	1
562.19633	1	1	2	1	2	1	2	2	2	2	1	2	2	1
562.19821	1	1	2	1	2	1	2	2	1	2	1	2	2	1
562.19823	1	1	1	1	1	1	2	2	2	1	1	2	1	1
562.20499	1	1	0	1	1	1	2	2	1	0	1	2	0	1
562.22426	1	1	0	1	1	1	2	2	1	0	1	2	0	1
562.22429	1	0	0	0	0	0	2	1	0	0	0	0	2	1
562.22431	1	2	0	0	0	0	2	1	0	0	0	0	2	1
562.22432	1	0	1	2	1	2	2	1	0	0	1	1	2	1
562.22434	1	0	0	0	0	0	2	1	0	0	0	0	2	1
562.22440	1	0	0	0	0	0	2	1	0	0	0	0	2	1
562.22442	1	0	1	0	0	0	2	1	0	0	0	0	2	1
562.22455	1	0	1	0	0	0	2	1	0	1	0	0	2	1
562.22457	1	2	1	0	0	0	2	1	1	0	0	1	2	1
562.22460	1	0	0	0	0	0	2	1	0	0	0	0	2	1
562.22465	1	0	2	0	0	0	2	1	0	1	0	0	2	1
562.22471	1	0	0	0	0	0	2	1	0	0	0	0	2	1
562.22478	1	0	0	1	1	1	2	0	0	0	1	1	2	1
562.22479	1	0	1	1	1	1	2	1	0	0	1	1	2	1
562.22481	1	2	0	2	1	2	2	1	0	0	1	1	2	1
562.22483	1	0	0	0	0	0	2	1	0	0	0	0	2	0
562.22484	1	0	0	0	0	0	2	1	0	0	0	0	2	0
562.22488	1	0	0	1	1	2	2	1	0	0	1	1	2	1
562.22491	1	0	1	0	0	0	2	1	0	0	1	1	2	1
562.22495	1	0	0	0	0	0	2	1	0	0	0	0	2	0
562.22496	1	0	0	0	0	0	2	1	0	0	0	0	2	1
562.22499	1	0	1	0	0	0	2	1	0	1	0	0	2	1
562.22501	1	2	0	1	0	0	2	1	2	0	1	1	2	1
562.22503	1	2	1	1	1	1	2	0	0	1	1	1	2	1
562.22518	1	0	1	0	0	0	2	1	0	0	1	1	2	1
562.22527	1	0	0	0	0	0	2	1	0	0	0	0	2	1
562.22531	1	0	0	0	0	0	2	1	0	0	0	0	2	1
562.22536	1	0	1	1	1	1	2	1	0	0	1	1	2	1
562.22539	1	0	1	0	0	0	2	1	0	0	0	1	2	1
562.22541	1	0	1	2	1	2	2	1	0	0	1	1	2	1
562.22551	1	0	0	1	1	0	2	1	0	0	0	0	2	1
562.22560	1	1	1	2	1	0	2	1	2	0	0	1	2	1
562.22565	1	0	0	0	0	0	2	0	0	0	0	0	2	1
562.22582	1	0	1	0	0	0	2	0	0	1	0	1	2	1
562.22583	1	0	0	0	0	0	2	1	0	0	0	0	2	1
562.22586	1	1	0	2	2	0	2	1	0	0	0	1	2	1
562.22588	1	0	1	0	0	0	2	1	0	0	1	1	2	1
562.22595	1	0	1	0	0	0	2	1	0	0	0	1	2	1
562.22596	1	2	1	0	0	0	2	1	0	1	0	1	2	1
562.22601	1	0	0	0	0	0	2	1	0	0	0	0	2	0
562.22602	1	0	0	0	0	0	2	1	0	0	0	0	2	0
562.22611	1	0	1	0	0	0	2	1	0	0	1	1	2	1
562.22620	1	0	0	0	0	0	2	1	0	0	0	0	2	1
562.22622	1	0	0	0	0	0	2	0	0	0	0	0	2	0
562.22626	1	0	0	0	0	0	2	0	0	0	0	0	2	1
562.22630	1	2	0	0	0	0	2	1	0	0	0	1	2	1
562.22631	1	0	0	0	0	0	2	0	0	0	0	0	2	0
562.22636	1	0	0	0	0	0	2	1	0	0	0	0	2	0
562.22642	1	0	0	0	0	0	2	0	0	0	0	0	2	1
562.22647	1	0	0	0	0	0	2	1	0	0	0	0	2	1
562.22650	1	0	2	0	0	0	2	1	1	1	0	0	2	1
562.22651	1	0	0	0	0	0	2	0	0	0	0	0	2	1
562.22655	1	0	1	2	1	2	2	1	0	1	1	1	2	1
562.22657	1	0	0	0	0	0	2	0	2	0	0	0	2	1
562.22669	1	0	1	2	2	0	2	1	0	0	1	1	2	1
562.22672	1	0	1	0	0	0	2	1	0	1	0	0	2	1
562.22677	1	0	1	0	0	0	2	1	2	1	0	1	2	1
562.22680	1	0	1	1	1	1	2	1	1	0	1	1	2	1
562.22691	1	0	1	0	0	0	2	0	0	1	0	0	2	1
562.22694	1	0	0	0	0	0	2	1	0	0	0	0	2	1
562.22700	1	0	1	1	1	2	2	1	0	1	1	1	2	1
562.22708	1	2	1	0	0	0	2	1	0	1	0	1	2	1
562.22717	1	0	1	2	1	2	2	0	0	1	1	1	2	1
562.22718	1	0	0	0	0	0	2	1	0	0	0	0	2	1
562.22721	1	0	0	0	0	0	2	1	0	0	0	0	2	1
562.22724	1	0	0	0	0	0	2	1	0	0	0	0	2	1
562.22733	1	0	0	2	1	2	2	0	0	0	1	1	2	1
562.22746	1	0	0	0	0	0	2	0	0	0	0	0	2	1
562.22754	1	0	1	2	1	2	2	1	0	1	1	1	2	1
562.22761	1	0	0	0	0	0	2	2	2	0	0	0	2	1
562.22765	1	0	0	0	0	0	2	1	0	0	0	0	2	1
562.22767	1	0	0	0	0	0	2	1	0	0	0	0	2	1
562.22768	1	0	1	1	1	1	2	1	0	0	1	1	2	1
562.22770	1	0	0	0	0	0	2	0	2	0	0	0	2	1
562.22783	1	0	1	0	0	0	2	1	0	0	1	1	2	1
562.22787	1	0	0	2	2	0	2	1	0	0	1	1	2	1
562.22794	1	0	1	0	0	0	2	1	0	1	0	0	2	1
562.22797	1	2	0	0	0	0	2	0	0	0	0	1	2	0
562.22806	1	0	1	0	0	0	2	1	1	0	0	0	2	1
562.22811	1	0	0	2	2	0	2	1	0	0	1	1	2	1
562.22813	1	0	1	2	2	0	2	1	0	0	1	1	2	1
562.22821	1	0	1	1	1	1	2	1	0	1	1	1	2	1
562.22822	1	0	0	1	1	2	2	1	0	0	1	1	2	1
562.22843	1	2	2	0	2	2	1	2	0	0	2	0	2	2
562.22847	1	2	2	0	2	2	1	2	2	0	2	1	2	2
562.22854	1	2	2	0	2	2	0	2	0	1	2	1	2	2
562.22860	1	2	2	0	2	2	1	2	2	0	2	1	2	2
562.22865	1	2	2	0	2	2	1	2	0	1	2	0	2	2
562.22867	1	2	2	0	2	2	1	2	0	1	2	0	2	2
562.22868	1	2	2	0	2	2	0	2	0	1	2	0	2	2
562.22879	1	0	0	0	0	0	2	1	0	0	0	0	2	0
562.22918	1	2	2	0	2	2	1	2	0	1	0	0	2	2
562.22920	1	2	2	0	2	2	1	2	0	0	0	0	2	2
562.22923	1	2	2	0	2	2	0	2	0	1	0	0	2	2
562.22927	1	2	2	0	2	2	1	2	0	0	0	0	2	2
562.22933	1	2	2	0	2	2	1	2	2	0	0	1	2	2
562.22942	1	2	2	0	2	2	1	2	1	0	0	0	2	2
562.22997	1	2	2	0	2	2	1	2	0	1	0	0	2	2
562.23028	1	2	2	0	2	2	1	2	0	0	0	1	2	2
562.23029	1	2	2	0	2	2	1	2	0	0	0	0	2	2
562.23047	1	2	2	1	2	2	1	2	1	1	1	1	2	2
562.23053	1	2	2	0	2	2	1	2	0	0	0	0	2	2
562.23066	1	2	2	0	2	2	1	2	0	0	0	0	2	2
562.23076	1	2	2	1	2	2	1	2	0	0	1	1	2	2
562.23078	1	2	2	0	2	2	1	2	0	0	0	0	2	2
562.23079	1	2	2	0	2	2	1	2	1	0	0	0	2	2
562.23095	1	2	2	0	2	2	0	2	0	0	0	0	2	2
562.23096	1	2	2	0	2	2	1	2	1	1	0	0	2	2
562.23098	1	2	2	0	2	2	1	2	1	0	0	0	2	2
562.23100	1	2	2	0	2	2	0	2	0	0	0	1	2	2
562.23108	1	2	2	0	2	2	1	2	0	1	0	0	2	2
562.23117	1	2	2	0	2	2	0	2	2	0	0	0	2	2
562.23129	1	2	2	0	2	2	0	2	0	0	0	0	2	2
562.23134	1	2	2	0	2	2	1	2	0	0	0	0	2	2
562.23141	1	2	2	0	2	2	1	2	0	1	2	0	2	2
562.23144	1	2	2	1	2	2	1	2	1	0	1	1	2	2
562.23159	1	2	2	0	2	2	1	2	0	0	0	0	2	2
562.23167	1	2	2	0	2	2	1	2	0	0	0	0	2	2
562.23170	1	2	2	0	2	2	0	2	0	0	0	0	2	2
562.23181	1	2	2	1	2	2	1	2	0	0	1	1	2	2
562.23189	1	2	2	0	2	2	1	2	2	0	1	1	2	2
562.23191	1	2	2	0	2	2	0	2	0	0	0	0	2	2
562.23194	1	2	2	0	2	2	1	2	0	0	1	1	2	2
562.23195	1	2	2	0	2	2	1	2	2	0	1	1	2	2
562.23199	1	2	2	0	2	2	1	2	0	0	0	0	2	2
562.23200	1	2	2	0	2	2	1	2	1	0	0	1	2	2
562.23205	1	2	2	0	2	2	1	2	0	0	0	1	2	2
562.23212	1	2	2	1	2	2	1	2	0	1	1	1	2	2
562.23226	1	2	2	1	2	2	1	2	0	1	1	1	2	2
562.23229	1	2	2	1	2	2	1	2	1	0	1	1	2	2
562.23231	1	2	2	0	2	2	1	2	0	1	0	0	2	2
562.23233	1	2	2	0	2	2	1	2	0	0	0	0	2	2
562.23239	1	2	2	0	2	2	1	2	0	1	0	0	2	2
562.23248	1	2	2	0	2	2	0	2	0	0	0	0	2	2
562.23255	1	2	2	0	2	2	1	2	0	0	0	0	2	2
562.23259	1	2	2	0	2	2	1	2	0	0	0	0	2	2
562.23261	1	2	2	0	2	2	1	2	0	0	0	0	2	2
562.23272	1	2	2	2	2	2	1	2	2	0	0	1	2	2
562.23273	1	2	2	2	2	2	1	2	0	0	1	1	2	2
562.23282	1	2	2	0	2	2	1	2	0	0	0	0	2	2
562.23284	1	2	2	1	2	2	1	2	0	1	1	1	2	2
562.23286	1	2	2	1	2	2	1	2	0	1	1	1	2	2
562.23287	1	2	2	0	2	2	1	2	0	0	0	1	2	2
562.23288	1	2	2	0	2	2	1	2	0	0	0	1	2	2
562.23305	1	2	2	0	2	2	1	2	0	1	0	1	2	2
562.23306	1	2	2	1	2	2	1	2	1	0	1	1	2	2
562.23307	1	2	2	0	2	2	1	2	0	2	0	0	2	2
562.23311	1	2	2	1	2	2	1	2	0	1	1	1	2	2
562.23314	1	2	2	1	2	2	1	2	0	1	1	1	2	2
562.23317	1	2	2	1	2	2	1	2	0	1	1	1	2	2
562.23321	1	2	2	0	2	2	1	2	0	0	0	0	2	2
562.23330	1	2	2	1	2	2	1	2	0	0	1	1	2	2
562.23338	1	2	2	1	2	2	1	2	0	0	1	1	2	2
562.23344	1	2	2	0	2	2	1	2	0	0	0	0	2	2
562.23348	1	2	2	0	2	2	1	2	0	0	0	0	2	2
562.23351	1	2	2	0	2	2	1	2	0	2	0	1	2	2
562.23355	1	2	2	0	2	2	0	2	0	2	0	0	2	2
562.23356	1	2	2	1	2	2	1	2	0	1	1	1	2	2
562.23359	1	2	2	0	2	2	1	2	0	0	0	0	2	2
562.23365	1	2	2	2	2	2	1	2	0	0	1	1	2	2
562.23367	1	2	2	0	2	2	1	2	0	1	0	0	2	2
562.23369	1	2	2	1	2	2	1	2	2	1	1	1	2	2
562.23371	1	2	2	0	2	2	1	2	0	1	0	0	2	2
562.23373	1	2	2	0	2	2	1	2	0	0	0	1	2	2
562.23375	1	2	2	0	2	2	1	2	0	0	1	1	2	2
562.23377	1	2	2	0	2	2	1	2	0	0	1	1	2	2
562.23384	1	2	2	0	2	2	1	2	0	0	0	0	2	2
562.23385	1	2	2	0	2	2	1	2	1	0	0	1	2	2
562.23387	1	2	2	0	2	2	1	2	0	0	0	1	2	2
562.23391	1	2	2	1	2	2	1	2	1	1	1	1	2	2
562.23393	1	2	2	0	2	2	1	2	0	1	0	0	2	2
562.23395	1	2	2	1	2	2	1	2	0	1	1	1	2	2
562.23396	1	2	2	1	2	2	1	2	2	0	1	1	2	2
562.23398	1	2	2	1	2	2	1	2	2	1	1	1	2	2
562.23399	1	2	2	0	2	2	1	2	0	0	0	1	2	2
562.23403	1	2	2	1	2	2	1	2	2	1	1	1	2	2
562.23410	1	2	2	0	2	2	1	2	0	0	0	1	2	2
562.23413	1	2	2	1	2	2	1	2	0	1	1	1	2	2
562.23428	1	2	2	1	2	2	1	2	2	0	1	1	2	2
562.23434	1	2	2	0	2	2	1	2	1	2	0	0	2	2
562.23435	1	2	2	0	2	2	1	2	2	0	0	1	2	2
562.23451	1	2	2	1	2	2	1	2	1	0	1	1	2	2
562.23452	1	2	2	0	2	2	1	2	0	0	0	0	2	2
562.23454	1	2	2	2	2	2	1	2	2	0	1	1	2	2
562.23457	1	2	2	1	2	2	1	2	2	1	1	1	2	2
562.23458	1	2	2	2	2	2	1	2	2	0	1	1	2	2
562.23461	1	2	2	2	2	2	1	2	1	0	1	1	2	2
562.23462	1	2	2	0	2	2	1	2	0	1	0	0	2	2
562.23463	1	2	2	2	2	2	1	2	2	0	1	1	2	2
562.23470	1	2	2	0	2	2	1	2	1	0	0	1	2	2
562.23474	1	2	2	0	2	2	1	2	0	0	0	0	2	2
562.23478	1	2	2	0	2	2	1	2	1	1	0	0	2	2
562.23480	1	2	2	0	2	2	0	2	0	1	0	0	2	2
562.23481	1	2	2	0	2	2	1	2	0	0	0	0	2	2
562.23486	1	2	2	0	2	2	1	2	0	1	0	0	2	2
562.23487	1	2	2	1	2	2	1	2	0	0	1	1	2	2
562.23488	1	2	2	1	2	2	1	2	0	1	1	1	2	2
562.23494	1	2	2	1	2	2	1	2	2	1	1	1	2	2
562.23499	1	2	2	0	2	2	1	2	0	0	0	1	2	2
562.23501	1	2	2	1	2	2	1	2	1	0	1	1	2	2
562.23505	1	2	2	2	2	2	1	2	2	0	1	1	2	2
562.23507	1	2	2	1	2	2	1	2	0	0	1	1	2	2
562.23508	1	2	2	1	2	2	1	2	0	0	1	1	2	2
562.23530	1	2	2	0	2	2	1	2	0	0	0	0	2	2
562.23532	1	2	2	0	2	2	1	2	1	0	0	0	2	2
562.23539	1	2	2	0	2	2	1	2	0	0	0	0	2	2
562.23542	1	2	2	0	2	2	1	2	0	0	0	0	2	2
562.23551	1	2	2	0	2	2	1	2	0	0	0	0	2	2
562.23553	1	2	2	0	2	2	0	2	0	0	0	0	2	2
562.23558	1	2	2	1	2	2	1	2	2	1	1	1	2	2
562.23566	1	2	2	1	2	2	1	2	0	0	1	1	2	2
562.23571	1	2	2	0	2	2	0	2	0	0	0	1	2	2
562.23574	1	2	2	1	2	2	1	2	2	1	1	1	2	2
562.23593	1	2	2	0	2	2	0	2	0	1	0	1	2	2
562.23594	1	2	2	1	2	2	1	2	2	1	1	1	2	2
562.23610	1	2	2	0	2	2	1	2	0	0	0	1	2	2
562.23615	1	2	2	2	2	2	1	2	0	0	1	1	2	2
562.23623	1	2	2	1	2	2	1	2	0	0	1	1	2	2
562.23640	1	2	2	1	2	2	1	2	0	1	1	1	2	2
562.23642	1	2	2	0	2	2	1	2	0	1	0	0	2	2
562.23645	1	2	2	0	2	2	1	2	0	1	0	0	2	2
562.23646	1	2	2	2	2	2	1	2	1	0	1	1	2	2
562.23653	1	2	2	0	2	2	1	2	0	0	0	1	2	2
562.23659	1	2	2	0	2	2	1	2	0	1	0	1	2	2
562.23664	1	2	2	0	2	2	1	2	1	0	0	1	2	2
562.23682	1	2	2	0	2	2	1	2	1	1	0	0	2	2
562.23697	1	2	2	0	2	2	1	2	0	2	0	0	2	2
562.23721	1	2	2	0	2	2	1	2	0	1	0	0	2	2
562.23724	1	2	2	0	2	2	1	2	0	0	0	0	2	2
562.23727	1	2	2	1	2	2	1	2	0	0	1	1	2	2
562.23734	1	2	2	1	2	2	1	2	0	1	1	1	2	2
562.23737	1	2	2	2	2	2	1	2	0	0	1	1	2	2
562.23756	1	2	2	0	2	2	0	2	0	0	0	0	2	2
562.23758	1	2	2	0	2	2	1	2	0	0	0	0	2	2
562.23760	1	2	2	0	2	2	1	2	0	1	0	0	2	2
562.23765	1	2	2	0	2	2	1	2	0	0	0	0	2	2
562.23769	1	2	2	1	2	2	1	2	0	0	1	1	2	2
562.23782	1	2	2	0	2	2	0	2	0	0	0	0	2	2
562.23783	1	2	2	1	2	2	1	2	0	0	2	1	2	2
562.23788	1	2	2	0	2	2	1	2	0	0	0	1	2	2
562.23791	1	0	0	0	0	0	2	0	0	0	0	0	2	1
562.23792	1	1	0	1	1	0	2	0	1	0	1	1	2	1
562.23796	1	2	2	0	2	2	1	2	0	0	0	0	2	2
562.23800	1	2	2	0	2	2	1	2	1	0	1	1	2	2
562.23804	1	2	2	2	2	2	1	2	0	0	1	1	2	2
562.23821	1	2	2	2	2	2	1	2	2	0	1	1	2	2
562.23822	1	2	2	0	2	2	1	2	0	1	0	0	2	2
562.23832	1	2	2	0	2	2	1	2	0	0	0	0	2	2
562.23837	1	2	2	0	2	2	0	2	0	0	0	0	2	2
562.23850	1	2	2	1	2	2	1	2	0	0	1	1	2	2
562.23858	1	2	2	0	2	2	1	2	2	1	0	1	2	2
562.23859	1	2	2	0	2	2	1	2	0	0	0	0	2	2
562.23860	1	2	2	1	2	2	1	2	0	1	1	1	2	2
562.23868	1	2	2	0	2	2	0	2	0	0	0	0	2	2
562.23869	1	2	2	1	2	2	1	2	1	1	1	1	2	2
562.23874	1	2	2	2	2	2	1	2	0	0	1	1	2	2
562.23884	1	2	2	2	2	2	1	2	2	2	1	1	2	2
562.23888	1	2	2	0	2	2	1	2	0	0	0	0	2	2
562.23894	1	2	2	1	2	2	1	2	0	1	1	1	2	2
562.23895	1	2	2	1	2	2	1	2	0	1	1	1	2	2
562.23899	1	2	2	1	2	2	1	2	0	1	1	1	2	2
562.23900	1	2	2	0	2	2	0	2	0	0	0	0	2	2
562.23901	1	2	2	0	2	2	1	2	0	0	0	0	2	2
562.23909	1	2	2	1	2	2	1	2	0	1	1	1	2	2
562.23911	1	2	2	0	2	2	1	2	0	0	1	1	2	2
562.23923	1	2	2	0	2	2	1	2	0	0	0	0	2	2
562.23928	1	2	2	0	2	2	1	2	0	0	0	1	2	2
562.28131	1	2	2	1	1	1	2	1	1	1	1	1	1	1
562.28132	1	2	2	1	1	1	2	1	1	1	1	1	1	1
562.28434	1	1	1	1	1	1	2	2	2	1	1	2	1	1
562.28563	1	1	1	1	1	0	2	2	1	0	1	2	1	1
562.28566	1	1	0	1	1	1	2	2	1	0	1	2	1	1
562.28567	1	1	1	1	1	1	2	2	2	0	1	2	0	1
562.28805	1	0	1	1	1	1	2	2	0	1	1	2	1	1
562.29003	1	0	0	0	0	0	2	2	0	0	0	2	1	0
562.29006	1	1	2	1	1	0	2	2	2	0	1	2	1	1
562.29007	1	1	1	1	1	1	2	2	1	1	1	2	1	1
562.29008	1	1	1	1	1	1	2	2	1	0	1	2	1	1
562.29139	1	1	0	1	1	0	2	2	0	0	1	2	0	1
562.30349	1	2	1	1	1	2	1	2	1	0	1	1	1	1
562.30362	1	1	0	1	1	0	2	2	2	0	1	2	1	1
562.30434	1	1	0	1	0	1	2	2	1	0	1	2	1	1
562.30435	1	2	1	1	1	1	2	2	1	2	1	2	1	1
562.33281	1	1	0	1	1	1	2	2	1	0	1	2	1	1
562.34085	1	1	1	0	1	1	2	2	2	1	1	2	1	1
562.34088	1	1	0	0	2	0	2	2	0	0	2	2	0	1
562.42634	1	0	1	1	2	0	2	2	1	1	2	2	1	1
562.42635	1	1	1	1	2	1	2	2	1	0	2	2	1	1
562.42636	1	0	0	0	2	0	2	2	0	0	2	2	0	1
562.42637	1	0	0	0	2	0	2	2	0	0	2	2	0	1
562.42638	1	2	0	0	2	0	2	2	0	0	2	2	1	1
562.42639	1	2	0	1	2	2	2	2	0	0	2	2	1	1
562.42640	1	0	0	0	2	0	2	2	0	0	2	2	0	1
562.42641	1	2	2	0	2	1	2	2	2	0	2	2	1	1
562.42643	1	0	0	0	2	1	2	2	0	0	2	2	0	1
562.42644	1	0	0	0	2	0	2	2	0	0	2	2	1	1
562.42645	1	0	0	0	2	0	2	2	0	0	2	2	1	1
562.42646	1	0	0	0	2	1	2	2	0	0	2	2	0	1
562.42647	1	0	1	1	2	2	2	2	2	1	2	2	1	1
562.42648	1	0	0	2	2	2	2	2	0	0	2	2	1	1
562.42649	1	1	1	2	2	2	2	2	2	0	2	2	1	1
562.42650	1	0	0	1	2	1	2	2	0	0	2	2	1	1
562.42651	1	2	0	1	2	2	2	2	0	0	2	2	1	1
562.42652	1	0	0	1	2	1	2	2	0	0	2	2	1	1
562.42653	1	0	2	1	2	0	2	2	0	1	2	2	1	1
562.42654	1	1	0	1	2	0	2	2	1	0	2	2	1	1
562.42655	1	2	1	0	2	2	2	2	2	0	2	2	1	1
562.42657	1	2	2	1	1	1	2	2	2	0	2	2	1	1
562.42658	1	0	1	1	2	1	2	2	0	0	2	2	1	1
562.42659	1	0	0	1	2	1	2	2	0	0	2	2	1	1
562.42660	1	1	1	1	2	1	2	2	1	1	2	2	1	1
562.42661	1	0	2	1	2	1	2	2	0	1	2	2	0	1
562.42662	1	1	1	1	2	1	2	2	2	1	2	2	1	2
562.42663	1	0	0	1	2	0	2	2	0	1	2	2	1	1
562.42664	1	0	1	1	2	1	2	2	1	0	2	2	1	1
562.42665	1	1	1	1	2	1	2	2	1	1	2	2	1	1
562.42666	1	2	0	0	0	0	2	2	0	1	2	2	0	2
562.42667	1	0	2	1	2	0	2	2	0	1	2	2	0	1
562.42669	1	0	0	1	2	1	2	2	0	0	2	2	0	1
562.42670	1	2	1	1	2	1	2	2	0	1	2	2	0	1
562.42671	1	2	1	1	2	0	2	2	0	1	2	2	0	1
562.42672	1	0	1	2	2	1	2	2	0	0	2	2	0	1
562.42673	1	0	2	0	2	0	2	2	0	0	2	2	1	1
562.42675	1	2	2	1	2	1	2	2	0	1	2	2	0	1
562.42677	1	1	1	1	2	1	2	2	1	1	2	2	0	1
562.42678	1	1	1	1	2	1	2	2	1	1	2	2	1	1
562.42679	1	1	1	1	2	1	2	2	1	1	2	2	1	1
562.42680	1	1	1	1	2	1	2	2	1	1	2	2	0	1
562.42683	1	0	0	1	2	0	2	2	0	0	2	2	0	1
562.42685	1	0	1	1	2	0	2	2	2	1	2	2	1	1
562.42686	1	2	2	2	0	2	2	2	2	1	1	2	1	1
562.42687	1	0	0	1	2	1	2	2	1	0	2	2	1	1
562.42693	1	2	1	1	2	0	2	2	0	1	2	2	0	1
562.42694	1	1	0	1	2	0	2	2	0	0	2	2	1	1
562.42695	1	0	0	0	2	1	2	2	0	0	2	2	0	1
562.42696	1	0	1	1	2	0	2	2	2	0	2	2	0	1
562.42698	1	0	1	0	2	0	2	2	2	0	2	2	1	1
562.42699	1	0	0	0	2	0	2	2	0	0	2	2	0	1
562.42700	1	2	0	1	2	0	2	2	0	0	2	2	1	1
562.42701	1	1	0	0	2	0	2	2	0	0	2	2	0	1
562.42702	1	2	1	1	2	1	2	2	2	1	2	2	0	1
562.42706	1	0	1	1	2	0	2	2	0	0	2	2	1	1
562.42710	1	1	0	1	2	1	2	2	1	0	2	2	1	1
562.42711	1	1	1	1	2	1	2	2	0	1	2	2	1	1
562.42712	1	0	0	0	2	0	2	2	0	0	2	2	1	1
562.42713	1	2	1	1	2	0	2	2	0	1	2	2	1	1
562.42714	1	1	1	1	2	1	2	2	2	1	2	2	1	1
562.42718	1	0	2	0	2	0	2	2	0	1	2	2	0	1
562.42719	1	0	0	0	2	0	2	2	0	0	2	2	1	1
562.42720	1	0	2	0	2	0	2	2	0	1	2	2	0	1
562.42722	1	0	0	1	2	0	2	2	0	0	2	2	1	1
562.42723	1	2	0	1	2	0	2	2	0	0	2	2	0	1
562.42725	1	0	0	0	2	0	2	2	0	0	2	2	1	1
562.42726	1	0	0	0	2	0	2	2	0	0	2	2	1	1
562.42727	1	0	0	0	2	0	2	2	0	0	2	2	1	1
562.42729	1	0	1	1	2	0	2	2	0	1	2	2	1	1
562.42731	1	0	1	1	2	1	2	2	2	1	2	2	0	1
562.42733	1	0	0	0	2	0	2	2	0	0	2	2	0	1
562.42734	1	1	1	1	2	1	2	2	2	0	2	2	0	1
562.42735	1	2	0	1	2	0	2	2	0	0	2	2	1	1
562.42736	1	0	0	1	2	0	2	2	0	0	2	2	0	1
562.42737	1	2	0	0	2	0	2	2	0	0	2	2	0	1
562.42738	1	1	1	1	2	1	2	2	2	0	2	2	0	1
562.42740	1	2	0	0	2	0	2	2	0	0	2	2	0	1
562.42741	1	1	1	1	2	0	2	2	1	0	2	2	1	1
562.42742	1	2	0	1	2	0	2	2	0	0	2	2	0	1
562.42744	1	0	0	0	2	0	2	2	0	0	2	2	1	1
562.42745	1	1	2	1	2	0	2	2	2	2	2	2	1	1
562.42747	1	2	2	1	2	1	2	2	0	0	2	2	1	1
562.42749	1	1	1	1	2	1	2	2	2	0	2	2	1	1
562.42750	1	0	1	1	2	0	2	2	0	1	2	2	0	1
562.42751	1	2	0	0	2	0	2	2	0	0	2	2	1	1
562.42753	1	2	0	0	2	0	2	2	0	0	2	2	1	1
562.42755	1	1	1	1	1	1	2	2	2	0	2	2	1	2
562.42756	1	0	0	1	2	2	2	2	0	0	2	2	1	1
562.42758	1	0	0	0	2	1	2	2	0	0	2	2	0	1
562.42759	1	2	2	2	2	0	2	2	2	0	2	2	1	2
562.42761	1	2	0	0	0	0	2	2	0	0	0	2	0	1
562.42762	1	2	0	1	0	0	2	2	0	0	0	2	1	1
562.42763	1	2	2	2	1	0	2	2	0	1	2	2	1	1
562.42764	1	2	2	2	1	0	2	2	0	1	2	2	1	1
562.42765	1	2	2	2	1	2	2	2	0	1	2	2	1	1
562.42766	1	2	2	2	1	0	2	2	0	0	2	2	1	1
562.42767	1	2	2	2	1	2	2	2	0	1	2	2	0	1
562.42768	1	2	2	2	1	2	2	2	2	1	2	2	1	1
562.42769	1	2	2	2	1	2	2	2	0	1	2	2	1	1
562.42770	1	2	2	2	1	0	2	2	0	1	2	2	1	1
562.42771	1	2	2	2	1	0	2	2	0	0	2	2	1	1
562.42773	1	2	2	2	1	1	2	2	0	1	2	2	1	1
562.42774	1	2	2	2	1	0	2	2	0	1	2	2	1	1
562.42775	1	2	2	2	1	0	2	2	0	1	2	2	1	1
562.42776	1	2	2	2	1	0	2	2	0	0	2	2	1	1
562.42777	1	2	2	2	0	0	2	2	0	0	2	2	1	1
562.42779	1	2	2	2	1	1	2	2	0	0	2	2	1	1
562.42780	1	2	2	2	0	0	2	2	0	0	2	2	0	1
562.42781	1	2	2	2	1	1	2	2	0	0	2	2	0	1
562.42782	1	2	2	2	1	1	2	2	0	0	2	2	0	1
562.42783	1	2	2	2	1	2	2	2	0	1	2	2	1	1
562.42784	1	2	2	2	1	2	2	2	0	1	2	2	0	1
562.42786	1	2	2	2	1	2	2	2	0	0	2	2	0	1
562.42787	1	2	2	2	0	0	2	2	0	0	2	2	1	1
562.42788	1	2	2	2	1	2	2	2	0	1	2	2	1	1
562.42789	1	2	2	2	1	1	2	2	0	1	2	2	1	1
562.42790	1	2	2	2	0	0	2	2	0	0	2	2	0	0
562.42791	1	2	2	2	1	2	2	2	0	1	2	2	1	1
562.42792	1	2	2	2	1	2	2	2	0	1	2	2	1	1
562.42794	1	2	2	2	1	0	2	2	0	0	2	2	0	1
562.42797	1	2	2	2	1	2	2	2	0	1	2	2	1	1
562.42799	1	2	2	2	0	0	2	2	0	0	2	2	1	1
562.42800	1	2	2	2	1	2	2	2	0	1	2	2	1	1
562.42801	1	2	2	2	1	2	2	2	0	1	2	2	1	1
562.42802	1	2	2	2	1	1	2	2	0	1	2	2	1	1
562.42803	1	2	2	2	1	2	2	2	0	1	2	2	1	1
562.42804	1	2	2	2	1	2	2	2	0	1	2	2	1	1
562.42805	1	2	2	2	1	2	2	2	0	1	2	2	1	1
562.42806	1	2	2	2	1	1	2	2	0	1	2	2	1	1
562.42807	1	2	2	2	1	1	2	2	0	1	2	2	1	1
562.42808	1	2	2	2	1	2	2	2	0	1	2	2	1	1
562.42809	1	2	2	2	1	0	2	2	0	1	2	2	0	1
562.42810	1	2	2	2	1	1	2	2	0	1	2	2	1	1
562.42812	1	2	2	2	1	2	2	2	0	1	2	2	1	1
562.42813	1	2	2	2	1	2	2	2	0	1	2	2	1	1
562.42814	1	2	2	2	1	2	2	2	0	1	2	2	0	1
562.42816	1	2	2	2	1	0	2	2	0	0	2	2	1	1
562.42817	1	2	2	2	1	2	2	2	0	1	2	2	1	1
562.42818	1	2	2	2	1	0	2	2	0	1	2	2	1	1
562.42819	1	2	2	2	1	0	2	2	0	1	2	2	1	1
562.42820	1	1	0	1	1	1	2	2	1	0	1	2	1	1
562.42821	1	1	2	1	1	0	2	2	1	1	1	2	1	1
562.42822	1	1	1	1	1	1	2	2	1	0	1	2	1	1
562.42823	1	1	1	1	1	1	2	2	1	0	1	2	1	1
562.42824	1	1	1	1	1	1	2	2	1	1	1	2	1	1
562.42825	1	1	0	1	1	0	2	2	1	0	1	2	0	1
562.42826	1	2	1	1	1	1	2	2	1	2	1	2	0	1
562.42827	1	1	1	1	1	1	2	2	1	0	1	2	0	1
562.42828	1	2	1	1	1	2	2	2	1	2	1	2	0	1
562.42829	1	1	0	1	1	1	2	2	1	0	1	2	0	1
562.42830	1	1	1	1	1	1	2	2	2	2	1	2	0	1
562.42831	1	0	2	1	1	0	2	2	1	0	1	2	1	1
562.42832	1	2	2	1	1	0	2	2	1	0	1	2	1	1
562.42833	1	1	0	1	1	1	2	2	1	0	1	2	1	1
562.42834	1	1	1	2	1	1	2	2	1	1	1	2	1	1
562.42837	1	1	0	0	0	0	2	2	0	0	0	2	0	0
562.42839	1	0	0	0	0	0	2	2	0	0	0	2	0	1
562.42840	1	0	2	1	1	1	2	2	1	1	1	2	0	1
562.42841	1	2	1	1	1	1	2	2	2	1	1	2	1	1
562.42843	1	0	1	1	1	1	2	2	1	0	1	2	1	1
562.42848	1	0	0	0	0	0	2	2	0	0	0	2	1	1
562.42849	1	2	2	1	1	1	2	2	0	1	1	2	1	1
562.42850	1	0	2	1	1	1	2	2	0	0	1	2	1	1
562.42852	1	0	0	1	1	1	2	2	0	0	1	2	1	1
562.42853	1	0	1	1	1	2	2	2	1	1	1	2	1	1
562.42854	1	1	1	1	1	1	2	2	2	1	1	2	0	1
562.42855	1	0	0	1	1	1	2	2	0	0	1	2	1	1
562.42858	1	2	0	1	0	0	2	2	0	0	0	2	1	1
562.42859	1	1	0	1	1	0	2	2	0	0	1	2	0	1
562.42861	1	2	1	1	1	1	2	2	0	0	1	2	0	1
562.42862	1	0	0	1	1	1	2	2	0	0	1	2	1	1
562.42863	1	0	1	1	1	1	2	2	0	0	1	2	1	1
562.42864	1	1	0	0	1	2	2	2	0	0	0	2	1	1
562.42866	1	1	1	1	1	0	2	2	1	1	1	2	0	1
562.42867	1	1	1	1	1	1	2	2	1	0	1	2	1	1
562.42868	1	1	1	1	1	1	2	2	1	0	1	2	1	1
562.42869	1	1	0	1	1	0	2	2	2	0	1	2	1	1
562.42872	1	1	2	1	1	1	2	2	1	1	1	2	1	1
562.42873	1	1	1	1	1	1	2	2	1	1	1	2	1	1
562.45395	1	2	2	2	2	1	2	2	2	2	2	2	1	1
562.45396	1	2	2	2	2	0	2	2	2	1	2	2	1	1
562.45397	1	2	2	2	2	0	2	2	2	0	2	2	1	2
562.45399	1	2	2	2	2	0	2	2	2	0	2	2	0	1
562.45400	1	2	2	2	2	0	2	2	2	1	2	2	1	1
562.45401	1	2	2	2	2	1	2	2	2	0	2	2	1	1
562.45403	1	2	2	2	2	0	2	2	2	2	2	2	0	1
562.45404	1	2	2	2	2	2	2	2	2	1	2	2	1	1
562.45845	1	1	1	1	2	1	2	2	1	1	2	2	1	1
562.45847	1	2	2	2	1	0	2	2	2	1	2	2	2	1
562.45848	1	2	0	2	1	0	2	2	2	0	2	2	2	1
562.45849	1	2	0	2	1	2	2	2	2	1	2	2	2	1
562.45850	1	2	0	2	1	2	2	2	2	1	2	2	2	1
562.45851	1	2	0	2	0	0	2	2	2	0	2	2	2	1
562.45910	1	2	0	2	1	1	2	2	2	0	2	2	2	1
562.45916	1	2	1	2	1	1	2	2	2	1	2	2	2	1
1328432.3	0	0	2	0	2	2	2	2	2	0	0	2	0	0
562.12961	0	0	2	1	1	0	2	0	0	1	2	1	2	1
562.16325	0	2	1	1	1	1	2	2	1	1	1	2	1	1
562.16326	0	1	1	1	2	1	2	2	1	0	1	2	1	1
562.22428	0	0	0	0	0	0	2	0	0	0	0	1	2	0
562.22430	0	0	0	0	0	0	2	0	0	0	0	0	2	0
562.22433	0	0	0	0	0	0	2	0	0	0	0	0	2	0
562.22435	0	0	0	0	0	0	2	1	1	0	0	0	2	1
562.22436	0	0	0	0	0	0	2	1	0	0	0	0	2	1
562.22437	0	0	0	0	0	0	2	1	0	0	0	0	2	1
562.22438	0	0	0	0	0	0	2	0	0	0	0	0	2	0
562.22439	0	0	0	0	0	0	2	0	0	0	0	0	2	0
562.22441	0	0	0	0	0	0	2	0	1	0	0	0	2	1
562.22443	0	0	0	0	0	0	2	1	0	0	0	1	2	1
562.22444	0	0	0	0	0	0	2	0	0	0	0	0	2	0
562.22445	0	0	2	0	0	0	2	0	0	1	0	0	2	1
562.22446	0	0	0	0	0	0	2	0	0	0	0	0	2	0
562.22447	0	0	0	0	0	0	2	1	0	0	0	0	2	1
562.22448	0	0	0	0	0	0	2	0	0	0	0	0	2	0
562.22449	0	0	0	0	0	0	2	0	0	0	0	0	2	0
562.22450	0	0	0	0	0	0	2	0	0	0	0	0	2	0
562.22451	0	0	0	0	0	0	2	0	0	0	0	0	2	0
562.22452	0	0	0	0	0	0	2	0	0	0	0	0	2	0
562.22453	0	0	0	0	0	0	2	0	0	0	0	0	2	0
562.22454	0	0	0	0	0	0	2	0	0	0	0	0	2	1
562.22458	0	0	0	0	0	0	2	0	0	0	0	0	2	0
562.22459	0	0	0	0	0	0	2	0	2	0	0	0	2	0
562.22461	0	0	0	0	0	0	2	1	0	0	0	0	2	1
562.22462	0	0	0	0	0	0	2	0	0	0	0	0	2	1
562.22463	0	0	0	0	0	0	2	0	0	0	0	0	2	0
562.22464	0	2	0	0	0	0	2	0	0	0	0	0	2	1
562.22466	0	0	0	0	0	0	2	1	0	0	0	0	2	1
562.22467	0	0	0	0	0	0	2	0	0	0	0	0	2	1
562.22468	0	0	0	0	0	0	2	0	0	0	0	0	2	0
562.22470	0	0	0	0	0	0	2	1	0	0	0	0	2	0
562.22473	0	0	0	0	0	0	2	0	0	0	0	0	2	0
562.22474	0	0	0	0	0	0	2	0	0	0	0	0	2	1
562.22476	0	0	1	0	0	0	2	1	0	1	0	0	2	1
562.22477	0	0	0	0	0	0	2	0	0	0	0	0	2	0
562.22480	0	0	0	0	0	0	2	1	0	0	0	0	2	1
562.22482	0	0	0	0	0	0	2	0	0	0	0	0	2	0
562.22485	0	0	0	0	0	0	2	1	0	0	0	0	2	1
562.22486	0	0	0	0	0	0	2	0	0	0	0	0	2	0
562.22487	0	0	0	0	0	0	2	0	0	0	0	0	2	0
562.22489	0	0	0	0	0	0	2	0	0	0	0	0	2	0
562.22490	0	0	0	0	0	0	2	0	0	0	0	0	2	1
562.22492	0	0	0	0	0	0	2	0	0	0	0	0	2	0
562.22493	0	0	0	0	0	0	2	0	0	0	0	0	2	0
562.22494	0	0	0	0	0	0	2	0	0	0	0	0	2	0
562.22497	0	0	0	0	0	0	2	0	0	0	0	0	2	0
562.22498	0	0	0	0	0	0	2	0	0	0	0	0	2	0
562.22500	0	0	0	0	0	0	2	2	0	0	0	0	2	1
562.22502	0	0	0	0	0	0	2	0	0	0	0	0	2	0
562.22504	0	0	0	0	0	0	2	0	0	0	0	0	2	0
562.22505	0	0	0	0	0	0	2	0	1	0	0	0	2	1
562.22506	0	0	0	0	0	0	2	0	0	0	0	0	2	0
562.22507	0	0	0	0	0	0	2	0	0	0	0	0	2	0
562.22508	0	0	0	0	0	0	2	1	0	0	0	0	2	1
562.22509	0	0	0	0	0	0	2	0	0	0	0	0	2	0
562.22510	0	0	0	0	0	0	2	0	0	0	0	0	2	0
562.22511	0	0	0	0	0	0	2	0	0	0	0	0	2	0
562.22512	0	0	0	0	0	0	2	0	0	0	0	0	2	1
562.22513	0	0	0	0	0	0	2	0	0	0	0	0	2	0
562.22514	0	0	0	0	0	0	2	0	0	0	0	0	2	0
562.22515	0	0	0	0	0	0	2	0	0	0	0	0	2	1
562.22516	0	0	0	0	0	0	2	1	0	0	0	0	2	1
562.22517	0	0	0	0	0	0	2	0	0	0	0	0	2	0
562.22519	0	0	0	0	0	0	2	0	0	0	0	0	2	1
562.22520	0	0	0	0	0	0	2	1	0	0	0	0	2	1
562.22521	0	0	0	0	0	0	2	1	1	0	0	1	2	1
562.22522	0	0	0	0	0	0	2	0	0	0	0	0	2	0
562.22523	0	0	2	0	0	0	2	0	0	2	0	0	2	0
562.22524	0	0	0	0	0	0	2	0	0	0	0	0	2	1
562.22525	0	0	0	0	0	0	2	0	0	0	0	0	2	1
562.22526	0	0	0	0	0	0	2	0	0	0	0	0	2	0
562.22528	0	0	0	0	0	0	2	0	0	0	0	0	2	1
562.22529	0	0	0	1	1	0	2	0	0	0	1	1	2	1
562.22530	0	0	0	0	0	0	2	0	0	0	0	0	2	0
562.22532	0	0	0	0	0	0	2	0	0	0	0	0	2	0
562.22533	0	0	0	0	0	0	2	0	0	0	0	0	2	0
562.22534	0	0	0	0	0	0	2	0	0	0	0	0	2	1
562.22535	0	0	0	0	2	2	2	0	0	0	1	1	2	1
562.22537	0	2	0	0	0	0	2	0	0	0	0	1	2	1
562.22538	0	0	0	0	0	0	2	1	0	0	0	0	2	1
562.22540	0	0	0	0	0	0	2	0	0	0	0	0	2	1
562.22542	0	0	0	0	0	0	2	0	0	0	0	0	2	0
562.22544	0	0	0	0	0	0	2	1	0	0	0	0	2	1
562.22545	0	0	0	0	0	0	2	0	1	0	0	0	2	1
562.22546	0	0	0	0	0	0	2	1	0	0	0	0	2	1
562.22547	0	0	0	0	2	0	2	1	0	0	1	1	2	1
562.22548	0	0	0	0	0	0	2	0	0	0	0	0	2	1
562.22549	0	0	0	0	0	0	2	0	0	0	0	0	2	0
562.22550	0	0	0	0	0	0	2	0	0	0	0	0	2	1
562.22552	0	0	0	0	0	0	2	1	0	0	0	0	2	1
562.22553	0	0	0	0	0	0	2	0	0	0	0	0	2	0
562.22554	0	0	0	0	0	0	2	1	1	0	0	0	2	1
562.22555	0	0	0	0	0	0	2	0	0	0	0	0	2	0
562.22556	0	0	0	0	0	0	2	0	0	0	0	0	2	0
562.22557	0	0	0	0	0	0	2	0	0	0	0	0	2	1
562.22558	0	0	0	0	0	0	2	0	0	0	0	0	2	0
562.22559	0	0	0	0	0	0	2	0	0	0	0	0	2	1
562.22561	0	0	0	0	0	0	2	0	0	0	0	0	2	1
562.22562	0	0	0	0	0	0	2	1	0	0	0	1	2	1
562.22563	0	0	0	0	0	0	2	0	0	0	0	0	2	0
562.22564	0	0	0	0	0	0	2	0	0	0	0	0	2	1
562.22566	0	0	0	0	0	0	2	1	0	0	0	0	2	1
562.22567	0	0	0	0	0	0	2	1	0	0	0	0	2	1
562.22568	0	0	0	0	0	0	2	2	0	0	0	0	2	0
562.22569	0	0	0	0	0	0	2	0	0	0	0	1	2	1
562.22570	0	0	0	0	0	0	2	1	0	0	0	0	2	0
562.22571	0	0	0	0	0	0	2	0	0	0	0	0	2	0
562.22572	0	0	0	0	0	0	2	0	0	0	0	1	2	1
562.22573	0	0	0	0	0	0	2	0	0	0	0	0	2	0
562.22574	0	0	0	0	0	0	2	0	0	0	0	0	2	0
562.22576	0	0	0	0	0	0	2	0	0	0	0	0	2	0
562.22577	0	0	0	0	0	0	2	0	0	0	0	0	2	1
562.22578	0	0	0	0	0	0	2	0	0	0	0	0	2	0
562.22579	0	0	0	0	0	0	2	0	1	0	0	0	2	1
562.22580	0	0	0	0	0	0	2	0	0	0	0	0	2	0
562.22581	0	0	0	0	0	0	2	1	0	0	0	0	2	1
562.22584	0	0	0	0	0	0	2	0	1	0	0	0	2	1
562.22585	0	0	0	0	0	0	2	0	0	0	0	0	2	0
562.22587	0	0	0	0	0	0	2	1	1	0	0	0	2	1
562.22589	0	0	0	0	0	0	2	0	0	0	0	0	2	0
562.22590	0	0	0	0	0	0	2	0	0	0	0	0	2	0
562.22591	0	0	0	0	0	0	2	0	0	0	0	0	2	0
562.22592	0	2	0	0	0	0	2	0	1	0	0	1	2	1
562.22593	0	0	0	0	0	0	2	0	0	0	0	0	2	1
562.22594	0	0	0	0	0	0	2	0	0	0	0	0	2	0
562.22597	0	0	0	0	0	0	2	0	0	0	0	0	2	1
562.22598	0	0	0	0	0	0	2	0	0	0	0	0	2	0
562.22599	0	0	0	0	0	0	2	0	0	0	0	0	2	0
562.22600	0	0	0	0	0	0	2	0	0	0	0	0	2	0
562.22603	0	0	0	0	0	0	2	0	0	0	0	0	2	0
562.22604	0	0	0	0	0	0	2	0	0	0	0	0	2	0
562.22605	0	0	0	0	0	0	2	1	0	0	0	0	2	1
562.22606	0	0	0	0	0	0	2	0	0	0	0	0	2	0
562.22607	0	0	0	0	0	0	2	1	0	0	0	0	2	1
562.22608	0	0	0	0	0	0	2	0	0	0	0	0	2	0
562.22609	0	0	0	0	0	0	2	0	0	0	0	0	2	0
562.22610	0	0	0	0	0	0	2	0	0	0	0	0	2	0
562.22612	0	0	0	0	0	0	2	0	0	0	0	0	2	1
562.22613	0	0	0	0	0	0	2	0	0	0	0	0	2	0
562.22614	0	0	0	0	0	0	2	0	0	0	0	0	2	0
562.22615	0	0	0	0	0	0	2	0	0	0	0	0	2	0
562.22617	0	0	0	0	0	0	2	0	0	0	0	0	2	0
562.22618	0	0	0	0	0	2	2	1	0	0	2	1	2	1
562.22621	0	0	0	0	0	0	2	0	0	0	0	0	2	0
562.22623	0	0	0	0	0	0	2	0	0	0	0	0	2	0
562.22624	0	0	0	0	0	0	2	0	0	0	0	0	2	0
562.22625	0	0	0	0	0	0	2	0	0	0	0	0	2	0
562.22627	0	0	0	0	0	0	2	0	0	0	0	0	2	0
562.22628	0	2	0	0	0	0	2	0	0	0	0	0	2	0
562.22629	0	0	0	0	0	0	2	0	0	0	0	0	2	0
562.22632	0	0	0	0	0	0	2	0	1	0	0	0	2	1
562.22633	0	0	0	0	0	0	2	0	0	0	0	0	2	0
562.22634	0	0	0	0	0	0	2	1	0	0	0	0	2	1
562.22635	0	2	1	0	0	0	2	1	0	1	0	1	2	1
562.22637	0	0	0	0	0	0	2	0	0	0	0	0	2	0
562.22638	0	0	0	0	0	0	2	0	0	0	0	0	2	1
562.22639	0	0	0	0	0	0	2	1	0	0	0	0	2	1
562.22640	0	0	0	0	0	0	2	1	0	0	0	0	2	1
562.22641	0	0	0	0	0	0	2	0	0	0	0	0	2	0
562.22643	0	2	0	0	2	0	2	0	0	0	0	1	2	1
562.22644	0	0	0	0	0	0	2	0	0	0	0	0	2	1
562.22645	0	0	0	0	0	0	2	0	0	0	0	0	2	0
562.22646	0	0	0	0	0	0	2	1	0	0	0	0	2	1
562.22648	0	0	0	0	0	0	2	0	0	0	0	0	2	1
562.22649	0	0	0	0	0	0	2	0	0	0	0	0	2	0
562.22652	0	0	0	0	0	0	2	1	0	0	0	0	2	1
562.22653	0	0	0	0	0	0	2	0	0	0	0	0	2	1
562.22654	0	0	0	0	0	0	2	0	0	0	0	0	2	1
562.22656	0	0	0	0	0	0	2	0	0	0	0	0	2	1
562.22658	0	0	0	0	0	0	2	0	0	0	0	0	2	1
562.22659	0	0	0	0	0	0	2	0	0	0	0	0	2	0
562.22660	0	0	0	0	0	0	2	0	0	0	0	0	2	0
562.22661	0	2	0	0	0	0	2	0	0	0	0	1	2	1
562.22662	0	0	0	0	0	0	2	0	0	0	0	0	2	1
562.22663	0	0	0	0	0	0	2	0	0	0	0	0	2	0
562.22664	0	0	0	0	0	0	2	0	0	0	0	0	2	0
562.22665	0	0	0	0	0	0	2	0	0	0	0	0	2	0
562.22666	0	0	0	0	0	0	2	0	0	0	0	0	2	0
562.22667	0	2	0	0	0	0	2	0	0	0	0	1	2	1
562.22668	0	0	0	0	0	0	2	0	0	0	0	0	2	0
562.22670	0	0	0	0	0	0	2	0	0	0	0	0	2	0
562.22671	0	0	0	0	0	0	2	0	0	0	0	0	2	1
562.22673	0	0	0	0	0	0	2	0	0	0	0	0	2	0
562.22674	0	0	0	0	0	0	2	0	0	0	0	0	2	0
562.22675	0	0	0	0	0	0	2	0	0	0	0	0	2	0
562.22676	0	0	0	0	0	0	2	1	0	0	0	0	2	1
562.22678	0	0	0	0	0	0	2	0	0	0	0	1	2	0
562.22679	0	2	0	0	0	0	2	0	0	0	0	0	2	0
562.22681	0	0	0	0	0	0	2	0	0	0	0	0	2	1
562.22682	0	0	0	0	0	0	2	0	0	0	0	0	2	1
562.22683	0	0	0	0	0	0	2	0	0	0	0	0	2	1
562.22684	0	0	0	0	0	0	2	0	0	0	0	0	2	1
562.22686	0	0	0	0	0	0	2	0	0	0	0	0	2	1
562.22687	0	0	0	0	0	0	2	0	0	0	0	0	2	1
562.22688	0	0	0	0	0	0	2	1	0	0	0	0	2	1
562.22689	0	0	2	0	0	0	2	1	0	2	0	0	2	1
562.22690	0	0	0	0	0	0	2	0	0	0	0	0	2	0
562.22692	0	0	0	0	0	0	2	1	0	0	0	0	2	1
562.22693	0	0	0	0	0	0	2	1	0	0	0	0	2	1
562.22695	0	0	0	0	0	0	2	1	0	0	0	0	2	1
562.22696	0	0	0	0	2	2	2	0	0	0	1	1	2	1
562.22697	0	0	0	0	0	0	2	0	0	0	0	0	2	0
562.22698	0	0	0	0	0	0	2	0	0	0	0	0	2	0
562.22699	0	0	0	0	0	0	2	0	0	0	0	0	2	0
562.22701	0	0	0	0	0	0	2	0	0	0	0	0	2	1
562.22702	0	0	0	0	0	0	2	0	0	0	0	0	2	1
562.22703	0	0	0	0	0	0	2	1	0	0	0	0	2	1
562.22704	0	0	0	0	0	0	2	0	0	0	0	0	2	0
562.22705	0	0	0	0	0	0	2	0	0	0	0	0	2	0
562.22706	0	0	0	0	0	0	2	1	0	0	0	0	2	0
562.22707	0	0	0	0	0	0	2	1	1	0	0	0	2	1
562.22709	0	0	0	0	0	0	2	0	0	0	0	0	2	0
562.22710	0	0	0	0	0	0	2	0	0	0	0	0	2	0
562.22711	0	0	0	0	0	0	2	0	1	0	0	0	2	1
562.22712	0	0	0	0	0	0	2	0	0	0	0	0	2	0
562.22713	0	0	0	0	0	0	2	0	0	0	0	0	2	1
562.22714	0	0	0	0	0	0	2	1	0	0	0	0	2	1
562.22715	0	0	0	0	0	0	2	0	0	0	0	0	2	1
562.22716	0	0	0	0	0	0	2	0	0	0	0	0	2	1
562.22719	0	0	0	0	0	0	2	0	0	0	0	0	2	0
562.22720	0	0	0	0	0	0	2	0	0	0	0	0	2	0
562.22722	0	0	0	0	0	0	2	1	1	0	0	0	2	1
562.22723	0	0	0	0	0	0	2	1	0	0	0	0	2	1
562.22725	0	0	0	0	0	0	2	0	0	0	0	0	2	0
562.22726	0	0	0	0	0	0	2	0	0	0	0	0	2	0
562.22727	0	0	0	0	0	0	2	0	0	0	0	0	2	1
562.22728	0	0	0	0	0	0	2	1	0	0	0	0	2	1
562.22729	0	0	0	0	0	0	2	0	0	0	0	0	2	1
562.22730	0	0	0	0	0	0	2	0	0	0	0	0	2	0
562.22731	0	0	0	0	0	0	2	0	0	0	0	0	2	0
562.22732	0	0	0	0	0	0	2	0	0	0	0	0	2	0
562.22734	0	0	0	0	0	0	2	1	0	0	0	0	2	1
562.22735	0	0	0	0	0	0	2	0	0	0	0	0	2	1
562.22736	0	0	0	0	0	0	2	0	0	0	0	0	2	0
562.22737	0	0	0	0	0	0	2	0	0	0	0	0	2	0
562.22738	0	0	0	0	0	0	2	0	0	0	0	0	2	0
562.22740	0	0	0	0	0	0	2	0	0	0	0	0	2	0
562.22741	0	0	0	0	0	0	2	1	0	0	0	0	2	1
562.22742	0	0	0	0	0	0	2	1	0	0	0	0	2	1
562.22743	0	1	0	0	0	0	2	0	0	0	0	1	2	1
562.22744	0	0	0	0	0	0	2	0	0	0	0	0	2	1
562.22745	0	0	0	0	0	0	2	0	1	0	0	0	2	1
562.22747	0	0	0	0	0	0	2	1	0	0	0	0	2	1
562.22748	0	0	0	0	0	0	2	1	0	0	0	0	2	1
562.22749	0	0	0	0	0	0	2	0	0	0	0	0	2	1
562.22750	0	0	0	0	0	0	2	0	1	0	0	0	2	1
562.22751	0	0	0	0	0	0	2	1	0	0	0	0	2	1
562.22752	0	0	0	0	0	0	2	1	0	0	0	0	2	1
562.22753	0	0	0	0	0	0	2	0	0	0	0	0	2	0
562.22755	0	0	0	0	0	0	2	1	0	0	0	0	2	1
562.22756	0	0	0	0	0	0	2	0	0	0	0	0	2	1
562.22757	0	0	0	0	0	0	2	0	0	0	0	0	2	1
562.22758	0	0	0	0	0	0	2	1	2	0	0	0	2	1
562.22759	0	0	0	0	0	0	2	0	1	0	0	0	2	1
562.22760	0	0	0	0	0	0	2	0	0	0	0	0	2	0
562.22762	0	0	0	0	0	0	2	0	0	0	0	0	2	0
562.22763	0	0	0	0	0	0	2	0	0	0	0	0	2	0
562.22764	0	2	0	2	1	1	2	1	0	0	1	1	2	1
562.22766	0	0	1	0	0	0	2	1	0	1	0	0	2	1
562.22769	0	0	0	0	0	0	2	1	0	0	0	0	2	0
562.22771	0	0	0	0	0	0	2	1	0	0	0	0	2	1
562.22772	0	0	0	0	0	0	2	1	0	0	0	0	2	1
562.22773	0	0	0	0	0	0	2	0	0	0	0	0	2	0
562.22774	0	0	0	0	0	0	2	0	1	0	0	0	2	1
562.22775	0	0	0	0	0	0	2	1	0	0	0	0	2	1
562.22776	0	0	0	0	0	0	2	0	0	0	0	0	2	0
562.22777	0	0	0	0	0	0	2	0	0	0	0	0	2	0
562.22778	0	0	1	0	0	0	2	0	0	1	0	0	2	1
562.22779	0	0	0	0	0	0	2	0	0	0	0	0	2	0
562.22780	0	0	0	0	0	0	2	0	0	0	0	0	2	1
562.22781	0	0	0	0	0	0	2	0	0	0	0	0	2	0
562.22782	0	0	0	0	0	0	2	0	0	0	0	0	2	1
562.22784	0	0	0	0	0	0	2	0	0	0	0	0	2	1
562.22785	0	0	0	0	0	0	2	0	0	0	0	0	2	1
562.22786	0	0	0	0	0	0	2	1	0	0	0	0	2	1
562.22788	0	0	0	0	0	0	2	0	0	0	0	0	2	1
562.22789	0	0	0	0	0	0	2	0	0	0	0	0	2	1
562.22790	0	0	0	0	0	0	2	0	0	0	0	0	2	0
562.22791	0	0	0	0	0	0	2	0	0	0	0	0	2	0
562.22792	0	0	0	0	0	0	2	1	0	0	0	0	2	1
562.22793	0	2	0	2	2	0	2	0	0	0	0	1	2	1
562.22795	0	0	0	0	0	0	2	0	0	0	0	0	2	0
562.22796	0	0	0	0	0	0	2	0	0	0	0	0	2	0
562.22798	0	0	0	0	0	0	2	0	0	0	0	0	2	0
562.22799	0	0	0	0	0	0	2	0	0	0	0	0	2	0
562.22800	0	0	0	0	0	0	2	0	0	0	0	1	2	1
562.22801	0	0	0	0	0	0	2	0	0	0	0	0	2	0
562.22802	0	0	0	0	0	0	2	1	0	0	0	0	2	1
562.22803	0	0	0	0	0	0	2	0	0	0	0	0	2	0
562.22804	0	0	0	0	0	0	2	0	0	0	0	0	2	0
562.22805	0	0	0	0	0	0	2	0	0	0	0	0	2	1
562.22807	0	0	0	0	0	0	2	0	0	0	0	0	2	1
562.22808	0	0	0	0	0	0	2	0	0	0	0	0	2	0
562.22809	0	0	0	0	0	0	2	0	0	0	0	0	2	0
562.22810	0	0	0	0	0	0	2	0	0	0	0	0	2	0
562.22812	0	0	0	0	0	0	2	0	0	0	0	0	2	1
562.22814	0	0	0	0	0	0	2	1	0	0	0	0	2	0
562.22815	0	0	0	0	0	0	2	1	0	0	0	0	2	1
562.22816	0	0	0	0	0	0	2	0	0	0	0	0	2	1
562.22817	0	0	0	0	0	0	2	0	0	0	0	0	2	0
562.22818	0	0	0	0	0	0	2	0	0	0	0	0	2	1
562.22819	0	0	0	0	0	0	2	0	0	0	0	0	2	1
562.22820	0	0	0	0	0	0	2	1	1	0	0	0	2	1
562.22823	0	0	0	0	0	0	2	0	0	0	0	0	2	0
562.22824	0	0	0	0	0	0	2	0	0	0	0	0	2	0
562.22825	0	0	0	0	0	0	2	0	0	0	0	0	2	1
562.22826	0	0	0	0	0	0	2	0	0	0	0	0	2	1
562.22827	0	0	0	0	0	0	2	0	0	0	0	0	2	0
562.22828	0	2	2	0	2	2	0	2	0	0	2	0	2	2
562.22829	0	2	2	0	2	2	0	2	0	0	2	0	2	2
562.22830	0	2	2	0	2	2	1	2	0	0	2	0	2	2
562.22831	0	2	2	0	2	2	1	2	0	0	2	0	2	2
562.22832	0	2	2	0	2	2	1	2	0	0	2	0	2	2
562.22833	0	2	2	0	2	2	0	2	0	0	2	0	2	2
562.22834	0	2	2	0	2	2	0	2	0	0	2	0	2	2
562.22835	0	2	2	0	2	2	1	2	0	0	2	0	2	2
562.22836	0	2	2	0	2	2	1	2	0	0	2	0	2	2
562.22837	0	2	2	0	2	2	0	2	0	0	2	0	2	2
562.22838	0	2	2	0	2	2	0	2	0	0	2	0	2	2
562.22839	0	2	2	0	2	2	0	2	0	0	2	0	2	2
562.22840	0	2	2	0	2	2	1	2	2	0	2	0	2	2
562.22841	0	2	2	0	2	2	1	2	0	0	2	0	2	2
562.22842	0	2	2	0	2	2	0	2	0	0	2	0	2	2
562.22844	0	2	2	0	2	2	0	2	0	0	2	0	2	2
562.22845	0	2	2	0	2	2	0	2	0	0	2	0	2	2
562.22846	0	2	2	0	2	2	0	2	0	0	2	0	2	2
562.22848	0	2	2	0	2	2	0	2	0	0	2	0	2	2
562.22849	0	2	2	0	2	2	0	2	0	0	2	0	2	2
562.22850	0	2	2	0	2	2	0	2	0	0	2	0	2	2
562.22851	0	2	2	0	2	2	0	2	0	0	2	0	2	2
562.22852	0	2	2	0	2	2	0	2	0	0	2	0	2	2
562.22853	0	2	2	0	2	2	1	2	0	0	2	0	2	2
562.22855	0	2	2	0	2	2	1	2	0	0	2	0	2	2
562.22856	0	2	2	0	2	2	1	2	0	0	2	0	2	2
562.22857	0	2	2	0	2	2	0	2	0	0	2	1	2	2
562.22858	0	2	2	0	2	2	1	2	0	0	2	0	2	2
562.22859	0	2	2	0	2	2	0	2	0	0	2	0	2	2
562.22861	0	2	2	0	2	2	1	2	0	0	2	0	2	2
562.22862	0	2	2	0	2	2	1	2	0	0	2	0	2	2
562.22863	0	2	2	0	2	2	0	2	0	0	2	0	2	2
562.22864	0	2	2	0	2	2	1	2	0	0	2	0	2	2
562.22866	0	2	2	0	2	2	1	2	0	0	2	0	2	2
562.22869	0	2	2	0	2	2	1	2	0	0	2	1	2	2
562.22870	0	2	2	0	2	2	1	2	0	0	2	1	2	2
562.22871	0	2	2	0	2	2	1	2	0	0	2	0	2	2
562.22872	0	0	0	0	0	0	2	0	0	0	0	0	2	1
562.22873	0	0	0	0	0	0	2	1	0	0	0	0	2	1
562.22874	0	0	0	0	0	0	2	0	0	0	0	0	2	0
562.22875	0	0	0	0	0	0	2	1	0	0	0	0	2	1
562.22876	0	0	0	0	0	0	2	0	0	0	0	0	2	1
562.22877	0	0	0	0	0	0	2	0	0	0	0	0	2	0
562.22878	0	0	0	0	0	0	2	0	0	0	0	0	2	0
562.22881	0	2	2	0	2	2	1	2	0	0	2	0	2	2
562.22882	0	2	2	0	2	2	1	2	0	0	2	1	2	2
562.22883	0	2	2	0	2	2	0	2	0	0	2	0	2	2
562.22884	0	2	2	0	2	2	1	2	0	0	2	0	2	2
562.22885	0	2	2	0	2	2	1	2	0	0	2	1	2	2
562.22886	0	2	2	0	2	2	0	2	0	0	2	0	2	2
562.22887	0	2	2	0	2	2	0	2	0	1	2	0	2	2
562.22888	0	2	2	0	2	2	1	2	0	0	2	0	2	2
562.22889	0	2	2	0	2	2	0	2	0	0	2	0	2	2
562.22890	0	2	2	0	2	2	0	2	2	0	2	0	2	2
562.22891	0	2	2	0	2	2	0	2	0	0	2	1	2	2
562.22892	0	2	2	0	2	2	1	2	0	1	2	0	2	2
562.22893	0	2	2	0	2	2	1	2	0	0	2	0	2	2
562.22894	0	2	2	0	2	2	1	2	0	0	2	0	2	2
562.22895	0	2	2	0	2	2	1	2	0	0	2	0	2	2
562.22896	0	2	2	0	2	2	1	2	0	0	2	0	2	2
562.22897	0	2	2	0	2	2	1	2	0	0	2	0	2	2
562.22898	0	2	2	0	2	2	1	2	0	0	2	0	2	2
562.22899	0	2	2	0	2	2	0	2	0	0	2	0	2	2
562.22900	0	2	2	0	2	2	1	2	0	0	2	0	2	2
562.22901	0	2	2	0	2	2	1	2	0	0	2	0	2	2
562.22902	0	2	2	0	2	2	1	2	0	0	2	0	2	2
562.22903	0	2	2	0	2	2	1	2	0	0	2	0	2	2
562.22904	0	2	2	0	2	2	0	2	0	0	2	0	2	2
562.22905	0	2	2	0	2	2	0	2	0	0	2	0	2	2
562.22906	0	2	2	0	2	2	0	2	0	0	2	0	2	2
562.22907	0	2	2	0	2	2	0	2	0	0	2	0	2	2
562.22908	0	2	2	0	2	2	1	2	0	0	2	0	2	2
562.22909	0	2	2	2	2	2	1	2	2	0	0	1	2	2
562.22910	0	2	2	0	2	2	0	2	0	0	0	0	2	2
562.22911	0	2	2	0	2	2	0	2	0	0	0	0	2	2
562.22912	0	2	2	0	2	2	0	2	0	0	0	0	2	2
562.22913	0	2	2	0	2	2	0	2	0	0	0	0	2	2
562.22914	0	2	2	0	2	2	1	2	1	0	0	0	2	2
562.22915	0	2	2	0	2	2	1	2	2	0	0	1	2	2
562.22916	0	2	2	0	2	2	0	2	0	0	0	0	2	2
562.22917	0	2	2	0	2	2	0	2	0	0	0	0	2	2
562.22919	0	2	2	0	2	2	1	2	0	0	0	0	2	2
562.22921	0	2	2	0	2	2	0	2	0	0	0	0	2	2
562.22922	0	2	2	0	2	2	0	2	0	0	0	0	2	2
562.22924	0	2	2	0	2	2	0	2	0	0	0	0	2	2
562.22925	0	2	2	0	2	2	1	2	0	0	0	0	2	2
562.22926	0	2	2	0	2	2	0	2	0	0	0	0	2	2
562.22928	0	2	2	0	2	2	0	2	0	0	0	0	2	2
562.22929	0	2	2	0	2	2	1	2	0	0	0	0	2	2
562.22930	0	2	2	0	2	2	1	2	0	0	0	0	2	2
562.22931	0	2	2	0	2	2	1	2	0	0	0	0	2	2
562.22932	0	2	2	0	2	2	1	2	0	0	0	0	2	2
562.22934	0	2	2	0	2	2	1	2	0	0	0	0	2	2
562.22935	0	2	2	0	2	2	0	2	0	0	0	0	2	2
562.22936	0	2	2	0	2	2	0	2	0	0	0	0	2	2
562.22937	0	2	2	0	2	2	0	2	0	0	0	0	2	2
562.22938	0	2	2	0	2	2	0	2	0	0	0	0	2	2
562.22939	0	2	2	0	2	2	0	2	1	0	0	0	2	2
562.22940	0	2	2	0	2	2	0	2	0	0	0	0	2	2
562.22941	0	2	2	0	2	2	1	2	1	0	0	1	2	2
562.22943	0	2	2	0	2	2	0	2	0	0	0	0	2	2
562.22944	0	2	2	0	2	2	1	2	0	0	0	0	2	2
562.22945	0	2	2	0	2	2	0	2	0	0	0	0	2	2
562.22946	0	2	2	0	2	2	1	2	0	0	0	0	2	2
562.22947	0	2	2	0	2	2	0	2	0	0	0	0	2	2
562.22948	0	2	2	0	2	2	0	2	0	0	0	0	2	2
562.22949	0	2	2	0	2	2	1	2	0	0	0	0	2	2
562.22950	0	2	2	0	2	2	0	2	0	0	0	0	2	2
562.22951	0	2	2	0	2	2	0	2	0	0	0	0	2	2
562.22952	0	2	2	0	2	2	0	2	0	0	0	0	2	2
562.22953	0	2	2	0	2	2	0	2	0	0	0	0	2	2
562.22954	0	2	2	0	2	2	0	2	0	0	0	0	2	2
562.22955	0	2	2	0	2	2	1	2	0	0	0	0	2	2
562.22956	0	2	2	0	2	2	0	2	0	0	0	0	2	2
562.22957	0	2	2	0	2	2	1	2	0	0	0	0	2	2
562.22958	0	2	2	0	2	2	1	2	0	0	0	0	2	2
562.22959	0	2	2	0	2	2	1	2	0	0	0	0	2	2
562.22960	0	2	2	0	2	2	1	2	0	0	0	0	2	2
562.22961	0	2	2	0	2	2	1	2	0	0	0	0	2	2
562.22962	0	2	2	0	2	2	1	2	0	0	0	0	2	2
562.22963	0	2	2	0	2	2	1	2	0	2	0	0	2	2
562.22964	0	2	2	0	2	2	1	2	0	0	0	0	2	2
562.22965	0	2	2	0	2	2	1	2	0	0	0	0	2	2
562.22966	0	2	2	0	2	2	1	2	0	0	0	0	2	2
562.22967	0	2	2	0	2	2	1	2	0	0	0	0	2	2
562.22968	0	2	2	0	2	2	1	2	0	0	0	0	2	2
562.22969	0	2	2	0	2	2	1	2	0	0	0	0	2	2
562.22970	0	2	2	0	2	2	1	2	0	0	0	0	2	2
562.22971	0	2	2	0	2	2	1	2	0	0	0	0	2	2
562.22972	0	2	2	0	2	2	1	2	2	0	0	0	2	2
562.22973	0	2	2	0	2	2	1	2	0	0	0	0	2	2
562.22974	0	2	2	0	2	2	0	2	0	0	0	0	2	2
562.22975	0	2	2	0	2	2	1	2	0	0	0	0	2	2
562.22976	0	2	2	0	2	2	1	2	0	0	0	0	2	2
562.22977	0	2	2	0	2	2	0	2	0	0	0	0	2	2
562.22978	0	2	2	0	2	2	1	2	0	0	0	0	2	2
562.22979	0	2	2	0	2	2	1	2	0	1	0	0	2	2
562.22980	0	2	2	0	2	2	0	2	0	0	0	0	2	2
562.22981	0	2	2	0	2	2	1	2	0	0	0	0	2	2
562.22982	0	2	2	0	2	2	1	2	0	0	0	0	2	2
562.22983	0	2	2	0	2	2	1	2	0	0	0	0	2	2
562.22984	0	2	2	1	2	2	1	2	0	2	1	1	2	2
562.22985	0	2	2	0	2	2	1	2	0	0	0	0	2	2
562.22986	0	2	2	0	2	2	0	2	0	0	0	0	2	2
562.22987	0	2	2	0	2	2	0	2	0	0	0	0	2	2
562.22988	0	2	2	0	2	2	0	2	0	0	0	0	2	2
562.22989	0	2	2	0	2	2	0	2	0	0	0	1	2	2
562.22990	0	2	2	0	2	2	0	2	0	0	0	0	2	2
562.22991	0	2	2	0	2	2	1	2	0	0	0	0	2	2
562.22992	0	2	2	0	2	2	1	2	0	0	0	0	2	2
562.22993	0	2	2	0	2	2	1	2	0	0	0	0	2	2
562.22994	0	2	2	0	2	2	0	2	0	0	0	0	2	2
562.22995	0	2	2	0	2	2	0	2	0	0	0	0	2	2
562.22996	0	2	2	0	2	2	0	2	0	0	0	0	2	2
562.22998	0	2	2	0	2	2	0	2	0	0	0	0	2	2
562.22999	0	2	2	0	2	2	1	2	0	0	0	0	2	2
562.23000	0	2	2	0	2	2	1	2	0	0	0	0	2	2
562.23001	0	2	2	0	2	2	1	2	0	0	0	0	2	2
562.23002	0	2	2	0	2	2	1	2	0	0	0	0	2	2
562.23003	0	2	2	0	2	2	1	2	0	0	0	0	2	2
562.23004	0	2	2	0	2	2	1	2	0	0	0	0	2	2
562.23005	0	2	2	0	2	2	1	2	0	0	0	0	2	2
562.23006	0	2	2	0	2	2	0	2	0	0	0	0	2	2
562.23007	0	2	2	0	2	2	0	2	0	0	0	0	2	2
562.23008	0	2	2	0	2	2	1	2	0	0	0	0	2	2
562.23009	0	2	2	0	2	2	0	2	0	0	0	0	2	2
562.23010	0	2	2	0	2	2	1	2	0	0	0	0	2	2
562.23011	0	2	2	0	2	2	1	2	1	2	0	1	2	2
562.23012	0	2	2	0	2	2	1	2	0	0	0	0	2	2
562.23013	0	2	2	0	2	2	1	2	0	0	0	0	2	2
562.23014	0	2	2	0	2	2	0	2	0	0	0	0	2	2
562.23015	0	2	2	0	2	2	0	2	0	0	0	0	2	2
562.23016	0	2	2	0	2	2	0	2	0	0	0	0	2	2
562.23017	0	2	2	0	2	2	0	2	0	0	0	0	2	2
562.23018	0	2	2	0	2	2	1	2	0	0	0	0	2	2
562.23019	0	2	2	0	2	2	1	2	0	0	0	0	2	2
562.23020	0	2	2	0	2	2	1	2	1	0	0	0	2	2
562.23021	0	2	2	0	2	2	0	2	0	0	0	0	2	2
562.23022	0	2	2	0	2	2	1	2	0	0	0	0	2	2
562.23023	0	2	2	0	2	2	1	2	1	0	0	1	2	2
562.23025	0	2	2	0	2	2	1	2	0	0	0	0	2	2
562.23026	0	2	2	0	2	2	1	2	0	0	0	0	2	2
562.23027	0	2	2	0	2	2	0	2	0	0	0	0	2	2
562.23030	0	2	2	0	2	2	1	2	0	0	0	0	2	2
562.23031	0	2	2	0	2	2	1	2	1	0	0	0	2	2
562.23032	0	2	2	0	2	2	1	2	1	0	0	0	2	2
562.23033	0	2	2	0	2	2	0	2	0	0	0	0	2	2
562.23034	0	2	2	0	2	2	0	2	0	0	0	0	2	2
562.23035	0	2	2	0	2	2	1	2	0	0	0	0	2	2
562.23036	0	2	2	0	2	2	1	2	0	0	0	0	2	2
562.23037	0	2	2	0	2	2	0	2	0	0	0	0	2	2
562.23038	0	2	2	0	2	2	0	2	0	0	0	0	2	2
562.23039	0	2	2	0	2	2	1	2	0	0	0	0	2	2
562.23040	0	2	2	0	2	2	1	2	0	0	0	0	2	2
562.23041	0	2	2	0	2	2	1	2	0	0	0	0	2	2
562.23042	0	2	2	0	2	2	0	2	0	0	0	0	2	2
562.23043	0	2	2	0	2	2	0	2	0	0	0	0	2	2
562.23044	0	2	2	0	2	2	0	2	0	0	0	0	2	2
562.23045	0	2	2	0	2	2	0	2	0	0	0	1	2	2
562.23046	0	2	2	1	2	2	1	2	0	0	1	1	2	2
562.23048	0	2	2	0	2	2	0	2	0	0	0	1	2	2
562.23049	0	2	2	0	2	2	0	2	0	0	0	0	2	2
562.23050	0	2	2	0	2	2	0	2	0	0	0	0	2	2
562.23051	0	2	2	0	2	2	1	2	0	0	0	0	2	2
562.23052	0	2	2	0	2	2	1	2	0	0	0	0	2	2
562.23054	0	2	2	0	2	2	1	2	1	0	0	0	2	2
562.23055	0	2	2	0	2	2	0	2	0	0	0	0	2	2
562.23056	0	2	2	0	2	2	0	2	0	0	0	0	2	2
562.23057	0	2	2	0	2	2	0	2	0	0	0	0	2	2
562.23058	0	2	2	0	2	2	1	2	0	0	0	0	2	2
562.23059	0	2	2	0	2	2	1	2	0	0	0	0	2	2
562.23060	0	2	2	0	2	2	1	2	0	0	0	0	2	2
562.23061	0	2	2	0	2	2	1	2	0	0	0	0	2	2
562.23062	0	2	2	0	2	2	0	2	0	0	0	0	2	2
562.23063	0	2	2	0	2	2	1	2	0	0	0	0	2	2
562.23064	0	2	2	0	2	2	1	2	0	0	0	0	2	2
562.23065	0	2	2	0	2	2	1	2	0	0	0	0	2	2
562.23067	0	2	2	0	2	2	1	2	0	0	0	0	2	2
562.23068	0	2	2	0	2	2	0	2	0	0	0	0	2	2
562.23069	0	2	2	0	2	2	0	2	0	0	0	0	2	2
562.23070	0	2	2	0	2	2	1	2	0	0	0	0	2	2
562.23071	0	2	2	0	2	2	0	2	0	0	0	0	2	2
562.23072	0	2	2	0	2	2	0	2	0	0	0	0	2	2
562.23073	0	2	2	0	2	2	1	2	0	0	0	0	2	2
562.23074	0	2	2	0	2	2	0	2	0	0	0	0	2	2
562.23075	0	2	2	0	2	2	0	2	0	0	0	0	2	2
562.23077	0	2	2	0	2	2	0	2	0	0	0	0	2	2
562.23080	0	2	2	0	2	2	1	2	0	0	0	0	2	2
562.23081	0	2	2	0	2	2	0	2	0	0	0	0	2	2
562.23082	0	2	2	0	2	2	1	2	0	0	0	0	2	2
562.23083	0	2	2	0	2	2	1	2	0	0	0	0	2	2
562.23084	0	2	2	0	2	2	0	2	0	0	0	0	2	2
562.23085	0	2	2	0	2	2	1	2	0	0	0	0	2	2
562.23086	0	2	2	0	2	2	1	2	0	0	0	0	2	2
562.23087	0	2	2	0	2	2	1	2	0	0	0	0	2	2
562.23088	0	2	2	0	2	2	0	2	0	0	0	0	2	2
562.23089	0	2	2	0	2	2	0	2	1	0	0	0	2	2
562.23090	0	2	2	0	2	2	0	2	1	0	0	1	2	2
562.23091	0	2	2	0	2	2	1	2	0	0	0	0	2	2
562.23092	0	2	2	0	2	2	1	2	2	0	0	0	2	2
562.23093	0	2	2	0	2	2	0	2	2	0	0	0	2	2
562.23094	0	2	2	0	2	2	0	2	2	0	0	0	2	2
562.23097	0	2	2	0	2	2	1	2	0	0	0	0	2	2
562.23099	0	2	2	0	2	2	0	2	2	0	0	0	2	2
562.23101	0	2	2	0	2	2	1	2	2	0	0	0	2	2
562.23102	0	2	2	0	2	2	1	2	0	0	0	0	2	2
562.23103	0	2	2	0	2	2	1	2	0	0	0	0	2	2
562.23104	0	2	2	0	2	2	0	2	2	0	0	0	2	2
562.23105	0	2	2	0	2	2	1	2	0	0	0	0	2	2
562.23106	0	2	2	0	2	2	0	2	2	0	0	0	2	2
562.23107	0	2	2	0	2	2	0	2	1	0	0	0	2	2
562.23109	0	2	2	0	2	2	0	2	0	0	0	0	2	2
562.23110	0	2	2	0	2	2	0	2	2	0	0	0	2	2
562.23111	0	2	2	0	2	2	0	2	0	0	0	0	2	2
562.23112	0	2	2	0	2	2	1	2	0	0	0	0	2	2
562.23113	0	2	2	0	2	2	1	2	1	0	0	1	2	2
562.23114	0	2	2	0	2	2	1	2	0	0	0	0	2	2
562.23115	0	2	2	0	2	2	1	2	0	0	0	0	2	2
562.23116	0	2	2	0	2	2	1	2	2	0	0	0	2	2
562.23118	0	2	2	0	2	2	0	2	0	0	0	0	2	2
562.23119	0	2	2	0	2	2	0	2	0	0	0	0	2	2
562.23120	0	2	2	0	2	2	0	2	2	0	0	0	2	2
562.23121	0	2	2	0	2	2	1	2	1	0	0	0	2	2
562.23122	0	2	2	0	2	2	0	2	0	0	0	0	2	2
562.23123	0	2	2	0	2	2	0	2	0	0	0	0	2	2
562.23124	0	2	2	0	2	2	0	2	0	0	0	0	2	2
562.23125	0	2	2	0	2	2	1	2	2	0	0	0	2	2
562.23126	0	2	2	0	2	2	0	2	0	0	0	0	2	2
562.23127	0	2	2	0	2	2	0	2	0	0	0	0	2	2
562.23128	0	2	2	0	2	2	1	2	0	0	0	0	2	2
562.23130	0	2	2	0	2	2	0	2	0	0	0	0	2	2
562.23131	0	2	2	1	2	2	1	2	0	0	1	1	2	2
562.23132	0	2	2	0	2	2	1	2	0	0	0	0	2	2
562.23133	0	2	2	0	2	2	1	2	0	0	0	0	2	2
562.23135	0	2	2	0	2	2	0	2	0	0	2	0	2	2
562.23136	0	2	2	0	2	2	0	2	0	0	0	0	2	2
562.23137	0	2	2	0	2	2	1	2	0	0	0	0	2	2
562.23138	0	2	2	0	2	2	0	2	0	0	0	0	2	2
562.23139	0	2	2	0	2	2	1	2	2	0	0	0	2	2
562.23142	0	2	2	0	2	2	1	2	0	0	0	0	2	2
562.23143	0	2	2	0	2	2	1	2	0	0	0	0	2	2
562.23145	0	2	2	0	2	2	1	2	2	0	0	1	2	2
562.23146	0	2	2	0	2	2	0	2	0	0	0	0	2	2
562.23147	0	2	2	0	2	2	0	2	0	0	0	0	2	2
562.23148	0	2	2	0	2	2	1	2	0	0	0	0	2	2
562.23149	0	2	2	0	2	2	1	2	0	0	0	0	2	2
562.23150	0	2	2	0	2	2	1	2	0	0	0	0	2	2
562.23151	0	2	2	0	2	2	1	2	0	0	0	0	2	2
562.23152	0	2	2	1	2	2	1	2	0	0	1	0	2	2
562.23153	0	2	2	0	2	2	1	2	0	0	0	0	2	2
562.23154	0	2	2	0	2	2	0	2	0	0	0	0	2	2
562.23155	0	2	2	0	2	2	1	2	0	0	0	0	2	2
562.23156	0	2	2	0	2	2	1	2	0	0	0	1	2	2
562.23157	0	2	2	0	2	2	0	2	0	0	0	0	2	2
562.23158	0	2	2	0	2	2	1	2	0	2	0	0	2	2
562.23160	0	2	2	0	2	2	1	2	0	0	0	0	2	2
562.23161	0	2	2	0	2	2	1	2	1	0	0	0	2	2
562.23162	0	2	2	0	2	2	1	2	0	0	0	0	2	2
562.23163	0	2	2	0	2	2	0	2	0	0	0	0	2	2
562.23164	0	2	2	0	2	2	1	2	0	0	0	0	2	2
562.23165	0	2	2	0	2	2	0	2	0	0	0	0	2	2
562.23166	0	2	2	0	2	2	1	2	0	0	0	0	2	2
562.23168	0	2	2	0	2	2	0	2	0	0	0	0	2	2
562.23169	0	2	2	0	2	2	0	2	0	0	0	0	2	2
562.23172	0	2	2	1	2	2	1	2	0	1	1	1	2	2
562.23173	0	2	2	0	2	2	1	2	0	0	0	0	2	2
562.23174	0	2	2	0	2	2	0	2	0	0	0	0	2	2
562.23175	0	2	2	0	2	2	1	2	0	0	0	0	2	2
562.23176	0	2	2	0	2	2	0	2	0	0	0	0	2	2
562.23177	0	2	2	0	2	2	1	2	0	0	0	0	2	2
562.23178	0	2	2	0	2	2	0	2	0	0	0	0	2	2
562.23179	0	2	2	0	2	2	0	2	0	0	0	0	2	2
562.23180	0	2	2	0	2	2	0	2	0	0	0	0	2	2
562.23182	0	2	2	0	2	2	0	2	0	0	0	0	2	2
562.23183	0	2	2	0	2	2	1	2	0	0	0	0	2	2
562.23184	0	2	2	0	2	2	1	2	0	0	0	0	2	2
562.23185	0	2	2	0	2	2	0	2	0	0	0	0	2	2
562.23186	0	2	2	0	2	2	1	2	0	0	0	0	2	2
562.23187	0	2	2	0	2	2	0	2	0	0	0	0	2	2
562.23188	0	2	2	0	2	2	1	2	0	0	0	0	2	2
562.23190	0	2	2	0	2	2	1	2	0	0	0	1	2	2
562.23192	0	2	2	0	2	2	0	2	0	0	0	0	2	2
562.23193	0	2	2	0	2	2	0	2	0	0	0	0	2	2
562.23196	0	2	2	0	2	2	0	2	0	0	0	0	2	2
562.23197	0	2	2	0	2	2	1	2	0	0	0	1	2	2
562.23198	0	2	2	0	2	2	1	2	0	0	0	0	2	2
562.23201	0	2	2	0	2	2	0	2	0	0	0	0	2	2
562.23202	0	2	2	0	2	2	0	2	0	0	0	0	2	2
562.23203	0	2	2	0	2	2	1	2	0	0	0	0	2	2
562.23204	0	2	2	0	2	2	1	2	0	0	0	0	2	2
562.23206	0	2	2	0	2	2	0	2	0	0	0	0	2	2
562.23207	0	2	2	0	2	2	0	2	0	0	0	0	2	2
562.23208	0	2	2	0	2	2	0	2	0	0	0	0	2	2
562.23209	0	2	2	0	2	2	1	2	0	0	0	0	2	2
562.23210	0	2	2	0	2	2	0	2	0	0	0	0	2	2
562.23211	0	2	2	0	2	2	0	2	0	0	0	0	2	2
562.23213	0	2	2	0	2	2	0	2	0	0	0	0	2	2
562.23214	0	2	2	0	2	2	0	2	0	0	0	0	2	2
562.23215	0	2	2	2	2	2	1	2	1	0	0	0	2	2
562.23216	0	2	2	0	2	2	0	2	0	0	0	0	2	2
562.23217	0	2	2	0	2	2	1	2	1	0	0	0	2	2
562.23218	0	2	2	0	2	2	1	2	0	0	0	0	2	2
562.23219	0	2	2	0	2	2	1	2	0	0	0	0	2	2
562.23220	0	2	2	0	2	2	0	2	0	0	0	0	2	2
562.23221	0	2	2	0	2	2	0	2	0	0	0	0	2	2
562.23222	0	2	2	0	2	2	1	2	0	0	0	0	2	2
562.23223	0	2	2	0	2	2	1	2	0	0	0	0	2	2
562.23224	0	2	2	0	2	2	0	2	0	0	0	0	2	2
562.23225	0	2	2	0	2	2	0	2	0	0	0	0	2	2
562.23227	0	2	2	0	2	2	0	2	0	0	0	0	2	2
562.23228	0	2	2	0	2	2	1	2	0	0	0	0	2	2
562.23230	0	2	2	0	2	2	0	2	0	0	0	0	2	2
562.23232	0	2	2	0	2	2	0	2	0	0	0	0	2	2
562.23234	0	2	2	0	2	2	0	2	0	0	0	0	2	2
562.23235	0	2	2	0	2	2	1	2	0	0	0	0	2	2
562.23236	0	2	2	0	2	2	0	2	0	0	0	0	2	2
562.23237	0	2	2	0	2	2	1	2	0	0	0	1	2	2
562.23238	0	2	2	0	2	2	0	2	0	0	0	0	2	2
562.23240	0	2	2	0	2	2	1	2	0	1	0	0	2	2
562.23241	0	2	2	0	2	2	0	2	0	0	0	0	2	2
562.23242	0	2	2	0	2	2	1	2	0	0	0	0	2	2
562.23243	0	2	2	0	2	2	0	2	0	0	0	0	2	2
562.23244	0	2	2	0	2	2	0	2	0	0	0	0	2	2
562.23245	0	2	2	0	2	2	1	2	0	0	0	0	2	2
562.23246	0	2	2	0	2	2	1	2	0	1	0	0	2	2
562.23247	0	2	2	0	2	2	0	2	0	0	0	0	2	2
562.23249	0	2	2	0	2	2	1	2	0	0	0	0	2	2
562.23250	0	2	2	0	2	2	1	2	0	0	0	0	2	2
562.23251	0	2	2	0	2	2	0	2	0	0	0	0	2	2
562.23252	0	2	2	0	2	2	1	2	0	0	0	0	2	2
562.23253	0	2	2	0	2	2	0	2	0	0	0	0	2	2
562.23254	0	2	2	0	2	2	0	2	0	0	0	0	2	2
562.23256	0	2	2	0	2	2	0	2	0	0	0	0	2	2
562.23257	0	2	2	0	2	2	0	2	0	0	0	0	2	2
562.23258	0	2	2	0	2	2	1	2	0	0	0	0	2	2
562.23260	0	2	2	0	2	2	1	2	0	0	0	0	2	2
562.23262	0	2	2	0	2	2	0	2	0	0	0	0	2	2
562.23263	0	2	2	0	2	2	0	2	0	0	0	1	2	2
562.23264	0	2	2	0	2	2	1	2	0	0	0	0	2	2
562.23265	0	2	2	0	2	2	0	2	0	0	0	0	2	2
562.23266	0	2	2	0	2	2	0	2	0	0	0	0	2	2
562.23267	0	2	2	0	2	2	0	2	0	0	0	0	2	2
562.23268	0	2	2	0	2	2	0	2	0	0	0	0	2	2
562.23269	0	2	2	0	2	2	0	2	0	0	0	0	2	2
562.23270	0	2	2	0	2	2	1	2	0	0	0	0	2	2
562.23271	0	2	2	0	2	2	0	2	0	0	0	0	2	2
562.23274	0	2	2	0	2	2	1	2	0	0	0	0	2	2
562.23275	0	2	2	0	2	2	1	2	0	0	0	0	2	2
562.23276	0	2	2	0	2	2	0	2	0	0	0	0	2	2
562.23277	0	2	2	0	2	2	0	2	0	0	0	0	2	2
562.23278	0	2	2	0	2	2	1	2	0	0	0	0	2	2
562.23279	0	2	2	0	2	2	1	2	0	0	0	0	2	2
562.23280	0	2	2	0	2	2	0	2	0	0	0	0	2	2
562.23281	0	2	2	0	2	2	0	2	0	0	0	0	2	2
562.23283	0	2	2	0	2	2	0	2	0	0	0	0	2	2
562.23285	0	2	2	0	2	2	1	2	0	0	0	0	2	2
562.23289	0	2	2	0	2	2	1	2	0	0	0	0	2	2
562.23290	0	2	2	0	2	2	0	2	0	0	0	0	2	2
562.23291	0	2	2	0	2	2	1	2	0	0	0	0	2	2
562.23292	0	2	2	0	2	2	1	2	0	0	0	0	2	2
562.23293	0	2	2	2	2	2	1	2	0	0	1	1	2	2
562.23294	0	2	2	2	2	2	1	2	0	0	1	1	2	2
562.23295	0	2	2	2	2	2	1	2	0	0	1	1	2	2
562.23296	0	2	2	0	2	2	1	2	0	0	0	0	2	2
562.23297	0	2	2	0	2	2	1	2	0	0	0	0	2	2
562.23298	0	2	2	0	2	2	0	2	0	0	0	0	2	2
562.23299	0	2	2	0	2	2	0	2	0	0	0	0	2	2
562.23300	0	2	2	0	2	2	0	2	0	0	0	0	2	2
562.23301	0	2	2	0	2	2	0	2	0	0	0	0	2	2
562.23302	0	2	2	0	2	2	1	2	0	0	0	0	2	2
562.23303	0	2	2	0	2	2	1	2	0	0	0	0	2	2
562.23304	0	2	2	0	2	2	0	2	0	0	0	0	2	2
562.23308	0	2	2	0	2	2	1	2	0	0	0	0	2	2
562.23309	0	2	2	0	2	2	0	2	0	0	0	0	2	2
562.23310	0	2	2	0	2	2	0	2	0	0	0	0	2	2
562.23312	0	2	2	0	2	2	1	2	0	0	0	0	2	2
562.23313	0	2	2	0	2	2	1	2	0	0	0	0	2	2
562.23315	0	2	2	0	2	2	1	2	0	0	0	0	2	2
562.23316	0	2	2	0	2	2	1	2	0	0	0	0	2	2
562.23318	0	2	2	0	2	2	0	2	0	0	0	0	2	2
562.23319	0	2	2	0	2	2	0	2	0	0	0	0	2	2
562.23320	0	2	2	0	2	2	1	2	0	0	0	0	2	2
562.23322	0	2	2	0	2	2	0	2	0	0	0	0	2	2
562.23323	0	2	2	0	2	2	0	2	0	0	0	0	2	2
562.23324	0	2	2	0	2	2	0	2	0	0	0	0	2	2
562.23325	0	2	2	0	2	2	1	2	1	0	0	0	2	2
562.23326	0	2	2	0	2	2	0	2	0	0	0	1	2	2
562.23327	0	2	2	0	2	2	1	2	0	0	0	0	2	2
562.23328	0	2	2	0	2	2	1	2	0	0	0	0	2	2
562.23329	0	2	2	0	2	2	1	2	0	0	0	0	2	2
562.23331	0	2	2	0	2	2	1	2	0	0	0	0	2	2
562.23332	0	2	2	0	2	2	1	2	0	0	0	0	2	2
562.23333	0	2	2	0	2	2	1	2	0	0	0	0	2	2
562.23334	0	2	2	0	2	2	1	2	0	0	0	0	2	2
562.23335	0	2	2	0	2	2	0	2	0	0	0	0	2	2
562.23336	0	2	2	0	2	2	1	2	0	0	0	0	2	2
562.23337	0	2	2	0	2	2	0	2	0	2	0	1	2	2
562.23339	0	2	2	0	2	2	0	2	0	0	0	0	2	2
562.23340	0	2	2	0	2	2	1	2	0	0	0	0	2	2
562.23341	0	2	2	0	2	2	1	2	0	0	0	0	2	2
562.23342	0	2	2	0	2	2	1	2	1	1	0	0	2	2
562.23343	0	2	2	0	2	2	1	2	1	0	0	0	2	2
562.23345	0	2	2	0	2	2	1	2	0	1	0	0	2	2
562.23346	0	2	2	0	2	2	0	2	0	0	0	0	2	2
562.23347	0	2	2	0	2	2	1	2	0	0	0	0	2	2
562.23349	0	2	2	0	2	2	1	2	0	0	0	0	2	2
562.23350	0	2	2	0	2	2	1	2	0	0	0	0	2	2
562.23352	0	2	2	0	2	2	0	2	0	0	0	0	2	2
562.23353	0	2	2	0	2	2	1	2	0	0	0	0	2	2
562.23354	0	2	2	0	2	2	0	2	0	0	0	0	2	2
562.23357	0	2	2	0	2	2	0	2	0	0	0	0	2	2
562.23358	0	2	2	0	2	2	0	2	0	0	0	0	2	2
562.23360	0	2	2	0	2	2	0	2	0	0	0	0	2	2
562.23361	0	2	2	0	2	2	0	2	0	0	0	0	2	2
562.23362	0	2	2	0	2	2	1	2	0	0	0	0	2	2
562.23363	0	2	2	0	2	2	1	2	0	0	0	0	2	2
562.23364	0	2	2	0	2	2	0	2	0	0	0	0	2	2
562.23366	0	2	2	0	2	2	0	2	0	0	0	0	2	2
562.23368	0	2	2	0	2	2	0	2	0	0	0	0	2	2
562.23370	0	2	2	0	2	2	0	2	0	0	0	0	2	2
562.23372	0	2	2	0	2	2	1	2	0	0	0	0	2	2
562.23374	0	2	2	0	2	2	0	2	0	0	0	0	2	2
562.23376	0	2	2	0	2	2	1	2	0	0	0	1	2	2
562.23378	0	2	2	0	2	2	0	2	0	0	0	0	2	2
562.23379	0	2	2	0	2	2	1	2	0	0	0	0	2	2
562.23380	0	2	2	0	2	2	0	2	0	0	0	0	2	2
562.23381	0	2	2	0	2	2	0	2	0	0	0	0	2	2
562.23382	0	2	2	0	2	2	1	2	0	0	0	0	2	2
562.23383	0	2	2	0	2	2	1	2	0	0	0	0	2	2
562.23386	0	2	2	0	2	2	1	2	0	0	0	0	2	2
562.23388	0	2	2	0	2	2	0	2	0	0	0	0	2	2
562.23389	0	2	2	0	2	2	1	2	0	1	0	0	2	2
562.23390	0	2	2	0	2	2	1	2	0	0	0	1	2	2
562.23392	0	2	2	0	2	2	1	2	2	0	0	1	2	2
562.23394	0	2	2	0	2	2	0	2	0	0	0	0	2	2
562.23397	0	2	2	0	2	2	0	2	0	2	0	1	2	2
562.23400	0	2	2	0	2	2	1	2	0	0	0	0	2	2
562.23401	0	2	2	0	2	2	0	2	0	0	0	0	2	2
562.23402	0	2	2	0	2	2	1	2	0	0	0	0	2	2
562.23404	0	2	2	0	2	2	1	2	0	2	0	1	2	2
562.23405	0	2	2	0	2	2	1	2	0	2	0	0	2	2
562.23406	0	2	2	0	2	2	1	2	0	0	0	0	2	2
562.23407	0	2	2	0	2	2	0	2	0	0	0	0	2	2
562.23408	0	2	2	0	2	2	1	2	0	0	0	0	2	2
562.23409	0	2	2	0	2	2	0	2	0	0	0	0	2	2
562.23411	0	2	2	0	2	2	0	2	0	0	0	0	2	2
562.23412	0	2	2	0	2	2	1	2	0	0	0	0	2	2
562.23414	0	2	2	0	2	2	0	2	0	0	0	0	2	2
562.23415	0	2	2	0	2	2	1	2	0	0	0	0	2	2
562.23416	0	2	2	0	2	2	0	2	0	0	0	1	2	2
562.23417	0	2	2	0	2	2	0	2	0	0	0	0	2	2
562.23418	0	2	2	0	2	2	1	2	0	0	0	0	2	2
562.23419	0	2	2	0	2	2	0	2	0	0	0	0	2	2
562.23420	0	2	2	0	2	2	1	2	0	0	0	0	2	2
562.23421	0	2	2	0	2	2	0	2	0	0	0	0	2	2
562.23422	0	2	2	0	2	2	0	2	0	0	0	0	2	2
562.23423	0	2	2	0	2	2	0	2	0	0	0	0	2	2
562.23424	0	2	2	0	2	2	0	2	0	0	0	0	2	2
562.23425	0	2	2	0	2	2	1	2	2	0	0	0	2	2
562.23426	0	2	2	0	2	2	0	2	0	0	0	0	2	2
562.23427	0	2	2	0	2	2	0	2	0	0	0	0	2	2
562.23429	0	2	2	0	2	2	1	2	0	0	0	0	2	2
562.23430	0	2	2	0	2	2	1	2	0	0	0	0	2	2
562.23431	0	2	2	0	2	2	1	2	1	1	0	0	2	2
562.23432	0	2	2	0	2	2	0	2	0	0	0	0	2	2
562.23433	0	2	2	0	2	2	1	2	1	0	0	1	2	2
562.23436	0	2	2	0	2	2	1	2	0	0	0	0	2	2
562.23437	0	2	2	0	2	2	1	2	0	0	0	0	2	2
562.23438	0	2	2	0	2	2	0	2	0	0	0	0	2	2
562.23439	0	2	2	0	2	2	0	2	0	0	0	0	2	2
562.23440	0	2	2	0	2	2	1	2	0	0	0	0	2	2
562.23441	0	2	2	0	2	2	1	2	0	0	0	0	2	2
562.23442	0	2	2	0	2	2	0	2	0	0	0	0	2	2
562.23443	0	2	2	0	2	2	0	2	0	0	0	0	2	2
562.23444	0	2	2	0	2	2	0	2	0	0	0	0	2	2
562.23445	0	2	2	0	2	2	1	2	0	0	0	0	2	2
562.23446	0	2	2	0	2	2	0	2	0	0	0	0	2	2
562.23447	0	2	2	0	2	2	0	2	0	0	0	0	2	2
562.23448	0	2	2	0	2	2	1	2	0	0	0	0	2	2
562.23449	0	2	2	0	2	2	0	2	0	0	0	0	2	2
562.23450	0	2	2	0	2	2	1	2	0	0	0	0	2	2
562.23453	0	2	2	0	2	2	0	2	0	0	0	0	2	2
562.23455	0	2	2	0	2	2	1	2	1	0	0	0	2	2
562.23456	0	2	2	0	2	2	0	2	0	0	0	0	2	2
562.23459	0	2	2	0	2	2	1	2	0	1	0	0	2	2
562.23460	0	2	2	0	2	2	0	2	0	0	0	0	2	2
562.23464	0	2	2	0	2	2	1	2	0	0	0	1	2	2
562.23465	0	2	2	0	2	2	1	2	0	0	0	0	2	2
562.23466	0	2	2	0	2	2	1	2	0	2	0	0	2	2
562.23467	0	2	2	0	2	2	1	2	0	0	0	0	2	2
562.23468	0	2	2	0	2	2	0	2	0	0	0	0	2	2
562.23469	0	2	2	0	2	2	1	2	0	0	0	0	2	2
562.23471	0	2	2	0	2	2	1	2	0	0	0	0	2	2
562.23472	0	2	2	0	2	2	1	2	0	0	0	0	2	2
562.23473	0	2	2	0	2	2	1	2	0	0	0	0	2	2
562.23475	0	2	2	0	2	2	1	2	0	0	0	0	2	2
562.23476	0	2	2	0	2	2	1	2	0	0	0	0	2	2
562.23477	0	2	2	0	2	2	1	2	0	0	0	0	2	2
562.23479	0	2	2	0	2	2	1	2	0	0	0	0	2	2
562.23482	0	2	2	0	2	2	0	2	0	0	0	0	2	2
562.23483	0	2	2	0	2	2	1	2	1	0	0	0	2	2
562.23484	0	2	2	0	2	2	1	2	0	0	0	0	2	2
562.23485	0	2	2	0	2	2	1	2	0	0	0	0	2	2
562.23489	0	2	2	0	2	2	0	2	0	0	0	0	2	2
562.23490	0	2	2	0	2	2	0	2	0	0	0	0	2	2
562.23491	0	2	2	0	2	2	0	2	0	0	0	0	2	2
562.23492	0	2	2	0	2	2	1	2	0	0	0	0	2	2
562.23493	0	2	2	0	2	2	0	2	0	0	0	0	2	2
562.23495	0	2	2	0	2	2	0	2	0	0	0	0	2	2
562.23496	0	2	2	0	2	2	1	2	0	0	0	0	2	2
562.23497	0	2	2	0	2	2	1	2	0	0	0	0	2	2
562.23498	0	2	2	0	2	2	1	2	0	0	0	0	2	2
562.23500	0	2	2	0	2	2	1	2	0	0	0	0	2	2
562.23502	0	2	2	0	2	2	0	2	0	0	0	0	2	2
562.23503	0	2	2	0	2	2	1	2	0	0	0	0	2	2
562.23504	0	2	2	0	2	2	1	2	0	0	0	0	2	2
562.23506	0	2	2	0	2	2	1	2	0	0	0	0	2	2
562.23509	0	2	2	0	2	2	1	2	0	0	0	0	2	2
562.23510	0	2	2	0	2	2	0	2	0	0	0	0	2	2
562.23511	0	2	2	0	2	2	0	2	0	0	0	0	2	2
562.23512	0	2	2	0	2	2	0	2	0	0	0	0	2	2
562.23513	0	2	2	0	2	2	1	2	1	0	0	0	2	2
562.23514	0	2	2	0	2	2	1	2	0	0	0	0	2	2
562.23515	0	2	2	0	2	2	1	2	0	0	0	0	2	2
562.23516	0	2	2	0	2	2	0	2	0	0	0	0	2	2
562.23517	0	2	2	0	2	2	0	2	0	0	0	0	2	2
562.23518	0	2	2	0	2	2	0	2	0	0	0	0	2	2
562.23519	0	2	2	0	2	2	0	2	0	0	0	0	2	2
562.23520	0	2	2	0	2	2	0	2	0	0	0	0	2	2
562.23521	0	2	2	0	2	2	1	2	0	0	0	0	2	2
562.23522	0	2	2	0	2	2	1	2	0	0	0	1	2	2
562.23523	0	2	2	0	2	2	1	2	2	0	0	1	2	2
562.23524	0	2	2	0	2	2	1	2	0	0	0	0	2	2
562.23525	0	2	2	0	2	2	1	2	0	0	0	0	2	2
562.23526	0	2	2	0	2	2	1	2	2	0	0	0	2	2
562.23527	0	2	2	0	2	2	1	2	0	0	0	0	2	2
562.23528	0	2	2	0	2	2	1	2	0	0	0	0	2	2
562.23529	0	2	2	0	2	2	1	2	0	0	0	0	2	2
562.23531	0	2	2	0	2	2	1	2	0	0	0	0	2	2
562.23533	0	2	2	0	2	2	0	2	0	0	0	0	2	2
562.23534	0	2	2	0	2	2	0	2	0	0	0	0	2	2
562.23535	0	2	2	0	2	2	1	2	0	0	1	1	2	2
562.23536	0	2	2	0	2	2	1	2	0	1	0	0	2	2
562.23537	0	2	2	0	2	2	1	2	0	0	0	1	2	2
562.23538	0	2	2	0	2	2	1	2	0	0	0	0	2	2
562.23540	0	2	2	0	2	2	1	2	0	0	0	1	2	2
562.23541	0	2	2	0	2	2	0	2	0	0	0	0	2	2
562.23543	0	2	2	0	2	2	1	2	0	0	0	0	2	2
562.23544	0	2	2	0	2	2	1	2	0	0	0	0	2	2
562.23545	0	2	2	0	2	2	1	2	0	0	0	0	2	2
562.23546	0	2	2	0	2	2	0	2	0	0	0	0	2	2
562.23547	0	2	2	0	2	2	1	2	0	0	0	0	2	2
562.23549	0	2	2	0	2	2	0	2	0	0	0	0	2	2
562.23550	0	2	2	0	2	2	1	2	0	0	0	0	2	2
562.23552	0	2	2	0	2	2	0	2	0	0	0	0	2	2
562.23554	0	2	2	0	2	2	1	2	0	0	0	0	2	2
562.23555	0	2	2	0	2	2	0	2	0	0	0	0	2	2
562.23556	0	2	2	0	2	2	1	2	0	0	0	0	2	2
562.23557	0	2	2	0	2	2	0	2	0	0	0	0	2	2
562.23559	0	2	2	0	2	2	1	2	0	0	0	0	2	2
562.23560	0	2	2	0	2	2	0	2	0	0	0	0	2	2
562.23561	0	2	2	0	2	2	0	2	0	0	0	0	2	2
562.23562	0	2	2	0	2	2	0	2	0	0	0	0	2	2
562.23563	0	2	2	0	2	2	1	2	0	0	0	0	2	2
562.23564	0	2	2	0	2	2	0	2	0	0	0	0	2	2
562.23565	0	2	2	0	2	2	1	2	2	1	0	0	2	2
562.23567	0	2	2	0	2	2	1	2	2	1	0	0	2	2
562.23568	0	2	2	0	2	2	1	2	0	0	0	0	2	2
562.23569	0	2	2	0	2	2	1	2	1	0	0	1	2	2
562.23570	0	2	2	0	2	2	0	2	0	0	0	0	2	2
562.23572	0	2	2	0	2	2	0	2	0	0	0	1	2	2
562.23573	0	2	2	0	2	2	1	2	0	0	0	0	2	2
562.23575	0	2	2	0	2	2	0	2	0	0	0	0	2	2
562.23576	0	2	2	0	2	2	1	2	0	0	0	0	2	2
562.23577	0	2	2	0	2	2	1	2	0	0	0	0	2	2
562.23578	0	2	2	0	2	2	0	2	0	0	0	0	2	2
562.23579	0	2	2	0	2	2	0	2	0	0	0	0	2	2
562.23581	0	2	2	0	2	2	1	2	0	0	0	0	2	2
562.23582	0	2	2	0	2	2	1	2	0	0	0	0	2	2
562.23583	0	2	2	0	2	2	1	2	0	0	0	0	2	2
562.23584	0	2	2	0	2	2	0	2	0	0	0	0	2	2
562.23585	0	2	2	1	2	2	1	2	1	0	0	1	2	2
562.23586	0	2	2	0	2	2	1	2	0	0	0	0	2	2
562.23587	0	2	2	0	2	2	1	2	0	0	0	0	2	2
562.23588	0	2	2	0	2	2	1	2	0	0	0	0	2	2
562.23589	0	2	2	0	2	2	0	2	0	0	0	0	2	2
562.23590	0	2	2	0	2	2	0	2	0	0	0	0	2	2
562.23591	0	2	2	0	2	2	1	2	0	0	0	0	2	2
562.23592	0	2	2	0	2	2	1	2	0	0	0	0	2	2
562.23595	0	2	2	0	2	2	1	2	1	0	0	1	2	2
562.23596	0	2	2	0	2	2	0	2	0	0	0	0	2	2
562.23597	0	2	2	0	2	2	1	2	0	0	0	0	2	2
562.23598	0	2	2	0	2	2	1	2	0	0	0	0	2	2
562.23599	0	2	2	0	2	2	1	2	0	0	0	0	2	2
562.23600	0	2	2	0	2	2	1	2	0	0	0	0	2	2
562.23601	0	2	2	0	2	2	1	2	0	0	0	1	2	2
562.23602	0	2	2	0	2	2	0	2	0	0	0	1	2	2
562.23603	0	2	2	0	2	2	0	2	0	0	0	0	2	2
562.23604	0	2	2	0	2	2	1	2	0	0	0	0	2	2
562.23605	0	2	2	0	2	2	1	2	0	0	0	0	2	2
562.23606	0	2	2	0	2	2	0	2	0	0	0	0	2	2
562.23607	0	2	2	0	2	2	0	2	0	0	0	0	2	2
562.23608	0	2	2	1	2	2	1	2	0	0	1	1	2	2
562.23609	0	2	2	0	2	2	1	2	0	0	0	0	2	2
562.23611	0	2	2	0	2	2	1	2	0	0	0	0	2	2
562.23612	0	2	2	0	2	2	0	2	0	0	0	0	2	2
562.23613	0	2	2	0	2	2	0	2	0	0	0	0	2	2
562.23614	0	2	2	0	2	2	0	2	0	0	0	0	2	2
562.23616	0	2	2	0	2	2	1	2	0	0	0	0	2	2
562.23617	0	2	2	0	2	2	1	2	0	0	0	0	2	2
562.23618	0	2	2	2	2	2	1	2	1	0	0	0	2	2
562.23619	0	2	2	0	2	2	0	2	0	0	0	0	2	2
562.23620	0	2	2	0	2	2	1	2	0	0	0	1	2	2
562.23621	0	2	2	0	2	2	1	2	0	0	0	0	2	2
562.23622	0	2	2	0	2	2	1	2	0	0	0	1	2	2
562.23624	0	2	2	0	2	2	1	2	0	0	0	0	2	2
562.23625	0	2	2	0	2	2	0	2	0	0	0	0	2	2
562.23626	0	2	2	0	2	2	1	2	0	0	0	0	2	2
562.23627	0	2	2	0	2	2	1	2	0	0	0	0	2	2
562.23628	0	2	2	0	2	2	0	2	0	0	0	0	2	2
562.23629	0	2	2	0	2	2	1	2	0	0	0	1	2	2
562.23630	0	2	2	0	2	2	1	2	0	0	0	0	2	2
562.23631	0	2	2	0	2	2	0	2	0	0	0	0	2	2
562.23632	0	2	2	0	2	2	1	2	0	0	0	0	2	2
562.23633	0	2	2	0	2	2	1	2	0	0	0	0	2	2
562.23634	0	2	2	0	2	2	0	2	0	0	0	0	2	2
562.23635	0	2	2	0	2	2	1	2	0	0	0	0	2	2
562.23636	0	2	2	0	2	2	1	2	0	0	0	0	2	2
562.23637	0	2	2	0	2	2	0	2	0	0	0	0	2	2
562.23638	0	2	2	0	2	2	0	2	0	0	0	0	2	2
562.23639	0	2	2	0	2	2	1	2	1	0	0	0	2	2
562.23641	0	2	2	0	2	2	0	2	0	0	0	0	2	2
562.23643	0	2	2	0	2	2	1	2	0	0	0	1	2	2
562.23644	0	2	2	0	2	2	0	2	0	0	0	0	2	2
562.23647	0	2	2	0	2	2	1	2	0	0	0	0	2	2
562.23648	0	2	2	0	2	2	1	2	0	0	0	0	2	2
562.23649	0	2	2	0	2	2	0	2	0	0	0	0	2	2
562.23650	0	2	2	0	2	2	0	2	0	0	0	0	2	2
562.23651	0	2	2	0	2	2	0	2	0	0	0	0	2	2
562.23652	0	2	2	0	2	2	0	2	0	0	0	0	2	2
562.23654	0	2	2	0	2	2	0	2	0	0	0	0	2	2
562.23655	0	2	2	0	2	2	0	2	0	0	0	1	2	2
562.23656	0	2	2	0	2	2	0	2	0	0	0	0	2	2
562.23657	0	2	2	0	2	2	1	2	0	0	0	0	2	2
562.23658	0	2	2	0	2	2	1	2	0	0	0	0	2	2
562.23660	0	2	2	0	2	2	0	2	0	0	0	0	2	2
562.23661	0	2	2	0	2	2	0	2	0	0	0	1	2	2
562.23662	0	2	2	0	2	2	1	2	0	0	0	0	2	2
562.23663	0	2	2	0	2	2	1	2	0	0	0	0	2	2
562.23665	0	2	2	0	2	2	0	2	0	0	0	0	2	2
562.23666	0	2	2	0	2	2	1	2	0	0	0	0	2	2
562.23667	0	2	2	0	2	2	0	2	0	0	0	0	2	2
562.23668	0	2	2	0	2	2	1	2	0	0	0	0	2	2
562.23669	0	2	2	0	2	2	1	2	0	0	0	0	2	2
562.23670	0	2	2	0	2	2	1	2	0	0	0	0	2	2
562.23671	0	2	2	0	2	2	1	2	0	0	0	0	2	2
562.23672	0	2	2	0	2	2	1	2	0	0	0	0	2	2
562.23673	0	2	2	0	2	2	1	2	0	0	0	0	2	2
562.23674	0	2	2	0	2	2	1	2	0	0	0	0	2	2
562.23675	0	2	2	0	2	2	1	2	0	0	0	0	2	2
562.23676	0	2	2	0	2	2	1	2	0	0	0	0	2	2
562.23677	0	2	2	0	2	2	1	2	0	0	0	0	2	2
562.23678	0	2	2	0	2	2	0	2	0	0	0	0	2	2
562.23679	0	2	2	0	2	2	1	2	0	0	0	1	2	2
562.23680	0	2	2	0	2	2	0	2	0	0	0	0	2	2
562.23681	0	2	2	0	2	2	1	2	0	0	0	0	2	2
562.23683	0	2	2	0	2	2	1	2	0	0	0	0	2	2
562.23684	0	2	2	0	2	2	1	2	0	0	0	1	2	2
562.23685	0	2	2	0	2	2	1	2	0	0	0	0	2	2
562.23686	0	2	2	0	2	2	0	2	0	0	0	0	2	2
562.23687	0	2	2	0	2	2	0	2	0	0	0	0	2	2
562.23688	0	2	2	0	2	2	0	2	0	0	0	0	2	2
562.23689	0	2	2	0	2	2	1	2	0	0	0	1	2	2
562.23690	0	2	2	0	2	2	0	2	0	0	0	0	2	2
562.23691	0	2	2	0	2	2	1	2	1	0	0	0	2	2
562.23692	0	2	2	0	2	2	1	2	0	0	0	0	2	2
562.23693	0	2	2	0	2	2	0	2	0	0	0	0	2	2
562.23694	0	2	2	0	2	2	0	2	0	0	0	0	2	2
562.23695	0	2	2	0	2	2	0	2	0	0	0	0	2	2
562.23696	0	2	2	0	2	2	0	2	0	0	0	0	2	2
562.23698	0	2	2	0	2	2	1	2	0	0	0	0	2	2
562.23699	0	2	2	0	2	2	1	2	0	0	0	0	2	2
562.23700	0	2	2	0	2	2	1	2	0	0	0	1	2	2
562.23701	0	2	2	0	2	2	1	2	0	0	0	0	2	2
562.23702	0	2	2	0	2	2	1	2	0	0	0	0	2	2
562.23703	0	2	2	0	2	2	0	2	0	0	0	0	2	2
562.23704	0	2	2	0	2	2	0	2	0	0	0	0	2	2
562.23705	0	2	2	0	2	2	0	2	0	0	0	0	2	2
562.23706	0	2	2	0	2	2	1	2	0	0	0	0	2	2
562.23707	0	2	2	0	2	2	0	2	0	0	0	0	2	2
562.23708	0	2	2	0	2	2	1	2	0	0	0	0	2	2
562.23709	0	2	2	0	2	2	1	2	0	0	0	0	2	2
562.23710	0	2	2	0	2	2	1	2	0	0	0	0	2	2
562.23711	0	2	2	0	2	2	0	2	0	0	0	0	2	2
562.23712	0	2	2	0	2	2	1	2	0	0	0	0	2	2
562.23713	0	2	2	0	2	2	1	2	0	0	0	0	2	2
562.23714	0	2	2	0	2	2	1	2	0	0	0	0	2	2
562.23715	0	2	2	0	2	2	1	2	0	0	0	0	2	2
562.23716	0	2	2	0	2	2	1	2	0	0	0	0	2	2
562.23717	0	2	2	0	2	2	1	2	0	1	0	0	2	2
562.23718	0	2	2	0	2	2	0	2	0	0	0	0	2	2
562.23719	0	2	2	0	2	2	0	2	0	0	0	1	2	2
562.23720	0	2	2	0	2	2	0	2	0	0	0	0	2	2
562.23722	0	2	2	0	2	2	0	2	0	0	0	0	2	2
562.23723	0	2	2	0	2	2	0	2	0	0	0	0	2	2
562.23725	0	2	2	0	2	2	1	2	0	0	0	0	2	2
562.23726	0	2	2	0	2	2	1	2	0	0	0	0	2	2
562.23728	0	2	2	0	2	2	0	2	0	0	0	0	2	2
562.23729	0	2	2	0	2	2	1	2	0	0	0	0	2	2
562.23730	0	2	2	0	2	2	1	2	0	0	0	0	2	2
562.23731	0	2	2	0	2	2	0	2	0	0	0	0	2	2
562.23732	0	2	2	0	2	2	0	2	0	0	0	0	2	2
562.23733	0	2	2	0	2	2	0	2	0	0	0	0	2	2
562.23735	0	2	2	0	2	2	0	2	0	0	0	0	2	2
562.23736	0	2	2	0	2	2	0	2	0	0	0	0	2	2
562.23738	0	2	2	0	2	2	1	2	0	0	0	0	2	2
562.23739	0	2	2	0	2	2	0	2	0	0	0	0	2	2
562.23740	0	2	2	0	2	2	1	2	0	0	0	0	2	2
562.23741	0	2	2	0	2	2	1	2	0	0	0	0	2	2
562.23742	0	2	2	0	2	2	0	2	0	0	0	0	2	2
562.23743	0	2	2	2	2	2	1	2	0	0	2	1	2	2
562.23744	0	2	2	0	2	2	1	2	0	0	0	0	2	2
562.23745	0	2	2	0	2	2	0	2	0	0	0	0	2	2
562.23746	0	2	2	0	2	2	0	2	0	0	0	0	2	2
562.23747	0	2	2	0	2	2	1	2	0	0	0	0	2	2
562.23748	0	2	2	0	2	2	0	2	0	0	0	0	2	2
562.23749	0	2	2	0	2	2	1	2	0	0	0	0	2	2
562.23750	0	2	2	0	2	2	1	2	0	0	0	0	2	2
562.23751	0	2	2	0	2	2	0	2	0	0	0	0	2	2
562.23752	0	2	2	0	2	2	1	2	0	0	0	0	2	2
562.23753	0	2	2	0	2	2	0	2	0	0	0	0	2	2
562.23754	0	2	2	0	2	2	1	2	0	0	0	0	2	2
562.23755	0	2	2	0	2	2	0	2	0	0	0	0	2	2
562.23757	0	2	2	0	2	2	1	2	0	0	0	0	2	2
562.23759	0	2	2	0	2	2	0	2	0	0	0	0	2	2
562.23761	0	2	2	0	2	2	0	2	0	0	0	0	2	2
562.23762	0	2	2	0	2	2	0	2	0	0	0	0	2	2
562.23763	0	2	2	0	2	2	1	2	0	0	0	0	2	2
562.23764	0	2	2	0	2	2	1	2	0	0	0	0	2	2
562.23766	0	2	2	0	2	2	1	2	0	0	0	0	2	2
562.23767	0	2	2	0	2	2	1	2	0	0	0	0	2	2
562.23768	0	2	2	0	2	2	0	2	0	0	0	0	2	2
562.23770	0	2	2	0	2	2	0	2	0	0	0	0	2	2
562.23771	0	2	2	0	2	2	0	2	0	0	0	0	2	2
562.23772	0	2	2	0	2	2	1	2	0	0	0	0	2	2
562.23773	0	2	2	0	2	2	0	2	0	0	0	0	2	2
562.23774	0	2	2	0	2	2	1	2	0	0	0	0	2	2
562.23775	0	2	2	0	2	2	1	2	0	0	0	0	2	2
562.23776	0	2	2	0	2	2	0	2	0	0	0	0	2	2
562.23777	0	2	2	0	2	2	1	2	0	0	0	0	2	2
562.23778	0	2	2	0	2	2	1	2	0	0	0	0	2	2
562.23779	0	2	2	0	2	2	1	2	0	0	0	0	2	2
562.23780	0	2	2	0	2	2	0	2	0	0	0	0	2	2
562.23781	0	2	2	0	2	2	1	2	0	1	0	0	2	2
562.23784	0	2	2	0	2	2	0	2	0	0	0	0	2	2
562.23785	0	2	2	0	2	2	0	2	0	0	0	0	2	2
562.23786	0	2	2	0	2	2	1	2	0	0	0	0	2	2
562.23787	0	2	2	0	2	2	0	2	0	0	0	0	2	2
562.23789	0	2	2	0	2	2	1	2	0	0	0	0	2	2
562.23790	0	0	0	0	0	0	2	0	0	0	0	0	2	1
562.23793	0	2	2	0	2	2	1	2	0	0	0	0	2	2
562.23794	0	2	2	0	2	2	1	2	2	0	0	1	2	2
562.23795	0	2	2	0	2	2	0	2	2	0	0	0	2	2
562.23797	0	2	2	0	2	2	0	2	0	0	0	0	2	2
562.23798	0	2	2	0	2	2	1	2	0	0	0	0	2	2
562.23799	0	2	2	0	2	2	0	2	2	0	0	0	2	2
562.23801	0	2	2	0	2	2	0	2	0	0	0	0	2	2
562.23802	0	2	2	0	2	2	0	2	0	0	0	0	2	2
562.23803	0	2	2	0	2	2	1	2	0	0	0	0	2	2
562.23805	0	2	2	0	2	2	1	2	0	0	0	0	2	2
562.23806	0	2	2	0	2	2	1	2	2	0	0	0	2	2
562.23807	0	2	2	0	2	2	0	2	0	0	0	0	2	2
562.23808	0	2	2	0	2	2	0	2	0	0	0	0	2	2
562.23809	0	2	2	0	2	2	1	2	0	0	0	0	2	2
562.23810	0	2	2	0	2	2	0	2	0	0	0	0	2	2
562.23811	0	2	2	0	2	2	1	2	0	0	0	0	2	2
562.23812	0	2	2	0	2	2	0	2	0	0	0	0	2	2
562.23813	0	2	2	0	2	2	1	2	0	0	0	0	2	2
562.23814	0	2	2	0	2	2	1	2	2	0	2	1	2	2
562.23815	0	2	2	0	2	2	1	2	0	0	0	0	2	2
562.23816	0	2	2	0	2	2	1	2	0	0	0	1	2	2
562.23817	0	2	2	0	2	2	1	2	0	0	0	0	2	2
562.23818	0	2	2	0	2	2	1	2	2	2	0	1	2	2
562.23819	0	2	2	0	2	2	1	2	0	0	0	0	2	2
562.23820	0	2	2	0	2	2	0	2	0	0	0	0	2	2
562.23823	0	2	2	0	2	2	0	2	0	0	0	0	2	2
562.23824	0	2	2	0	2	2	1	2	0	0	0	0	2	2
562.23825	0	2	2	0	2	2	1	2	0	0	0	0	2	2
562.23826	0	2	2	0	2	2	1	2	1	0	0	0	2	2
562.23827	0	2	2	0	2	2	0	2	0	0	0	0	2	2
562.23828	0	2	2	0	2	2	1	2	0	0	0	0	2	2
562.23829	0	2	2	0	2	2	0	2	0	0	0	0	2	2
562.23830	0	2	2	0	2	2	1	2	0	0	0	0	2	2
562.23831	0	2	2	0	2	2	1	2	0	1	0	0	2	2
562.23833	0	2	2	0	2	2	0	2	0	0	0	0	2	2
562.23834	0	2	2	0	2	2	1	2	0	0	0	0	2	2
562.23835	0	2	2	0	2	2	1	2	0	0	0	0	2	2
562.23836	0	2	2	0	2	2	0	2	0	0	0	0	2	2
562.23838	0	2	2	0	2	2	0	2	0	0	0	0	2	2
562.23839	0	2	2	0	2	2	0	2	0	0	0	1	2	2
562.23840	0	2	2	0	2	2	1	2	0	0	0	0	2	2
562.23841	0	2	2	0	2	2	0	2	0	0	0	0	2	2
562.23842	0	2	2	0	2	2	1	2	0	0	0	0	2	2
562.23843	0	2	2	0	2	2	0	2	0	0	0	0	2	2
562.23844	0	2	2	0	2	2	0	2	0	0	0	0	2	2
562.23845	0	2	2	0	2	2	0	2	0	0	0	0	2	2
562.23846	0	2	2	0	2	2	1	2	0	0	0	0	2	2
562.23847	0	2	2	0	2	2	0	2	0	0	0	0	2	2
562.23848	0	2	2	0	2	2	0	2	0	0	0	0	2	2
562.23849	0	2	2	0	2	2	0	2	0	0	0	0	2	2
562.23851	0	2	2	0	2	2	0	2	0	0	0	0	2	2
562.23852	0	2	2	0	2	2	1	2	0	0	0	0	2	2
562.23853	0	2	2	0	2	2	1	2	0	0	0	0	2	2
562.23854	0	0	0	0	0	0	2	1	0	0	0	0	2	1
562.23855	0	2	2	0	2	2	0	2	0	0	0	0	2	2
562.23856	0	2	2	0	2	2	0	2	0	0	0	0	2	2
562.23857	0	2	2	0	2	2	0	2	1	0	0	0	2	2
562.23861	0	2	2	0	2	2	1	2	0	0	0	0	2	2
562.23862	0	2	2	1	2	2	1	2	0	1	1	1	2	2
562.23863	0	2	2	0	2	2	0	2	0	0	0	0	2	2
562.23864	0	2	2	0	2	2	0	2	0	0	0	0	2	2
562.23865	0	2	2	0	2	2	0	2	0	0	2	0	2	2
562.23866	0	0	0	0	0	0	2	1	0	0	0	0	2	1
562.23867	0	0	0	0	0	0	2	1	0	0	0	0	2	1
562.23870	0	2	2	0	2	2	0	2	0	0	0	0	2	2
562.23871	0	2	2	0	2	2	1	2	0	0	0	0	2	2
562.23872	0	2	2	0	2	2	1	2	0	0	0	0	2	2
562.23873	0	2	2	0	2	2	0	2	0	0	0	0	2	2
562.23875	0	2	2	0	2	2	1	2	0	0	0	0	2	2
562.23876	0	2	2	0	2	2	1	2	0	0	0	0	2	2
562.23877	0	2	2	0	2	2	0	2	0	0	0	0	2	2
562.23878	0	2	2	0	2	2	1	2	0	0	0	0	2	2
562.23879	0	2	2	0	2	2	1	2	0	0	0	0	2	2
562.23880	0	2	2	0	2	2	1	2	0	0	0	0	2	2
562.23881	0	2	2	0	2	2	0	2	0	0	0	0	2	2
562.23882	0	2	2	0	2	2	1	2	0	0	0	0	2	2
562.23883	0	2	2	0	2	2	1	2	0	0	0	0	2	2
562.23885	0	2	2	0	2	2	1	2	0	0	0	0	2	2
562.23886	0	2	2	0	2	2	1	2	0	0	0	0	2	2
562.23887	0	2	2	0	2	2	0	2	0	0	0	0	2	2
562.23889	0	2	2	0	2	2	0	2	0	0	0	0	2	2
562.23890	0	2	2	0	2	2	1	2	0	0	0	0	2	2
562.23891	0	2	2	0	2	2	0	2	0	0	0	0	2	2
562.23892	0	2	2	0	2	2	1	2	0	0	0	1	2	2
562.23893	0	2	2	0	2	2	0	2	0	0	0	1	2	2
562.23896	0	2	2	0	2	2	0	2	0	0	0	0	2	2
562.23897	0	2	2	0	2	2	0	2	0	0	0	0	2	2
562.23898	0	2	2	0	2	2	0	2	0	0	0	0	2	2
562.23902	0	2	2	0	2	2	1	2	0	0	0	0	2	2
562.23903	0	2	2	0	2	2	0	2	0	0	0	0	2	2
562.23904	0	2	2	0	2	2	1	2	0	0	0	0	2	2
562.23905	0	2	2	0	2	2	0	2	0	0	0	0	2	2
562.23906	0	2	2	0	2	2	1	2	0	0	0	1	2	2
562.23907	0	2	2	0	2	2	1	2	0	1	0	1	2	2
562.23908	0	2	2	0	2	2	0	2	0	0	0	0	2	2
562.23910	0	2	2	0	2	2	1	2	0	0	0	0	2	2
562.23912	0	2	2	0	2	2	1	2	0	0	0	0	2	2
562.23913	0	2	2	0	2	2	1	2	1	2	2	1	2	2
562.23914	0	2	2	1	2	2	1	2	0	0	1	1	2	2
562.23915	0	2	2	0	2	2	1	2	0	0	0	0	2	2
562.23916	0	2	2	0	2	2	1	2	0	0	0	0	2	2
562.23917	0	2	2	0	2	2	1	2	0	0	0	0	2	2
562.23918	0	2	2	0	2	2	1	2	1	0	0	0	2	2
562.23919	0	2	2	0	2	2	0	2	0	0	0	0	2	2
562.23920	0	2	2	0	2	2	1	2	0	0	0	0	2	2
562.23921	0	2	2	0	2	2	0	2	0	0	0	0	2	2
562.23922	0	2	2	0	2	2	0	2	0	0	0	0	2	2
562.23924	0	2	2	0	2	2	0	2	0	0	0	0	2	2
562.23925	0	2	2	0	2	2	1	2	1	0	0	0	2	2
562.23927	0	2	2	0	2	2	1	2	0	0	0	1	2	2
562.23929	0	2	2	0	2	2	0	2	0	0	0	0	2	2
562.23930	0	2	2	0	2	2	1	2	0	0	0	0	2	2
562.23931	0	2	2	0	2	2	1	2	0	0	0	0	2	2
562.23932	0	2	2	0	2	2	0	2	2	0	0	0	2	2
562.23933	0	2	2	0	2	2	1	2	0	0	0	0	2	2
562.23934	0	2	2	0	2	2	0	2	0	0	0	0	2	2
562.23935	0	2	2	0	2	2	1	2	0	0	0	0	2	2
562.23936	0	2	2	0	2	2	0	2	0	0	0	0	2	2
562.28389	0	0	0	0	0	0	2	2	0	0	0	2	0	0
562.28435	0	0	1	1	1	1	2	2	0	1	1	2	1	1
562.28565	0	0	1	0	0	0	2	2	0	0	0	2	1	1
562.33280	0	1	0	1	1	1	2	2	1	0	1	2	0	1
562.34086	0	0	1	0	0	0	2	2	0	1	1	2	1	1
562.34089	0	1	0	1	1	0	2	2	0	0	1	2	0	1
562.42642	0	1	0	1	2	0	2	2	2	0	2	2	0	1
562.42656	0	1	0	1	2	0	2	2	2	0	2	2	0	1
562.42668	0	0	0	1	2	1	2	2	0	0	2	2	1	1
562.42674	0	1	0	1	2	0	2	2	0	0	2	2	0	1
562.42676	0	0	2	0	2	0	2	2	0	1	2	2	1	1
562.42681	0	0	0	1	2	0	2	2	0	0	2	2	1	1
562.42682	0	0	0	1	2	0	2	2	0	0	2	2	0	1
562.42684	0	1	0	1	2	0	2	2	0	0	2	2	0	1
562.42688	0	0	2	0	2	0	2	2	0	1	2	2	0	1
562.42689	0	1	1	1	2	2	2	2	0	1	2	2	1	1
562.42690	0	1	0	1	2	1	2	2	2	1	2	2	1	1
562.42691	0	0	0	1	2	0	2	2	0	0	2	2	1	1
562.42692	0	1	0	1	2	1	2	2	0	0	2	2	0	1
562.42703	0	0	0	1	2	1	2	2	0	0	2	2	1	1
562.42704	0	0	0	0	2	0	2	2	0	0	2	2	1	1
562.42705	0	0	0	0	2	0	2	2	0	1	2	2	1	1
562.42707	0	0	0	1	2	1	2	2	0	0	2	2	0	1
562.42708	0	1	0	1	2	0	2	2	1	0	2	2	0	1
562.42709	0	0	0	0	2	0	2	2	1	0	2	2	0	1
562.42715	0	0	0	0	2	0	2	2	0	0	2	2	0	1
562.42716	0	0	0	0	2	0	2	2	2	0	2	2	1	1
562.42721	0	1	0	1	2	0	2	2	0	0	2	2	0	1
562.42724	0	0	0	0	2	0	2	2	0	0	2	2	1	1
562.42728	0	1	0	1	2	0	2	2	0	0	2	2	0	1
562.42730	0	0	0	0	2	0	2	2	0	0	2	2	1	1
562.42732	0	0	0	0	2	0	2	2	0	0	2	2	0	1
562.42743	0	1	0	0	2	0	2	2	0	0	2	2	0	1
562.42746	0	0	0	1	2	0	2	2	0	0	2	2	1	1
562.42748	0	1	0	2	2	0	2	2	0	0	2	2	0	1
562.42752	0	0	0	0	2	0	2	2	0	0	2	2	1	1
562.42754	0	0	0	0	2	0	2	2	2	0	2	2	0	1
562.42757	0	1	0	1	2	0	2	2	0	1	2	2	1	1
562.42772	0	2	2	2	1	2	2	2	0	1	2	2	1	1
562.42778	0	2	2	2	1	2	2	2	0	1	2	2	1	1
562.42785	0	2	2	2	0	0	2	2	0	0	2	2	0	1
562.42796	0	2	2	2	0	0	2	2	0	0	2	2	0	1
562.42811	0	2	2	2	0	0	2	2	0	0	2	2	0	1
562.42815	0	2	2	2	0	0	2	2	0	0	2	2	0	1
562.42835	0	1	0	1	1	0	2	2	1	0	1	2	0	1
562.42836	0	2	2	0	0	0	2	2	0	1	0	2	1	1
562.42838	0	0	0	0	0	0	2	2	0	0	0	2	0	1
562.42842	0	1	0	1	1	1	2	2	1	0	1	2	0	1
562.42844	0	0	0	0	0	0	2	2	0	0	0	2	0	0
562.42845	0	0	0	0	0	0	2	2	0	0	0	2	0	0
562.42846	0	1	0	1	1	0	2	2	1	0	1	2	0	1
562.42847	0	0	1	0	0	0	2	2	0	1	0	2	1	1
562.42851	0	1	0	1	1	0	2	2	1	0	1	2	0	1
562.42856	0	1	0	1	1	0	2	2	0	0	1	2	0	1
562.42857	0	1	0	0	0	0	2	2	0	0	2	2	0	1
562.42860	0	1	0	1	1	0	2	2	0	0	1	2	0	1
562.42865	0	1	0	1	1	0	2	2	0	0	1	2	1	1
562.42870	0	1	0	1	1	1	2	2	1	0	1	2	1	1
562.42871	0	1	0	1	1	1	2	2	1	0	1	2	0	1
562.45846	0	2	0	2	1	0	2	2	2	0	2	2	2	1
562.45852	0	2	0	2	2	0	2	2	2	0	2	2	2	1
562.45853	0	2	0	2	2	0	2	2	2	0	2	2	2	1
562.45964	0	2	2	2	1	0	2	2	2	1	2	2	2	2
562.22543	2	1	0	1	2	0	2	0	0	0	1	1	2	1
562.48345	2	1	2	2	2	2	2	2	2	0	2	2	2	1
562.48346	2	1	2	2	2	2	2	2	2	0	2	2	2	1
562.48348	2	1	2	2	2	2	2	2	2	0	2	2	2	1
562.48349	2	1	2	2	2	2	2	2	2	0	2	2	2	1
562.12962	2	0	0	0	0	0	2	1	0	0	1	1	2	1
562.17733	2	0	2	0	0	0	0	2	0	2	0	0	2	2
562.22469	2	0	0	0	0	0	2	0	0	0	0	0	2	1
562.22472	2	0	0	0	0	0	2	0	0	0	0	0	2	1
562.22619	2	0	0	0	0	0	2	1	0	0	0	0	2	1
562.22685	2	0	1	0	0	0	2	1	0	1	0	0	2	1
562.22880	2	0	0	0	0	0	2	1	0	0	0	0	2	1
562.42697	2	0	0	0	2	0	2	2	0	0	2	2	1	1
562.42717	2	0	0	2	2	0	2	2	0	0	2	2	1	1
562.42739	2	2	1	1	2	1	2	2	0	1	2	2	1	1
1328437.3	2	2	2	1	2	1	2	2	2	2	2	2	2	2
1328439.3	2	2	2	1	2	2	2	2	2	2	2	2	2	2
562.23024	2	2	2	0	2	2	1	2	0	1	0	0	2	2
562.23140	2	2	2	0	2	2	1	2	1	0	0	0	2	2
562.23171	2	2	2	0	2	2	0	2	0	0	0	0	2	2
562.23548	2	2	2	0	2	2	1	2	0	0	0	0	2	2
562.23580	2	2	2	0	2	2	1	2	0	0	0	1	2	2
562.23926	2	2	2	0	2	2	0	2	0	0	0	0	2	2
562.42760	2	2	2	2	1	1	1	2	0	2	2	1	2	2
1328441.3	2	2	2	2	2	1	2	2	2	2	2	2	2	2
1328442.3	2	2	2	2	2	1	2	2	2	2	2	2	2	2
1328443.3	2	2	2	2	2	1	2	2	2	2	2	2	2	2
1328444.3	2	2	2	2	2	1	2	2	2	2	2	2	2	2
1328445.3	2	2	2	2	2	1	2	2	2	2	2	2	2	2
1400156.3	2	2	2	2	2	0	2	2	1	2	2	2	2	2
1400157.3	2	2	2	2	2	0	2	2	2	2	2	2	2	2
1328448.3	2	2	2	2	2	2	2	2	0	2	2	2	2	2
1328449.3	2	2	2	2	2	2	2	2	0	2	2	2	2	2
1328450.3	2	2	2	2	2	2	2	2	0	2	2	2	2	2
