	tetracycline	trimethoprim_sulfamethoxazole	clindamycin	ciprofloxacin	methicillin	oxacillin	gentamicin	erythromycin	penicillin
1280.10018	1	2	2	0	0	2	0	0	1
1280.10019	1	2	2	0	0	2	0	1	1
1280.10038	1	2	2	0	0	2	0	0	1
1280.10045	1	2	2	0	0	2	0	0	1
1280.16550	1	0	1	2	2	1	1	1	1
1280.16761	1	1	0	2	2	1	1	0	1
1280.16763	1	0	1	1	2	1	1	0	1
1280.7334	1	1	1	1	2	2	1	1	2
1280.7337	1	1	1	1	2	2	1	1	2
1280.7343	1	1	1	1	2	2	1	1	2
1280.7349	1	1	1	1	2	2	1	1	2
1280.7352	1	1	1	1	2	2	1	1	2
1280.7354	1	1	1	1	2	2	1	1	2
1280.7355	1	1	1	1	2	2	1	1	2
1280.7356	1	1	1	1	2	2	1	1	2
1280.7357	1	1	1	1	2	2	1	1	2
1280.7359	1	1	1	1	2	2	1	1	2
1280.7360	1	1	1	1	2	2	1	1	2
1280.7361	1	1	1	1	2	2	1	1	2
1280.7362	1	1	1	1	2	2	1	1	2
1280.7363	1	1	1	1	2	2	1	1	2
1280.7374	1	0	1	0	2	2	1	1	2
1280.7375	1	0	1	0	2	2	1	1	2
1280.7376	1	0	1	0	2	2	1	1	2
1280.7420	1	2	2	0	0	2	0	0	1
1280.7951	1	2	2	0	0	2	0	0	1
1280.8055	1	2	2	0	0	2	0	0	1
1280.8236	1	2	2	0	1	2	0	0	1
1280.8269	1	2	2	0	0	2	0	0	1
1280.8275	1	2	2	0	0	2	0	0	1
1280.8285	1	2	2	0	0	2	0	0	1
1280.8305	1	2	2	0	0	2	0	0	1
1280.8309	1	2	2	0	0	2	0	0	1
1280.8344	1	2	2	0	0	2	0	0	0
1280.8410	1	2	0	0	0	2	0	0	1
1280.8460	1	2	2	0	0	2	0	0	1
1280.8466	1	2	2	0	0	2	0	0	1
1280.8520	1	2	1	1	1	2	0	1	1
1280.8613	1	2	2	0	0	2	0	0	0
1280.8617	1	2	2	0	0	2	0	1	1
1280.8687	1	2	1	0	0	2	0	1	1
1280.8736	1	2	1	1	1	2	0	1	1
1280.8760	1	2	0	0	1	2	0	0	1
1280.8766	1	2	0	0	1	2	0	0	1
1280.8773	1	2	2	0	0	2	0	0	1
1280.8833	1	2	2	0	0	2	0	0	1
1280.8840	1	1	1	1	2	2	1	1	2
1280.8844	1	1	1	1	2	2	1	1	2
1280.8845	1	1	1	1	2	2	1	1	2
1280.8848	1	1	1	1	2	2	1	1	2
1280.8849	1	1	1	1	2	2	1	1	2
1280.9188	1	1	0	1	2	2	0	0	2
1280.9189	1	1	1	1	2	2	1	1	2
1280.9192	1	1	1	1	2	2	1	1	2
1280.9197	1	1	1	1	2	2	1	1	2
1280.9199	1	1	1	1	2	2	1	1	2
1280.9200	1	1	1	1	2	2	1	1	2
1280.9202	1	1	1	1	2	2	1	1	2
1280.9204	1	1	1	1	2	2	1	1	2
1280.9206	1	1	1	1	2	2	1	1	2
1280.9207	1	1	1	1	2	2	1	1	2
1280.9209	1	1	1	1	2	2	1	1	2
1280.9211	1	1	1	1	2	2	1	1	2
1280.9212	1	1	1	1	2	2	1	1	2
1280.9213	1	1	1	1	2	2	1	1	2
1280.9216	1	1	1	1	2	2	1	1	2
1280.9218	1	1	1	1	2	2	1	1	2
1280.9221	1	1	1	1	2	2	1	1	2
1280.9222	1	1	1	1	2	2	1	1	2
1280.9223	1	1	1	1	2	2	1	1	2
1280.9224	1	1	1	1	2	2	1	1	2
1280.9225	1	1	1	1	2	2	1	1	2
1280.9232	1	1	1	1	2	2	1	1	2
1280.9233	1	1	1	1	2	2	1	1	2
1280.9237	1	1	1	1	2	2	1	1	2
1280.9238	1	1	1	1	2	2	1	1	2
1280.9239	1	1	1	1	2	2	1	1	2
1280.9240	1	1	1	1	2	2	1	1	2
1280.9241	1	1	1	1	2	2	1	1	2
1280.9242	1	1	1	1	2	2	1	1	2
1280.9243	1	1	1	1	2	2	1	1	2
1280.9244	1	1	1	1	2	2	1	1	2
1280.9246	1	1	1	1	2	2	1	1	2
1280.9247	1	1	1	1	2	2	1	1	2
1280.9248	1	1	1	1	2	2	1	1	2
1280.9251	1	1	1	1	2	2	1	1	2
1280.9255	1	1	1	1	2	2	1	1	2
1280.9256	1	1	1	1	2	2	1	1	2
1280.9257	1	1	1	1	2	2	1	1	2
1280.9258	1	1	1	1	2	2	1	1	2
1280.9259	1	1	1	1	2	2	1	1	2
1280.9260	1	1	1	1	2	2	1	1	2
1280.9261	1	1	1	1	2	2	1	1	2
1280.9262	1	1	1	1	2	2	1	1	2
1280.9266	1	1	1	1	2	2	1	1	2
1280.9269	1	1	1	1	2	2	1	1	2
1280.9270	1	1	1	1	2	2	1	1	2
1280.9271	1	1	1	1	2	2	1	1	2
1280.9272	1	1	1	1	2	2	1	1	2
1280.9273	1	1	1	1	2	2	0	1	2
1280.9275	1	1	1	1	2	2	1	1	2
1280.9278	1	1	1	1	2	2	1	1	2
1280.9279	1	1	1	1	2	2	1	1	2
1280.9280	1	1	1	1	2	2	1	1	2
1280.9281	1	1	1	1	2	2	1	1	2
1280.9282	1	1	1	1	2	2	1	1	2
1280.9283	1	1	1	1	2	2	0	1	2
1280.9285	1	1	1	1	2	2	1	1	2
1280.9290	1	1	1	1	2	2	1	1	2
1280.9291	1	1	1	1	2	2	1	1	2
1280.9293	1	1	1	1	2	2	1	1	2
1280.9295	1	1	1	1	2	2	1	1	2
1280.9303	1	1	1	1	2	2	1	1	2
1280.9308	1	1	1	1	2	2	1	1	2
1280.9312	1	0	1	1	2	2	0	1	2
1280.9313	1	1	1	1	2	2	1	1	2
1280.9316	1	0	1	1	2	2	0	1	2
1280.9317	1	1	1	1	2	2	1	1	2
1280.9318	1	1	1	1	2	2	1	1	2
1280.9319	1	0	1	1	2	2	0	1	2
1280.9321	1	0	1	1	2	2	1	1	2
1280.9322	1	1	1	1	2	2	1	1	2
1280.9323	1	1	1	1	2	2	1	1	2
1280.9326	1	1	1	1	2	2	1	1	2
1280.9327	1	1	1	1	2	2	1	1	2
1280.9328	1	1	1	1	2	2	1	1	2
1280.9329	1	1	1	1	2	2	1	1	2
1280.9330	1	1	1	1	2	2	1	1	2
1280.9331	1	0	1	1	2	2	0	1	2
1280.9333	1	0	1	1	2	2	0	1	2
1280.9335	1	1	1	1	2	2	1	1	2
1280.9336	1	1	1	1	2	2	1	1	2
1280.9337	1	1	1	1	2	2	1	1	2
1280.9340	1	1	1	1	2	2	1	1	2
1280.9341	1	1	1	1	2	2	1	1	2
1280.9343	1	1	1	1	2	2	1	1	2
1280.9344	1	1	1	1	2	2	1	1	2
1280.9346	1	1	1	1	2	2	1	1	2
1280.9347	1	0	1	1	2	2	0	1	2
1280.9348	1	1	1	1	2	2	1	1	2
1280.9351	1	1	1	1	2	2	1	1	2
1280.9352	1	1	1	1	2	2	1	1	2
1280.9353	1	1	1	1	2	2	1	1	2
1280.9354	1	1	1	1	2	2	1	1	2
1280.9356	1	1	1	1	2	2	1	1	2
1280.9358	1	1	1	1	2	2	1	1	2
1280.9359	1	1	1	1	2	2	1	1	2
1280.9360	1	1	1	1	2	2	1	1	2
1280.9361	1	1	1	1	2	2	1	1	2
1280.9362	1	1	1	1	2	2	1	1	2
1280.9363	1	1	1	1	2	2	1	1	2
1280.9364	1	1	1	1	2	2	1	1	2
1280.9367	1	1	1	1	2	2	1	1	2
1280.9368	1	0	1	1	2	2	1	1	2
1280.9369	1	1	1	1	2	2	1	1	2
1280.9370	1	1	1	1	2	2	1	1	2
1280.9371	1	1	1	1	2	2	1	1	2
1280.9372	1	1	1	1	2	2	1	1	2
1280.9373	1	1	1	1	2	2	1	1	2
1280.9374	1	0	1	1	2	2	1	1	2
1280.9375	1	1	1	1	2	2	1	1	2
1280.9376	1	1	1	1	2	2	1	1	2
1280.9377	1	1	1	1	2	2	1	1	2
1280.9378	1	1	1	1	2	2	1	1	2
1280.9379	1	0	1	0	2	2	1	1	2
1280.9380	1	1	1	1	2	2	1	1	2
1280.9381	1	1	1	1	2	2	1	1	2
1280.9382	1	1	1	1	2	2	1	1	2
1280.9383	1	0	1	1	2	2	1	1	2
1280.9384	1	0	1	1	2	2	1	1	2
1280.9385	1	1	1	1	2	2	1	1	2
1280.9386	1	0	1	0	2	2	1	1	2
1280.9387	1	1	1	2	2	2	1	1	2
1280.9388	1	0	1	1	2	2	1	1	2
1280.9398	1	0	1	1	2	2	1	1	2
1280.9399	1	0	1	1	2	2	1	1	2
1280.9400	1	0	1	1	2	2	1	1	2
1280.9401	1	1	1	1	2	2	1	1	2
1280.9402	1	1	1	1	2	2	1	1	2
1280.9403	1	1	1	1	2	2	1	1	2
1280.9404	1	1	1	1	2	2	1	1	2
1280.9405	1	1	1	1	2	2	1	1	2
1280.9406	1	0	1	0	2	2	1	1	2
1280.9407	1	0	1	0	2	2	1	1	2
1280.9427	1	2	2	0	0	2	0	0	1
1280.9428	1	2	2	0	0	2	0	0	1
1280.9737	1	2	2	0	0	2	0	0	1
1280.9761	1	2	2	0	0	2	0	0	0
1280.9763	1	2	2	0	0	2	0	0	1
1280.9767	1	2	2	0	0	2	0	0	1
1280.9793	1	2	2	1	1	2	0	1	1
1280.9803	1	2	2	1	1	2	0	0	1
1280.9809	1	2	2	0	0	2	0	0	1
1280.9810	1	2	2	0	0	2	0	0	1
1280.9831	1	2	2	1	1	2	0	1	1
1280.9832	1	2	2	1	1	2	0	0	1
1280.9848	1	2	2	0	0	2	0	0	0
1280.9857	1	2	2	0	0	2	0	0	1
1280.9858	1	2	2	0	0	2	0	0	1
1280.9861	1	2	2	0	0	2	0	0	1
1280.9891	1	2	0	0	0	2	0	0	1
1280.9897	1	2	1	0	1	2	0	1	1
1280.9917	1	2	0	1	1	2	0	1	1
1283.352	1	2	2	0	2	0	1	1	2
1283.371	1	2	2	1	2	1	1	0	2
1283.375	1	2	2	1	2	1	1	1	2
1283.377	1	2	2	1	2	1	1	1	2
1283.382	1	2	2	1	2	1	1	1	2
1283.383	1	2	2	1	2	1	0	1	2
1283.385	1	2	2	0	2	1	1	0	2
1283.386	1	2	2	0	2	1	1	0	2
1283.387	1	2	2	0	2	1	1	0	2
1283.389	1	2	2	0	2	1	1	1	2
1283.392	1	2	2	1	2	1	1	0	2
1283.396	1	2	2	0	2	1	1	1	2
1283.398	1	2	2	0	2	0	0	0	2
1283.402	1	2	2	1	2	1	1	1	2
1283.403	1	2	2	1	2	1	1	1	2
1283.404	1	2	2	0	2	1	1	0	2
1283.405	1	2	2	1	2	1	1	1	2
1283.406	1	2	2	1	2	1	1	1	2
1283.407	1	2	2	1	2	1	1	1	2
1283.408	1	2	2	0	2	0	0	0	2
1283.413	1	2	2	1	2	1	1	1	2
1283.415	1	2	2	1	2	1	0	0	2
1283.419	1	2	2	1	2	1	1	0	2
1283.421	1	2	2	1	2	1	0	0	2
1283.424	1	2	2	1	2	1	1	1	2
1283.425	1	2	2	1	2	1	1	1	2
1283.426	1	2	2	0	2	1	1	0	2
1283.429	1	2	2	0	2	1	1	1	2
1283.430	1	2	2	1	2	1	1	1	2
1283.436	1	2	2	1	2	1	1	1	2
1283.437	1	2	2	1	2	1	1	1	2
1283.438	1	2	2	0	2	1	1	1	2
1283.441	1	2	2	1	2	1	1	1	2
1283.444	1	2	2	1	2	1	1	1	2
1283.453	1	2	2	1	2	1	1	1	2
1283.468	1	2	2	1	2	1	1	1	2
1283.474	1	2	2	1	2	1	1	1	2
904784.3	1	1	1	0	2	1	1	1	2
904787.3	1	1	1	1	2	1	1	1	2
1280.10000	0	2	2	1	1	2	0	1	1
1280.10001	0	2	2	0	0	2	0	0	1
1280.10002	0	2	2	0	0	2	0	0	0
1280.10003	0	2	2	0	0	2	0	0	1
1280.10004	0	2	2	0	0	2	0	0	1
1280.10005	0	2	2	0	0	2	0	0	1
1280.10006	0	2	2	0	0	2	0	0	0
1280.10007	0	2	2	1	1	2	0	0	1
1280.10008	0	2	2	0	0	2	0	0	1
1280.10009	0	2	2	0	0	2	0	1	1
1280.10010	0	2	2	0	0	2	0	0	0
1280.10011	0	2	2	0	0	2	0	0	1
1280.10012	0	2	2	0	0	2	0	0	0
1280.10013	0	2	2	0	0	2	0	0	0
1280.10014	0	2	2	0	0	2	0	0	1
1280.10015	0	2	2	0	0	2	0	0	0
1280.10016	0	2	2	0	0	2	0	0	1
1280.10017	0	2	2	0	0	2	0	0	1
1280.10020	0	2	2	1	0	2	0	0	1
1280.10021	0	2	2	0	0	2	0	0	1
1280.10022	0	2	2	0	0	2	0	0	1
1280.10023	0	2	2	0	0	2	0	0	0
1280.10024	0	2	2	0	0	2	0	0	0
1280.10025	0	2	2	0	0	2	0	0	1
1280.10026	0	2	2	0	0	2	0	0	0
1280.10027	0	2	2	0	0	2	0	0	1
1280.10028	0	2	2	0	0	2	0	0	1
1280.10029	0	2	2	0	0	2	0	0	0
1280.10030	0	2	2	0	0	2	0	0	0
1280.10031	0	2	2	0	0	2	0	0	0
1280.10032	0	2	2	0	0	2	0	0	1
1280.10033	0	2	2	0	0	2	0	0	1
1280.10034	0	2	2	0	0	2	0	0	1
1280.10035	0	2	2	1	0	2	0	0	1
1280.10036	0	2	2	0	0	2	0	0	1
1280.10037	0	2	2	0	0	2	0	0	1
1280.10039	0	2	2	0	0	2	0	0	1
1280.10040	0	2	2	0	0	2	0	1	0
1280.10041	0	2	2	0	0	2	0	0	1
1280.10042	0	2	2	0	0	2	0	0	1
1280.10043	0	2	2	0	0	2	0	0	1
1280.10044	0	2	2	0	0	2	0	0	0
1280.10046	0	2	2	0	0	2	0	0	1
1280.10047	0	2	2	0	0	2	0	0	1
1280.10048	0	2	2	0	0	2	0	0	1
1280.10049	0	2	2	0	0	2	0	0	0
1280.15930	0	0	0	1	2	1	0	0	1
1280.15931	0	0	0	1	2	1	0	1	1
1280.15938	0	0	0	0	2	0	0	0	2
1280.15939	0	0	0	0	2	2	1	0	2
1280.16051	0	0	0	0	2	0	0	0	2
1280.16052	0	0	0	0	2	0	0	0	2
1280.16061	0	0	0	2	2	0	0	0	1
1280.16384	0	0	0	2	2	0	0	0	1
1280.16385	0	0	0	2	2	0	0	0	1
1280.16387	0	0	1	2	2	0	0	1	1
1280.16436	0	0	1	0	2	0	0	0	2
1280.16548	0	0	1	2	2	1	0	1	1
1280.16549	0	0	0	2	2	1	0	0	1
1280.16551	0	0	0	2	2	1	0	1	1
1280.16553	0	0	0	2	2	0	0	0	1
1280.16555	0	0	1	2	2	0	0	1	1
1280.16556	0	0	0	2	2	1	0	1	1
1280.16557	0	0	1	2	2	0	0	1	1
1280.16558	0	0	1	2	2	1	0	1	1
1280.16566	0	0	0	2	2	1	0	1	1
1280.16567	0	0	1	2	2	0	0	1	1
1280.16568	0	0	1	2	2	1	0	1	1
1280.16569	0	0	0	2	2	0	0	0	1
1280.16570	0	0	1	2	2	1	0	1	1
1280.16759	0	0	1	2	2	1	0	1	1
1280.16760	0	0	1	2	2	1	0	1	1
1280.16762	0	0	1	2	2	1	0	1	1
1280.16768	0	0	0	2	2	1	0	1	1
1280.17656	0	0	1	2	2	1	0	1	1
1280.17671	0	0	1	2	2	1	1	1	1
1280.19784	0	0	0	1	2	2	0	0	2
1280.19785	0	2	0	0	2	2	0	0	1
1280.19786	0	1	0	2	2	1	0	0	1
1280.21073	0	0	0	0	2	0	0	0	2
1280.21074	0	0	0	0	2	0	0	0	2
1280.21075	0	0	0	0	2	0	0	0	2
1280.4998	0	0	0	2	2	0	0	0	1
1280.7372	0	0	1	0	2	2	1	1	2
1280.7373	0	0	1	0	2	2	1	1	2
1280.7377	0	2	1	1	1	2	0	1	1
1280.7383	0	2	2	0	0	2	0	0	1
1280.7384	0	2	2	0	0	2	0	0	1
1280.7391	0	2	2	0	0	2	0	0	1
1280.7392	0	2	2	0	0	2	0	0	0
1280.7399	0	2	0	0	0	2	0	0	1
1280.7402	0	2	2	0	0	2	0	0	0
1280.7403	0	2	2	0	0	2	0	0	1
1280.7404	0	2	0	0	0	2	0	0	1
1280.7405	0	2	0	0	0	2	0	0	1
1280.7406	0	2	2	0	0	2	0	0	1
1280.7407	0	2	0	0	0	2	0	0	1
1280.7408	0	2	1	1	1	2	0	1	1
1280.7411	0	2	1	1	1	2	0	1	1
1280.7413	0	2	1	1	1	2	0	1	1
1280.7414	0	2	2	0	0	2	0	0	1
1280.7415	0	2	2	0	0	2	0	0	1
1280.7416	0	2	2	0	0	2	0	0	1
1280.7419	0	2	2	1	1	2	0	0	1
1280.7422	0	2	2	0	0	2	0	0	1
1280.7424	0	2	2	1	1	2	0	1	1
1280.7429	0	2	2	1	1	2	0	1	1
1280.7432	0	2	2	1	1	2	0	1	1
1280.7433	0	2	2	0	0	2	0	0	1
1280.7435	0	2	2	0	0	2	0	0	1
1280.7436	0	2	2	0	0	2	0	0	1
1280.7438	0	2	2	0	0	2	0	0	0
1280.7439	0	2	0	0	0	2	0	0	1
1280.7440	0	2	0	0	0	2	0	0	1
1280.7441	0	2	0	0	0	2	0	0	1
1280.7443	0	2	0	0	0	2	0	0	1
1280.7444	0	2	1	1	1	2	0	1	1
1280.7445	0	2	1	1	1	2	0	1	1
1280.7446	0	2	0	0	0	2	0	0	1
1280.7447	0	2	0	0	0	2	0	0	1
1280.7456	0	2	2	1	1	2	0	1	1
1280.7908	0	2	2	0	0	2	0	0	0
1280.7912	0	2	2	0	0	2	0	0	1
1280.7913	0	2	2	0	0	2	0	0	0
1280.7914	0	2	2	0	0	2	0	0	1
1280.7915	0	2	2	0	0	2	0	0	1
1280.7916	0	2	2	0	0	2	0	0	1
1280.7917	0	2	2	0	0	2	0	0	1
1280.7920	0	2	2	0	0	2	0	0	1
1280.7922	0	2	2	1	0	2	0	0	1
1280.7923	0	2	2	0	0	2	0	0	1
1280.7925	0	2	2	0	0	2	0	0	1
1280.7928	0	2	2	0	0	2	0	0	1
1280.7929	0	2	2	0	0	2	0	0	1
1280.7930	0	2	2	0	0	2	0	0	1
1280.7933	0	2	2	0	0	2	0	0	0
1280.7935	0	2	2	0	0	2	0	0	0
1280.7937	0	2	2	1	0	2	0	0	1
1280.7938	0	2	2	1	1	2	0	0	1
1280.7939	0	2	2	0	0	2	0	0	1
1280.7940	0	2	2	0	0	2	0	0	0
1280.7941	0	2	2	0	0	2	0	0	1
1280.7944	0	2	2	0	0	2	0	0	1
1280.7946	0	2	2	0	0	2	0	0	1
1280.7948	0	2	2	0	0	2	0	1	1
1280.7949	0	2	2	0	0	2	0	0	1
1280.7950	0	2	2	0	0	2	0	0	1
1280.7953	0	2	2	0	0	2	0	0	1
1280.7957	0	2	2	0	0	2	0	1	1
1280.7959	0	2	2	0	0	2	0	0	1
1280.7960	0	2	2	0	0	2	0	0	1
1280.7961	0	2	2	0	0	2	0	0	0
1280.7962	0	2	2	0	0	2	0	0	1
1280.7964	0	2	2	0	0	2	0	0	0
1280.7965	0	2	2	0	0	2	0	0	1
1280.7966	0	2	2	0	0	2	0	0	1
1280.7968	0	2	2	0	0	2	0	0	1
1280.7969	0	2	2	0	0	2	0	0	0
1280.7970	0	2	2	0	0	2	0	0	1
1280.7973	0	2	2	0	0	2	0	0	1
1280.7977	0	2	2	0	0	2	0	0	1
1280.7979	0	2	2	0	0	2	0	0	1
1280.7980	0	2	2	0	0	2	0	0	1
1280.7983	0	2	2	0	0	2	0	0	1
1280.7985	0	2	2	1	1	2	0	1	1
1280.7986	0	2	2	0	0	2	0	0	1
1280.7987	0	2	2	0	0	2	0	0	0
1280.7990	0	2	2	0	0	2	0	0	1
1280.7991	0	2	2	0	0	2	0	1	1
1280.7992	0	2	2	0	0	2	0	0	1
1280.7994	0	2	2	0	0	2	0	0	1
1280.7996	0	2	2	0	0	2	0	0	1
1280.7998	0	2	2	0	0	2	0	0	1
1280.8001	0	2	2	0	0	2	0	0	1
1280.8004	0	2	2	1	1	2	0	1	1
1280.8008	0	2	2	1	1	2	0	1	1
1280.8018	0	2	2	1	1	2	0	0	1
1280.8032	0	2	2	0	0	2	0	0	1
1280.8034	0	2	2	0	0	2	0	0	1
1280.8037	0	2	2	0	0	2	0	0	1
1280.8039	0	2	2	0	0	2	0	0	1
1280.8040	0	2	2	0	0	2	0	0	1
1280.8042	0	2	2	0	0	2	0	0	1
1280.8043	0	2	2	0	0	2	0	0	1
1280.8044	0	2	2	0	0	2	0	0	1
1280.8046	0	2	2	0	0	2	0	0	1
1280.8047	0	2	2	0	0	2	0	0	1
1280.8051	0	2	2	0	0	2	0	0	1
1280.8052	0	2	2	0	0	2	0	0	0
1280.8053	0	2	2	0	0	2	0	0	1
1280.8054	0	2	2	0	0	2	0	0	1
1280.8056	0	2	2	1	1	2	0	1	1
1280.8059	0	2	2	0	0	2	0	0	1
1280.8060	0	2	2	0	0	2	0	0	0
1280.8063	0	2	2	0	0	2	0	0	1
1280.8066	0	2	2	1	1	2	0	1	1
1280.8067	0	2	2	0	0	2	0	0	1
1280.8070	0	2	1	1	1	2	0	1	1
1280.8072	0	2	1	1	1	2	1	1	1
1280.8073	0	2	2	1	1	2	0	1	1
1280.8075	0	2	2	1	1	2	0	1	1
1280.8076	0	2	0	0	0	2	0	0	1
1280.8077	0	2	2	1	1	2	0	1	1
1280.8081	0	2	0	0	0	2	0	0	0
1280.8084	0	2	0	0	0	2	0	0	1
1280.8087	0	2	0	0	0	2	0	0	0
1280.8088	0	2	1	1	0	2	0	1	1
1280.8089	0	2	0	0	0	2	0	0	0
1280.8090	0	2	1	1	0	2	0	1	1
1280.8093	0	2	0	0	0	2	0	0	0
1280.8094	0	2	2	0	0	2	0	0	1
1280.8096	0	2	2	0	0	2	0	0	1
1280.8097	0	2	0	0	0	2	0	0	1
1280.8098	0	2	0	0	0	2	0	0	1
1280.8099	0	2	2	0	0	2	0	0	1
1280.8100	0	2	2	0	0	2	0	0	0
1280.8101	0	2	0	0	0	2	0	0	1
1280.8103	0	2	0	0	0	2	0	0	1
1280.8105	0	2	0	0	0	2	0	0	1
1280.8106	0	2	1	0	0	2	0	1	0
1280.8107	0	2	2	0	0	2	0	1	0
1280.8108	0	2	0	0	0	2	0	0	1
1280.8109	0	2	0	0	0	2	0	0	1
1280.8110	0	2	2	0	0	2	0	0	1
1280.8117	0	2	0	0	0	2	0	0	1
1280.8118	0	2	0	0	0	2	0	0	1
1280.8122	0	2	2	0	0	2	0	0	0
1280.8123	0	2	2	0	0	2	0	1	1
1280.8124	0	2	2	0	0	2	0	1	1
1280.8126	0	2	2	0	0	2	0	1	1
1280.8127	0	2	0	0	0	2	0	0	1
1280.8129	0	2	2	0	0	2	0	0	1
1280.8130	0	2	2	0	0	2	0	0	1
1280.8133	0	2	0	0	0	2	0	0	1
1280.8134	0	2	0	0	0	2	0	0	1
1280.8135	0	2	0	0	0	2	0	0	1
1280.8136	0	2	0	0	0	2	0	0	1
1280.8137	0	2	0	0	0	2	0	0	1
1280.8138	0	2	1	0	0	2	0	1	1
1280.8146	0	2	0	0	0	2	0	0	1
1280.8147	0	2	2	0	0	2	0	0	1
1280.8149	0	2	2	0	0	2	0	0	1
1280.8150	0	2	1	0	0	2	0	1	1
1280.8151	0	2	1	0	0	2	0	1	0
1280.8152	0	2	0	0	0	2	0	0	1
1280.8154	0	2	0	0	0	2	0	0	1
1280.8155	0	2	0	0	0	2	0	0	1
1280.8157	0	2	2	0	0	2	0	0	0
1280.8158	0	2	1	1	1	2	0	1	1
1280.8159	0	2	2	0	0	2	0	0	0
1280.8160	0	2	2	1	1	2	0	1	1
1280.8161	0	2	2	0	0	2	0	1	0
1280.8162	0	2	2	0	0	2	0	0	1
1280.8166	0	2	0	1	1	2	0	0	1
1280.8167	0	2	0	0	0	2	0	0	1
1280.8168	0	2	0	0	0	2	0	0	1
1280.8173	0	2	1	1	1	2	0	1	1
1280.8175	0	2	0	0	0	2	0	0	1
1280.8176	0	2	0	0	0	2	0	0	0
1280.8177	0	2	0	0	0	2	0	0	1
1280.8178	0	2	0	0	0	2	0	0	1
1280.8179	0	2	0	0	0	2	0	0	1
1280.8181	0	2	2	0	0	2	0	0	1
1280.8185	0	2	0	0	0	2	0	0	0
1280.8186	0	2	0	0	0	2	0	0	1
1280.8187	0	2	1	0	0	2	0	1	1
1280.8188	0	2	2	1	1	2	0	1	1
1280.8190	0	2	0	0	0	2	0	0	1
1280.8193	0	2	0	0	0	2	0	0	1
1280.8195	0	2	0	0	0	2	0	0	1
1280.8196	0	2	0	0	0	2	0	0	1
1280.8198	0	2	0	0	0	2	0	0	1
1280.8202	0	2	0	0	0	2	0	0	1
1280.8203	0	2	0	1	0	2	0	0	1
1280.8206	0	2	0	0	0	2	0	0	1
1280.8208	0	2	0	0	0	2	0	0	1
1280.8209	0	2	1	0	0	2	0	1	1
1280.8210	0	2	1	0	0	2	0	1	1
1280.8211	0	2	0	1	0	2	0	0	1
1280.8212	0	2	0	0	0	2	0	0	1
1280.8213	0	2	0	0	0	2	0	0	1
1280.8217	0	2	0	0	0	2	0	0	1
1280.8219	0	2	2	1	1	2	0	1	1
1280.8221	0	2	0	0	0	2	0	0	1
1280.8222	0	2	0	0	0	2	0	0	0
1280.8224	0	2	1	1	1	2	0	1	1
1280.8229	0	2	2	0	0	2	0	0	1
1280.8230	0	2	2	0	0	2	0	0	1
1280.8231	0	2	2	0	0	2	0	0	1
1280.8232	0	2	2	0	0	2	0	0	1
1280.8233	0	2	2	0	0	2	0	0	1
1280.8234	0	2	2	0	0	2	0	0	0
1280.8235	0	2	2	0	0	2	0	0	1
1280.8237	0	2	2	0	0	2	0	0	1
1280.8238	0	2	2	0	0	2	0	0	0
1280.8239	0	2	2	0	0	2	0	0	1
1280.8242	0	2	2	1	1	2	0	1	1
1280.8245	0	2	2	0	0	2	0	0	1
1280.8246	0	2	2	0	0	2	0	0	1
1280.8249	0	2	2	0	0	2	0	0	1
1280.8254	0	2	2	0	0	2	0	0	1
1280.8255	0	2	2	0	0	2	0	0	1
1280.8256	0	2	2	0	0	2	0	0	1
1280.8259	0	2	2	1	1	2	0	0	1
1280.8260	0	2	2	0	0	2	0	0	1
1280.8261	0	2	2	0	0	2	0	0	1
1280.8262	0	2	2	0	0	2	0	0	1
1280.8263	0	2	2	0	0	2	0	0	0
1280.8264	0	2	2	0	0	2	0	0	1
1280.8265	0	2	2	0	0	2	0	0	1
1280.8270	0	2	2	0	0	2	0	0	1
1280.8271	0	2	2	0	0	2	0	1	1
1280.8276	0	2	2	0	0	2	1	0	1
1280.8281	0	2	2	0	0	2	0	0	0
1280.8282	0	2	2	0	0	2	0	0	1
1280.8283	0	2	2	0	0	2	0	0	1
1280.8286	0	2	2	0	0	2	0	0	1
1280.8289	0	2	2	0	0	2	0	0	1
1280.8290	0	2	2	0	0	2	0	0	1
1280.8291	0	2	2	0	0	2	0	0	1
1280.8293	0	2	2	0	0	2	0	1	1
1280.8294	0	2	2	0	0	2	0	0	1
1280.8298	0	2	2	0	0	2	0	0	1
1280.8299	0	2	2	0	0	2	0	0	1
1280.8300	0	2	2	0	0	2	0	1	0
1280.8304	0	2	2	0	0	2	0	0	0
1280.8306	0	2	2	0	0	2	0	0	1
1280.8310	0	2	2	0	0	2	0	0	1
1280.8312	0	2	2	1	1	2	0	1	1
1280.8313	0	2	2	0	0	2	0	0	1
1280.8314	0	2	2	0	0	2	0	0	1
1280.8315	0	2	2	0	0	2	0	0	0
1280.8321	0	2	2	0	0	2	0	0	1
1280.8322	0	2	2	0	0	2	0	0	0
1280.8323	0	2	2	0	0	2	0	0	1
1280.8324	0	2	2	1	1	2	0	1	1
1280.8326	0	2	2	0	0	2	0	0	1
1280.8328	0	2	2	0	0	2	0	0	0
1280.8329	0	2	2	0	0	2	0	0	1
1280.8330	0	2	2	0	0	2	0	0	1
1280.8332	0	2	2	0	0	2	0	0	1
1280.8335	0	2	2	0	0	2	0	0	0
1280.8340	0	2	2	0	0	2	0	0	1
1280.8341	0	2	2	0	0	2	0	0	1
1280.8342	0	2	2	0	0	2	0	0	1
1280.8343	0	2	2	0	0	2	0	0	0
1280.8346	0	2	2	0	0	2	0	0	1
1280.8348	0	2	2	0	0	2	0	0	0
1280.8350	0	2	2	0	0	2	0	0	1
1280.8352	0	2	2	0	0	2	0	0	1
1280.8353	0	2	2	0	0	2	0	0	1
1280.8354	0	2	2	0	0	2	0	0	0
1280.8357	0	2	1	1	1	2	0	1	1
1280.8358	0	2	2	0	0	2	0	0	1
1280.8359	0	2	2	0	0	2	0	0	1
1280.8360	0	2	2	0	0	2	0	0	0
1280.8361	0	2	2	0	0	2	0	0	1
1280.8362	0	2	2	0	0	2	0	0	1
1280.8363	0	2	0	0	0	2	0	0	1
1280.8366	0	2	1	1	1	2	0	1	1
1280.8367	0	2	0	0	0	2	0	0	1
1280.8368	0	2	1	1	1	2	0	1	1
1280.8369	0	2	0	0	0	2	0	0	0
1280.8370	0	2	0	0	0	2	0	0	0
1280.8378	0	2	2	0	0	2	0	0	1
1280.8379	0	2	1	1	1	2	0	1	1
1280.8380	0	2	2	0	0	2	0	0	1
1280.8381	0	2	2	0	0	2	0	0	1
1280.8382	0	2	2	0	0	2	0	0	0
1280.8383	0	2	0	0	0	2	0	0	1
1280.8384	0	2	0	0	0	2	0	0	1
1280.8385	0	2	0	1	1	2	0	0	1
1280.8388	0	2	1	1	1	2	0	1	1
1280.8389	0	2	1	1	1	2	0	1	1
1280.8392	0	2	1	1	1	2	0	1	1
1280.8393	0	2	2	1	0	2	0	0	1
1280.8394	0	2	1	1	1	2	0	1	1
1280.8396	0	2	2	0	0	2	0	0	1
1280.8400	0	2	2	0	0	2	0	0	1
1280.8404	0	2	1	1	1	2	1	1	1
1280.8405	0	2	2	0	0	2	0	0	1
1280.8406	0	2	0	0	0	2	0	0	1
1280.8407	0	2	0	0	0	2	0	0	1
1280.8408	0	2	0	0	0	2	0	0	0
1280.8409	0	2	1	1	1	2	0	1	1
1280.8411	0	2	2	0	0	2	0	0	1
1280.8412	0	2	2	0	0	2	0	0	1
1280.8415	0	2	2	0	0	2	0	0	1
1280.8418	0	2	2	0	0	2	0	0	1
1280.8419	0	2	2	0	0	2	0	0	1
1280.8421	0	2	2	0	0	2	0	0	1
1280.8423	0	2	2	0	0	2	0	1	1
1280.8424	0	2	2	1	1	2	0	1	1
1280.8430	0	2	2	0	0	2	0	0	1
1280.8431	0	2	2	1	1	2	0	0	1
1280.8432	0	2	2	0	0	2	0	0	1
1280.8433	0	2	2	1	0	2	0	0	1
1280.8434	0	2	2	0	0	2	0	0	1
1280.8435	0	2	2	0	0	2	0	1	1
1280.8436	0	2	2	0	0	2	0	0	1
1280.8437	0	2	2	0	0	2	0	0	1
1280.8439	0	2	2	0	0	2	0	0	1
1280.8440	0	2	1	1	1	2	0	1	1
1280.8441	0	2	2	1	1	2	0	0	1
1280.8443	0	2	2	0	0	2	0	0	1
1280.8445	0	2	2	0	0	2	0	0	1
1280.8447	0	2	0	0	0	2	0	0	1
1280.8449	0	2	0	0	0	2	0	0	1
1280.8456	0	2	1	1	1	2	0	1	1
1280.8457	0	2	1	1	1	2	0	1	1
1280.8458	0	2	2	0	0	2	0	0	1
1280.8459	0	2	2	0	0	2	1	0	0
1280.8461	0	2	2	0	0	2	0	0	1
1280.8462	0	2	2	1	1	2	0	1	1
1280.8463	0	2	2	0	0	2	0	0	1
1280.8464	0	2	2	0	0	2	0	0	0
1280.8465	0	2	2	0	0	2	0	0	1
1280.8467	0	2	2	1	1	2	0	1	1
1280.8469	0	2	2	0	0	2	0	0	0
1280.8471	0	2	2	1	1	2	0	1	1
1280.8473	0	2	2	0	0	2	0	0	0
1280.8482	0	2	2	0	0	2	0	0	1
1280.8483	0	2	2	0	0	2	0	0	1
1280.8484	0	2	2	0	0	2	0	0	1
1280.8485	0	2	2	0	0	2	0	0	1
1280.8486	0	2	2	0	0	2	0	0	1
1280.8487	0	2	2	0	0	2	0	0	0
1280.8488	0	2	2	0	0	2	0	0	1
1280.8489	0	2	2	0	0	2	0	0	1
1280.8490	0	2	2	0	0	2	0	1	1
1280.8491	0	2	2	0	0	2	0	0	0
1280.8492	0	2	2	1	1	2	0	1	1
1280.8493	0	2	2	0	0	2	0	0	1
1280.8494	0	2	2	1	0	2	0	0	1
1280.8495	0	2	2	0	0	2	0	0	0
1280.8499	0	2	2	0	0	2	0	0	0
1280.8508	0	2	1	1	1	2	1	1	1
1280.8509	0	2	1	1	1	2	0	1	1
1280.8510	0	2	1	1	1	2	0	1	1
1280.8511	0	2	1	1	1	2	0	1	1
1280.8512	0	2	2	0	0	2	0	0	1
1280.8513	0	2	1	1	1	2	1	1	1
1280.8514	0	2	0	1	1	2	0	0	1
1280.8515	0	2	0	1	0	2	0	0	1
1280.8516	0	2	0	0	0	2	0	0	1
1280.8517	0	2	1	1	1	2	0	1	1
1280.8518	0	2	1	1	1	2	0	1	1
1280.8519	0	2	1	1	1	2	0	1	1
1280.8521	0	2	1	1	1	2	0	1	1
1280.8522	0	2	1	1	1	2	0	1	1
1280.8534	0	2	2	0	0	2	0	0	1
1280.8535	0	2	2	0	0	2	0	0	1
1280.8536	0	2	2	0	0	2	0	0	0
1280.8537	0	2	2	0	0	2	0	0	1
1280.8538	0	2	2	1	1	2	0	1	1
1280.8539	0	2	2	1	1	2	0	0	1
1280.8540	0	2	2	0	0	2	0	0	1
1280.8541	0	2	2	0	0	2	0	0	0
1280.8542	0	2	2	1	0	2	0	1	1
1280.8543	0	2	2	0	0	2	0	0	0
1280.8544	0	2	2	0	0	2	0	0	1
1280.8545	0	2	2	0	0	2	0	0	1
1280.8547	0	2	2	0	0	2	0	0	0
1280.8548	0	2	1	1	1	2	0	1	1
1280.8551	0	2	2	0	0	2	0	0	0
1280.8560	0	2	0	0	0	2	0	0	1
1280.8561	0	2	0	0	0	2	0	0	1
1280.8562	0	2	0	1	0	2	0	0	1
1280.8563	0	2	2	1	1	2	0	0	1
1280.8564	0	2	1	1	1	2	0	1	1
1280.8565	0	2	1	1	1	2	0	1	1
1280.8566	0	2	1	1	1	2	0	1	1
1280.8567	0	2	1	1	1	2	0	1	1
1280.8568	0	2	1	1	1	2	0	1	1
1280.8569	0	2	1	1	1	2	0	1	1
1280.8570	0	2	2	0	0	2	0	0	1
1280.8571	0	2	2	1	1	2	0	0	1
1280.8572	0	2	2	1	1	2	0	0	1
1280.8574	0	2	2	1	0	2	0	0	1
1280.8575	0	2	2	1	1	2	0	0	1
1280.8586	0	2	2	0	0	2	0	0	1
1280.8587	0	2	2	0	0	2	0	0	1
1280.8588	0	2	2	1	0	2	0	1	1
1280.8589	0	2	2	0	0	2	0	1	1
1280.8590	0	2	2	0	0	2	0	0	1
1280.8591	0	2	2	0	0	2	0	0	1
1280.8592	0	2	2	0	0	2	0	0	1
1280.8593	0	2	2	0	0	2	0	0	0
1280.8594	0	2	1	1	1	2	0	1	1
1280.8595	0	2	2	0	0	2	0	0	1
1280.8596	0	2	2	0	0	2	0	0	1
1280.8598	0	2	2	0	0	2	0	0	1
1280.8599	0	2	2	1	1	2	0	0	1
1280.8600	0	2	2	0	0	2	0	0	1
1280.8601	0	2	2	0	0	2	0	0	1
1280.8612	0	2	2	0	0	2	0	0	1
1280.8614	0	2	2	0	0	2	0	0	1
1280.8615	0	2	2	0	0	2	0	0	1
1280.8616	0	2	2	0	0	2	0	0	1
1280.8618	0	2	2	0	0	2	0	0	1
1280.8619	0	2	2	0	0	2	0	0	1
1280.8620	0	2	2	0	0	2	0	0	0
1280.8622	0	2	2	0	0	2	0	0	1
1280.8623	0	2	2	0	0	2	0	0	0
1280.8624	0	2	2	1	1	2	0	0	1
1280.8625	0	2	2	1	1	2	0	1	1
1280.8626	0	2	2	1	1	2	0	0	1
1280.8627	0	2	2	0	0	2	0	0	1
1280.8633	0	2	1	1	1	2	0	1	1
1280.8634	0	2	1	1	1	2	0	1	1
1280.8635	0	2	0	1	1	2	0	0	1
1280.8638	0	2	0	0	0	2	0	0	1
1280.8641	0	2	0	0	0	2	0	0	1
1280.8644	0	2	0	0	0	2	0	0	1
1280.8645	0	2	0	0	0	2	0	0	1
1280.8646	0	2	0	0	0	2	0	0	1
1280.8647	0	2	0	0	0	2	0	0	1
1280.8648	0	2	0	0	0	2	0	0	1
1280.8649	0	2	0	0	0	2	0	0	1
1280.8655	0	2	2	0	0	2	0	0	1
1280.8656	0	2	2	0	0	2	0	0	0
1280.8657	0	2	2	0	0	2	0	0	1
1280.8658	0	2	2	0	0	2	0	0	1
1280.8659	0	2	2	0	0	2	0	0	1
1280.8660	0	2	0	0	0	2	0	0	1
1280.8663	0	2	2	0	0	2	0	0	1
1280.8666	0	2	2	0	0	2	0	0	1
1280.8668	0	2	2	0	0	2	0	0	1
1280.8670	0	2	2	1	1	2	0	1	1
1280.8671	0	2	2	0	0	2	0	0	0
1280.8672	0	2	2	0	0	2	0	0	1
1280.8673	0	2	2	0	0	2	0	0	1
1280.8674	0	2	2	0	0	2	0	1	1
1280.8675	0	2	2	1	1	2	0	1	1
1280.8681	0	2	2	0	0	2	0	0	1
1280.8682	0	2	0	1	1	2	0	0	1
1280.8683	0	2	0	0	0	2	0	0	1
1280.8684	0	2	0	0	0	2	0	0	1
1280.8685	0	2	0	0	0	2	0	0	1
1280.8686	0	2	0	1	1	2	0	0	1
1280.8691	0	2	2	1	1	2	0	0	1
1280.8692	0	2	1	1	1	2	0	1	1
1280.8695	0	2	1	1	1	2	0	1	1
1280.8697	0	2	1	1	1	2	0	1	1
1280.8698	0	2	1	1	1	2	0	1	1
1280.8699	0	2	1	1	1	2	0	1	1
1280.8700	0	2	1	1	1	2	0	1	1
1280.8701	0	2	1	1	1	2	0	1	1
1280.8707	0	2	2	0	0	2	0	0	1
1280.8708	0	2	2	1	0	2	0	1	1
1280.8709	0	2	2	0	0	2	0	0	1
1280.8710	0	2	2	0	0	2	0	0	1
1280.8711	0	2	2	0	0	2	0	0	1
1280.8712	0	2	2	0	0	2	0	0	1
1280.8713	0	2	2	1	1	2	0	1	1
1280.8716	0	2	2	0	0	2	0	0	1
1280.8718	0	2	1	1	1	2	0	1	1
1280.8721	0	2	0	0	0	2	0	0	1
1280.8722	0	2	0	0	0	2	0	0	1
1280.8724	0	2	0	1	0	2	0	0	1
1280.8726	0	2	0	0	0	2	0	0	0
1280.8727	0	2	0	0	0	2	0	0	0
1280.8728	0	2	0	0	0	2	0	0	1
1280.8733	0	2	1	1	1	2	0	1	1
1280.8734	0	2	0	0	0	2	0	0	1
1280.8735	0	2	1	1	1	2	0	1	1
1280.8737	0	2	1	1	1	2	0	1	1
1280.8738	0	2	1	1	1	2	0	1	1
1280.8739	0	2	1	1	1	2	0	1	1
1280.8742	0	2	2	0	0	2	0	0	1
1280.8743	0	2	2	0	0	2	0	0	0
1280.8747	0	2	2	1	1	2	0	0	1
1280.8748	0	2	2	1	1	2	0	1	1
1280.8750	0	2	2	0	0	2	0	0	1
1280.8751	0	2	2	0	0	2	0	0	1
1280.8753	0	2	2	0	0	2	0	0	1
1280.8754	0	2	2	0	0	2	0	0	1
1280.8759	0	2	0	0	0	2	0	0	1
1280.8761	0	2	0	0	0	2	0	0	1
1280.8762	0	2	1	1	1	2	0	1	1
1280.8763	0	2	1	1	1	2	0	1	1
1280.8764	0	2	1	1	1	2	0	1	1
1280.8767	0	2	0	0	0	2	0	0	1
1280.8772	0	2	2	0	0	2	0	0	1
1280.8774	0	2	2	1	1	2	0	1	1
1280.8776	0	2	2	0	0	2	0	1	1
1280.8777	0	2	2	1	0	2	0	0	1
1280.8779	0	2	2	0	0	2	0	0	1
1280.8780	0	2	2	0	0	2	0	0	1
1280.8785	0	2	2	0	0	2	0	0	1
1280.8786	0	2	2	0	0	2	0	0	1
1280.8787	0	2	2	0	0	2	0	0	1
1280.8788	0	2	0	0	0	2	0	0	1
1280.8789	0	2	2	0	0	2	0	0	1
1280.8790	0	2	2	0	0	2	0	1	0
1280.8791	0	2	2	0	0	2	0	0	0
1280.8795	0	2	2	0	0	2	0	0	0
1280.8797	0	2	2	0	0	2	0	0	0
1280.8798	0	2	2	0	0	2	0	0	0
1280.8799	0	2	2	0	0	2	0	0	1
1280.8800	0	2	2	0	0	2	0	0	0
1280.8801	0	2	2	0	0	2	0	0	1
1280.8803	0	2	2	0	0	2	0	0	1
1280.8805	0	2	2	0	0	2	0	0	1
1280.8807	0	2	2	0	0	2	0	0	1
1280.8812	0	2	2	0	0	2	0	0	1
1280.8813	0	2	2	0	0	2	0	0	1
1280.8814	0	2	2	0	0	2	0	0	0
1280.8816	0	2	2	0	0	2	0	0	1
1280.8819	0	2	2	1	1	2	0	1	1
1280.8825	0	2	2	1	1	2	0	1	1
1280.8827	0	2	2	1	1	2	0	0	1
1280.8829	0	2	2	1	1	2	0	0	1
1280.8830	0	2	2	1	1	2	0	0	1
1280.8831	0	2	2	0	0	2	0	0	0
1280.8832	0	2	2	0	0	2	0	0	1
1280.8835	0	2	2	0	0	2	0	0	1
1280.8836	0	2	2	0	0	2	0	0	1
1280.8837	0	2	2	0	0	2	0	0	1
1280.9190	0	0	0	1	2	2	0	0	2
1280.9191	0	0	1	1	2	2	0	1	2
1280.9193	0	0	1	1	2	2	0	1	2
1280.9194	0	0	1	1	2	2	0	1	2
1280.9195	0	0	1	1	2	2	0	1	2
1280.9196	0	0	1	1	2	2	0	1	2
1280.9198	0	0	0	1	2	2	0	0	2
1280.9201	0	0	1	1	2	2	0	1	2
1280.9203	0	0	1	1	2	2	0	1	2
1280.9205	0	0	1	1	2	2	0	1	2
1280.9208	0	0	1	1	2	2	0	1	2
1280.9210	0	0	1	1	2	2	0	1	2
1280.9214	0	0	1	1	2	2	0	1	2
1280.9215	0	0	1	1	2	2	0	1	2
1280.9217	0	0	0	1	2	2	0	0	2
1280.9219	0	0	1	1	2	2	0	1	2
1280.9220	0	0	1	1	2	2	0	1	2
1280.9226	0	0	1	1	2	2	0	1	2
1280.9227	0	0	1	1	2	2	0	1	2
1280.9228	0	0	1	1	2	2	0	1	2
1280.9229	0	0	1	1	2	2	0	1	2
1280.9230	0	0	1	1	2	2	0	1	2
1280.9231	0	0	1	1	2	2	0	1	2
1280.9234	0	0	0	1	2	2	0	0	2
1280.9235	0	0	0	1	2	2	0	0	2
1280.9236	0	0	1	1	2	2	0	1	2
1280.9245	0	0	1	1	2	2	0	1	2
1280.9249	0	0	1	1	2	2	0	1	2
1280.9250	0	0	1	1	2	2	0	1	2
1280.9252	0	0	1	1	2	2	0	1	2
1280.9253	0	0	1	1	2	2	0	1	2
1280.9254	0	0	1	1	2	2	0	1	2
1280.9263	0	0	1	1	2	2	0	1	2
1280.9264	0	0	0	1	2	2	0	0	2
1280.9265	0	0	1	1	2	2	0	1	2
1280.9267	0	0	1	1	2	2	0	1	2
1280.9268	0	0	0	1	2	2	0	0	2
1280.9274	0	0	1	1	2	2	0	1	2
1280.9276	0	0	1	1	2	2	0	1	2
1280.9277	0	0	1	1	2	2	0	1	2
1280.9284	0	0	1	1	2	2	0	1	2
1280.9286	0	0	1	1	2	2	0	1	2
1280.9287	0	0	1	1	2	2	0	1	2
1280.9288	0	0	1	1	2	2	0	1	2
1280.9289	0	0	1	1	2	2	0	1	2
1280.9292	0	0	1	1	2	2	0	1	2
1280.9294	0	0	1	1	2	2	0	1	2
1280.9296	0	0	0	1	2	2	0	0	2
1280.9297	0	0	0	1	2	2	0	0	2
1280.9298	0	0	0	1	2	2	1	0	2
1280.9299	0	0	1	1	2	2	0	1	2
1280.9300	0	0	1	1	2	2	0	1	2
1280.9301	0	0	0	1	2	2	0	0	2
1280.9302	0	0	1	1	2	2	0	1	2
1280.9304	0	1	1	1	2	2	0	1	2
1280.9305	0	0	1	1	2	2	0	1	2
1280.9306	0	0	1	1	2	2	0	1	2
1280.9307	0	0	1	1	2	2	0	1	2
1280.9309	0	1	1	1	2	2	0	1	2
1280.9310	0	0	1	1	2	2	0	1	2
1280.9311	0	0	1	1	2	2	0	1	2
1280.9314	0	0	1	1	2	2	0	1	2
1280.9315	0	0	1	1	2	2	0	1	2
1280.9320	0	1	1	1	2	2	0	1	2
1280.9324	0	0	1	1	2	2	0	1	2
1280.9325	0	0	1	1	2	2	0	1	2
1280.9332	0	1	1	1	2	2	0	1	2
1280.9334	0	1	1	1	2	2	0	1	2
1280.9338	0	0	1	1	2	2	0	1	2
1280.9339	0	0	1	1	2	2	0	1	2
1280.9342	0	0	0	1	2	2	0	0	2
1280.9345	0	0	0	1	2	2	0	0	2
1280.9349	0	1	1	1	2	2	0	1	2
1280.9350	0	0	1	1	2	2	0	1	2
1280.9355	0	0	1	1	2	2	0	1	2
1280.9365	0	0	1	1	2	2	0	1	2
1280.9366	0	0	1	1	2	2	0	1	2
1280.9408	0	2	1	1	1	2	0	1	1
1280.9409	0	2	1	1	1	2	0	1	1
1280.9410	0	2	1	1	1	2	0	1	1
1280.9411	0	2	1	1	1	2	0	1	1
1280.9412	0	2	1	1	1	2	0	1	1
1280.9413	0	2	1	1	1	2	0	1	1
1280.9414	0	2	1	1	1	2	0	1	1
1280.9415	0	2	1	1	1	2	0	1	1
1280.9416	0	2	1	1	1	2	0	1	1
1280.9417	0	2	0	1	1	2	0	0	1
1280.9418	0	2	1	1	1	2	0	1	1
1280.9419	0	2	1	1	1	2	0	1	1
1280.9420	0	2	0	1	1	2	0	0	1
1280.9421	0	2	1	1	1	2	0	1	1
1280.9422	0	2	1	1	1	2	0	1	1
1280.9423	0	2	1	1	1	2	0	1	1
1280.9424	0	2	1	1	1	2	0	1	1
1280.9425	0	2	2	0	0	2	0	0	0
1280.9426	0	2	2	0	0	2	0	0	1
1280.9429	0	2	2	0	0	2	0	0	0
1280.9430	0	2	2	0	0	2	0	0	1
1280.9431	0	2	2	0	0	2	0	0	1
1280.9432	0	2	2	0	0	2	0	0	1
1280.9433	0	2	2	0	0	2	0	0	1
1280.9434	0	2	2	0	0	2	0	0	0
1280.9435	0	2	2	0	0	2	0	0	1
1280.9436	0	2	2	0	0	2	0	0	1
1280.9437	0	2	2	1	0	2	0	0	0
1280.9438	0	2	2	0	0	2	0	0	1
1280.9439	0	2	2	1	0	2	0	0	0
1280.9440	0	2	2	1	1	2	1	0	1
1280.9441	0	2	2	0	0	2	0	0	1
1280.9442	0	2	2	0	0	2	0	0	1
1280.9443	0	2	2	0	0	2	0	0	1
1280.9444	0	2	2	0	0	2	0	0	0
1280.9445	0	2	2	0	0	2	0	0	0
1280.9446	0	2	2	0	0	2	0	0	0
1280.9447	0	2	2	0	0	2	0	0	1
1280.9448	0	2	2	0	0	2	0	0	0
1280.9449	0	2	2	0	0	2	0	0	1
1280.9451	0	2	2	0	0	2	0	0	1
1280.9452	0	2	2	0	0	2	0	0	0
1280.9453	0	2	2	0	0	2	0	0	1
1280.9454	0	2	2	0	0	2	0	0	0
1280.9456	0	2	2	0	0	2	0	1	1
1280.9457	0	2	2	0	0	2	0	0	1
1280.9458	0	2	2	0	0	2	0	0	1
1280.9462	0	2	2	0	0	2	0	0	0
1280.9464	0	2	2	0	0	2	0	0	1
1280.9466	0	2	2	0	0	2	0	0	1
1280.9467	0	2	2	0	0	2	0	0	0
1280.9470	0	2	2	0	0	2	0	0	1
1280.9471	0	2	2	0	0	2	0	0	1
1280.9473	0	2	2	0	0	2	0	0	1
1280.9475	0	2	2	0	0	2	0	0	1
1280.9482	0	2	2	1	1	2	0	1	1
1280.9487	0	2	2	1	0	2	0	0	1
1280.9492	0	2	2	0	0	2	0	0	1
1280.9495	0	2	2	0	0	2	0	0	1
1280.9496	0	2	2	0	0	2	0	0	1
1280.9535	0	2	2	0	0	2	0	0	1
1280.9570	0	2	2	0	1	2	0	1	1
1280.9600	0	2	0	0	0	2	0	0	1
1280.9629	0	2	2	0	0	2	0	0	1
1280.9636	0	2	0	0	0	2	0	0	1
1280.9684	0	2	2	0	0	2	0	0	1
1280.9687	0	2	2	0	0	2	0	0	0
1280.9689	0	2	2	0	0	2	0	0	0
1280.9690	0	2	2	0	0	2	0	0	0
1280.9691	0	2	2	0	0	2	0	0	1
1280.9692	0	2	2	0	0	2	0	0	1
1280.9693	0	2	2	0	0	2	0	0	1
1280.9694	0	2	2	0	0	2	0	0	1
1280.9695	0	2	2	0	0	2	0	0	1
1280.9696	0	2	2	0	0	2	0	0	1
1280.9697	0	2	2	1	1	2	0	1	1
1280.9698	0	2	2	0	0	2	0	0	1
1280.9699	0	2	2	0	0	2	0	0	1
1280.9700	0	2	2	0	0	2	0	0	1
1280.9701	0	2	2	0	0	2	0	0	1
1280.9702	0	2	2	0	0	2	0	0	1
1280.9703	0	2	2	1	1	2	0	1	1
1280.9704	0	2	2	1	1	2	0	0	1
1280.9705	0	2	2	1	0	2	0	0	1
1280.9706	0	2	2	1	1	2	0	1	1
1280.9707	0	2	2	1	1	2	0	1	1
1280.9708	0	2	2	1	1	2	0	1	1
1280.9709	0	2	2	1	1	2	0	0	1
1280.9710	0	2	2	1	1	2	0	0	1
1280.9711	0	2	2	1	1	2	0	1	1
1280.9712	0	2	2	1	0	2	0	0	1
1280.9713	0	2	2	0	0	2	0	0	1
1280.9714	0	2	2	0	0	2	0	0	1
1280.9715	0	2	2	1	1	2	0	1	1
1280.9716	0	2	2	0	0	2	0	0	1
1280.9717	0	2	2	0	0	2	0	0	1
1280.9718	0	2	2	0	0	2	0	0	1
1280.9719	0	2	2	0	0	2	0	0	1
1280.9720	0	2	2	0	0	2	0	0	1
1280.9721	0	2	2	0	0	2	0	1	1
1280.9722	0	2	2	0	0	2	0	0	1
1280.9723	0	2	2	0	0	2	0	1	1
1280.9724	0	2	2	1	1	2	0	1	1
1280.9725	0	2	2	1	1	2	0	0	1
1280.9726	0	2	1	1	1	2	0	1	1
1280.9727	0	2	0	0	0	2	0	0	1
1280.9728	0	2	1	1	1	2	0	1	1
1280.9729	0	2	0	1	1	2	0	0	1
1280.9730	0	2	0	0	1	2	0	0	1
1280.9731	0	2	0	1	0	2	0	0	1
1280.9732	0	2	0	1	0	2	0	0	1
1280.9733	0	2	2	1	1	2	0	1	1
1280.9734	0	2	1	1	1	2	0	1	1
1280.9735	0	2	0	0	0	2	0	0	1
1280.9736	0	2	2	0	0	2	0	1	1
1280.9738	0	2	2	0	0	2	0	0	1
1280.9739	0	2	2	1	1	2	0	1	1
1280.9740	0	2	2	1	1	2	0	1	1
1280.9741	0	2	0	0	0	2	0	0	1
1280.9742	0	2	2	0	0	2	0	0	1
1280.9743	0	2	2	0	0	2	0	0	1
1280.9744	0	2	2	1	1	2	0	1	1
1280.9745	0	2	2	0	0	2	0	0	0
1280.9746	0	2	2	1	1	2	0	1	1
1280.9747	0	2	2	0	0	2	0	0	0
1280.9748	0	2	2	0	0	2	0	0	0
1280.9749	0	2	2	1	1	2	0	0	1
1280.9750	0	2	2	0	0	2	0	0	1
1280.9751	0	2	2	0	0	2	0	0	0
1280.9752	0	2	2	1	1	2	0	0	1
1280.9753	0	2	2	1	1	2	1	1	1
1280.9754	0	2	2	0	0	2	0	0	1
1280.9755	0	2	2	0	0	2	0	0	1
1280.9756	0	2	2	0	0	2	0	0	1
1280.9757	0	2	2	0	0	2	0	0	1
1280.9758	0	2	2	1	1	2	0	1	1
1280.9759	0	2	2	0	0	2	0	0	1
1280.9760	0	2	2	1	0	2	0	0	1
1280.9762	0	2	2	0	0	2	0	0	1
1280.9764	0	2	2	0	0	2	0	0	1
1280.9765	0	2	2	0	0	2	0	0	1
1280.9766	0	2	2	0	0	2	0	0	1
1280.9768	0	2	2	1	1	2	0	1	1
1280.9769	0	2	2	0	0	2	0	0	0
1280.9770	0	2	2	0	0	2	0	0	0
1280.9771	0	2	2	1	1	2	0	1	1
1280.9772	0	2	2	0	0	2	0	0	1
1280.9773	0	2	2	0	0	2	0	0	1
1280.9774	0	2	2	0	0	2	1	0	0
1280.9775	0	2	2	0	0	2	0	0	1
1280.9776	0	2	2	0	0	2	0	0	1
1280.9777	0	2	2	0	0	2	0	0	1
1280.9778	0	2	2	0	0	2	0	0	1
1280.9779	0	2	2	0	1	2	0	0	1
1280.9780	0	2	2	0	0	2	0	0	0
1280.9781	0	2	2	0	0	2	0	0	1
1280.9782	0	2	2	0	0	2	0	0	1
1280.9783	0	2	2	0	0	2	0	0	1
1280.9784	0	2	2	1	0	2	0	0	1
1280.9785	0	2	2	0	0	2	0	0	1
1280.9786	0	2	2	0	0	2	0	0	0
1280.9787	0	2	2	0	0	2	0	0	1
1280.9788	0	2	2	0	0	2	0	0	1
1280.9789	0	2	2	0	0	2	0	0	1
1280.9790	0	2	2	0	0	2	0	0	1
1280.9791	0	2	2	1	1	2	0	0	1
1280.9792	0	2	2	0	0	2	0	0	1
1280.9794	0	2	2	0	0	2	0	0	1
1280.9795	0	2	2	0	0	2	0	0	1
1280.9796	0	2	2	0	0	2	0	0	0
1280.9797	0	2	2	0	0	2	0	0	1
1280.9798	0	2	2	1	1	2	0	1	1
1280.9799	0	2	2	0	0	2	0	0	0
1280.9800	0	2	2	0	0	2	0	0	1
1280.9801	0	2	2	0	0	2	0	0	1
1280.9802	0	2	2	0	0	2	0	1	0
1280.9804	0	2	2	0	0	2	0	0	0
1280.9805	0	2	2	0	0	2	0	0	1
1280.9806	0	2	2	0	0	2	0	1	1
1280.9807	0	2	2	0	0	2	0	1	0
1280.9808	0	2	2	1	1	2	0	0	1
1280.9811	0	2	2	1	1	2	0	0	1
1280.9812	0	2	2	0	0	2	0	0	1
1280.9813	0	2	2	0	0	2	0	0	1
1280.9814	0	2	2	0	0	2	0	0	1
1280.9815	0	2	2	0	0	2	0	0	1
1280.9816	0	2	2	0	0	2	0	0	0
1280.9817	0	2	2	1	0	2	0	1	1
1280.9818	0	2	2	0	0	2	0	0	1
1280.9819	0	2	2	0	0	2	0	0	1
1280.9820	0	2	2	0	0	2	0	0	1
1280.9821	0	2	2	1	1	2	0	0	1
1280.9822	0	2	2	0	0	2	0	0	1
1280.9823	0	2	2	0	0	2	0	0	1
1280.9824	0	2	2	0	0	2	0	0	1
1280.9825	0	2	2	0	0	2	0	0	1
1280.9826	0	2	2	0	0	2	0	0	1
1280.9827	0	2	2	0	0	2	0	0	1
1280.9828	0	2	2	1	1	2	0	0	1
1280.9829	0	2	2	1	1	2	0	0	1
1280.9830	0	2	2	0	0	2	0	0	0
1280.9833	0	2	2	0	0	2	0	0	0
1280.9834	0	2	2	0	0	2	0	0	1
1280.9835	0	2	2	0	0	2	0	0	1
1280.9836	0	2	2	0	0	2	0	0	1
1280.9837	0	2	2	0	0	2	0	0	0
1280.9838	0	2	2	0	0	2	0	0	1
1280.9839	0	2	2	0	0	2	0	0	0
1280.9840	0	2	2	0	0	2	1	0	1
1280.9841	0	2	2	0	0	2	0	0	1
1280.9842	0	2	2	0	0	2	0	0	1
1280.9843	0	2	2	0	0	2	0	1	0
1280.9844	0	2	2	0	0	2	0	0	1
1280.9845	0	2	2	0	0	2	0	0	1
1280.9846	0	2	2	0	0	2	0	0	0
1280.9847	0	2	2	0	0	2	0	0	1
1280.9849	0	2	2	1	1	2	0	0	1
1280.9850	0	2	2	0	0	2	0	0	0
1280.9851	0	2	2	0	0	2	0	0	1
1280.9852	0	2	2	0	0	2	0	0	1
1280.9853	0	2	2	0	0	2	0	1	1
1280.9854	0	2	2	0	0	2	0	0	1
1280.9855	0	2	2	1	1	2	0	1	1
1280.9856	0	2	2	0	0	2	0	0	1
1280.9859	0	2	2	1	1	2	0	1	1
1280.9860	0	2	2	0	0	2	0	0	1
1280.9862	0	2	2	0	0	2	0	0	1
1280.9863	0	2	2	0	0	2	0	0	1
1280.9864	0	2	2	0	0	2	0	0	0
1280.9865	0	2	2	0	0	2	0	0	1
1280.9866	0	2	2	1	1	2	0	0	1
1280.9867	0	2	2	0	0	2	0	0	1
1280.9868	0	2	2	0	0	2	0	0	1
1280.9869	0	2	2	1	1	2	0	0	1
1280.9870	0	2	2	0	0	2	0	0	1
1280.9871	0	2	2	0	0	2	0	0	1
1280.9872	0	2	2	0	0	2	0	0	1
1280.9873	0	2	2	0	0	2	0	0	1
1280.9874	0	2	2	1	1	2	0	0	1
1280.9875	0	2	2	0	1	2	0	1	1
1280.9876	0	2	2	0	0	2	0	0	1
1280.9877	0	2	2	0	0	2	0	0	1
1280.9878	0	2	2	0	0	2	0	0	1
1280.9879	0	2	2	0	0	2	0	0	1
1280.9880	0	2	2	0	0	2	0	0	0
1280.9881	0	2	2	1	1	2	0	0	1
1280.9882	0	2	2	0	0	2	0	0	1
1280.9883	0	2	2	0	0	2	0	0	1
1280.9884	0	2	2	1	0	2	0	0	1
1280.9885	0	2	2	0	0	2	0	0	1
1280.9886	0	2	2	0	0	2	0	0	1
1280.9887	0	2	2	1	1	2	0	0	1
1280.9888	0	2	2	0	0	2	0	0	1
1280.9889	0	2	2	0	0	2	0	0	1
1280.9890	0	2	0	0	0	2	0	0	1
1280.9892	0	2	0	0	0	2	0	0	1
1280.9893	0	2	0	1	1	2	0	0	1
1280.9894	0	2	0	0	0	2	0	0	1
1280.9895	0	2	0	0	0	2	0	0	0
1280.9896	0	2	0	1	1	2	0	0	1
1280.9898	0	2	0	0	0	2	0	0	1
1280.9899	0	2	1	1	0	2	0	1	1
1280.9900	0	2	1	0	0	2	0	1	1
1280.9901	0	2	0	0	0	2	0	0	1
1280.9902	0	2	0	0	0	2	0	0	1
1280.9903	0	2	1	1	1	2	0	1	1
1280.9904	0	2	1	1	1	2	0	1	1
1280.9905	0	2	0	0	0	2	0	0	1
1280.9906	0	2	1	1	1	2	0	1	1
1280.9907	0	2	0	0	0	2	0	0	1
1280.9908	0	2	0	0	0	2	0	0	1
1280.9909	0	2	1	1	1	2	0	1	1
1280.9910	0	2	0	1	1	2	0	0	1
1280.9911	0	2	0	0	0	2	0	0	1
1280.9912	0	2	0	0	0	2	0	0	1
1280.9913	0	2	1	1	0	2	0	1	1
1280.9914	0	2	1	1	1	2	0	1	1
1280.9915	0	2	0	0	0	2	0	0	1
1280.9916	0	2	0	0	0	2	0	0	1
1280.9918	0	2	1	1	1	2	0	1	1
1280.9919	0	2	1	1	1	2	0	1	1
1280.9920	0	2	1	1	0	2	0	1	1
1280.9921	0	2	0	0	0	2	0	0	1
1280.9922	0	2	0	0	0	2	0	0	1
1280.9923	0	2	0	0	0	2	0	0	1
1280.9924	0	2	0	1	1	2	0	0	1
1280.9925	0	2	2	1	1	2	0	1	1
1280.9926	0	2	2	1	1	2	1	1	1
1280.9927	0	2	0	0	0	2	0	0	0
1280.9928	0	2	0	0	0	2	0	0	1
1280.9929	0	2	1	1	1	2	0	1	1
1280.9930	0	2	2	0	0	2	0	0	1
1280.9931	0	2	0	0	0	2	0	0	1
1280.9932	0	2	1	0	0	2	0	1	1
1280.9933	0	2	0	0	0	2	0	0	0
1280.9934	0	2	2	0	0	2	0	0	0
1280.9935	0	2	0	0	0	2	0	0	1
1280.9936	0	2	0	1	1	2	0	1	1
1280.9937	0	2	2	0	0	2	0	0	0
1280.9938	0	2	2	0	0	2	0	0	1
1280.9939	0	2	0	0	0	2	0	0	1
1280.9940	0	2	0	0	0	2	0	0	1
1280.9941	0	2	1	0	0	2	0	1	1
1280.9942	0	2	0	0	0	2	0	0	1
1280.9943	0	2	0	0	0	2	0	0	1
1280.9944	0	2	2	0	0	2	0	0	1
1280.9945	0	2	0	0	0	2	0	0	0
1280.9946	0	2	2	0	0	2	0	0	1
1280.9947	0	2	0	0	0	2	0	0	1
1280.9948	0	2	1	0	0	2	0	1	1
1280.9949	0	2	2	0	0	2	0	0	0
1280.9950	0	2	0	0	0	2	0	0	0
1280.9951	0	2	0	0	0	2	0	0	0
1280.9952	0	2	0	0	0	2	0	0	1
1280.9953	0	2	0	0	0	2	0	0	1
1280.9954	0	2	1	0	0	2	0	1	1
1280.9955	0	2	0	0	0	2	0	0	1
1280.9956	0	2	0	0	0	2	0	0	1
1280.9957	0	2	0	0	0	2	0	0	0
1280.9958	0	2	0	0	0	2	0	0	0
1280.9959	0	2	1	0	0	2	0	1	1
1280.9960	0	2	0	0	0	2	0	0	0
1280.9961	0	2	0	0	0	2	0	0	1
1280.9962	0	2	0	0	0	2	0	0	1
1280.9963	0	2	0	0	0	2	0	0	1
1280.9964	0	2	1	1	1	2	0	1	1
1280.9965	0	2	2	0	0	2	0	1	1
1280.9966	0	2	2	0	0	2	0	1	0
1280.9967	0	2	0	0	0	2	0	0	1
1280.9968	0	2	0	0	0	2	0	1	1
1280.9969	0	2	0	0	0	2	0	0	1
1280.9970	0	2	0	0	0	2	0	0	1
1280.9971	0	2	1	1	1	2	0	1	1
1280.9972	0	2	1	1	1	2	0	1	1
1280.9973	0	2	0	0	0	2	0	0	1
1280.9974	0	2	0	0	0	2	0	0	1
1280.9975	0	2	1	0	0	2	0	1	1
1280.9976	0	2	0	0	0	2	0	0	0
1280.9977	0	2	0	0	0	2	0	0	1
1280.9978	0	2	0	0	0	2	0	0	1
1280.9979	0	2	0	1	0	2	0	0	0
1280.9980	0	2	0	0	0	2	0	0	1
1280.9981	0	2	0	0	0	2	0	0	1
1280.9982	0	2	0	0	0	2	0	0	0
1280.9983	0	2	2	0	0	2	0	0	1
1280.9984	0	2	1	1	1	2	0	1	1
1280.9985	0	2	0	0	0	2	0	0	1
1280.9986	0	2	0	0	0	2	0	0	1
1280.9987	0	2	0	0	0	2	0	0	0
1280.9988	0	2	0	0	0	2	0	0	1
1280.9989	0	2	0	0	0	2	0	0	1
1280.9990	0	2	0	0	0	2	0	0	1
1280.9991	0	2	0	0	0	2	0	0	1
1280.9992	0	2	0	0	0	2	0	1	1
1280.9993	0	2	0	0	0	2	0	0	1
1280.9994	0	2	1	0	1	2	0	1	1
1280.9995	0	2	0	0	0	2	0	0	1
1280.9996	0	2	0	0	0	2	0	0	1
1280.9997	0	2	0	0	0	2	0	0	0
1280.9998	0	2	2	0	0	2	0	0	1
1280.9999	0	2	2	0	0	2	0	0	1
1282.3129	0	1	1	1	2	2	1	1	1
1283.353	0	2	2	0	2	1	1	1	2
1283.354	0	2	2	0	2	1	1	1	2
1283.355	0	2	2	0	2	1	1	1	2
1283.356	0	2	2	0	2	1	1	1	2
1283.357	0	2	2	0	2	1	1	1	2
1283.358	0	2	2	1	2	1	1	1	2
1283.359	0	2	2	1	2	1	1	1	2
1283.360	0	2	2	0	2	1	1	1	2
1283.361	0	2	2	0	2	1	1	1	2
1283.362	0	2	2	0	2	1	1	1	2
1283.363	0	2	2	0	2	1	1	0	2
1283.364	0	2	2	1	2	1	1	1	2
1283.365	0	2	2	1	2	1	1	1	2
1283.366	0	2	2	1	2	1	1	1	2
1283.367	0	2	2	1	2	1	1	1	2
1283.368	0	2	2	1	2	1	1	1	2
1283.370	0	2	2	1	2	1	1	1	2
1283.372	0	2	2	0	2	1	1	1	2
1283.373	0	2	2	1	2	1	1	1	2
1283.374	0	2	2	1	2	1	1	1	2
1283.376	0	2	2	1	2	1	1	1	2
1283.378	0	2	2	1	2	1	1	1	2
1283.379	0	2	2	0	2	1	1	0	2
1283.380	0	2	2	1	2	1	1	1	2
1283.381	0	2	2	0	2	1	1	1	2
1283.384	0	2	2	1	2	1	1	1	2
1283.388	0	2	2	0	2	1	1	1	2
1283.390	0	2	2	0	2	1	1	1	2
1283.391	0	2	2	1	2	1	1	1	2
1283.393	0	2	2	0	2	0	0	0	2
1283.394	0	2	2	0	2	0	0	0	2
1283.395	0	2	2	0	2	0	0	1	2
1283.397	0	2	2	1	2	0	0	0	2
1283.399	0	2	2	0	2	1	1	1	2
1283.400	0	2	2	0	2	1	1	1	2
1283.401	0	2	2	0	2	1	1	1	2
1283.409	0	2	2	0	2	1	1	1	2
1283.410	0	2	2	1	2	1	1	1	2
1283.411	0	2	2	0	2	1	1	1	2
1283.414	0	2	2	1	2	1	1	1	2
1283.416	0	2	2	1	2	1	1	1	2
1283.417	0	2	2	2	2	1	1	0	2
1283.418	0	2	2	2	2	1	1	0	2
1283.420	0	2	2	1	2	1	1	1	2
1283.422	0	2	2	1	2	1	1	1	2
1283.423	0	2	2	0	2	1	1	0	2
1283.427	0	2	2	0	2	1	0	1	2
1283.428	0	2	2	0	2	1	0	1	2
1283.432	0	2	2	0	2	1	0	0	2
1283.439	0	2	2	0	2	0	1	1	2
1283.446	0	2	2	1	2	1	1	1	2
1283.451	0	2	2	1	2	1	1	1	2
1283.452	0	2	2	1	2	1	1	1	2
1283.455	0	2	2	1	2	1	1	1	2
1283.456	0	2	2	1	2	1	1	1	2
1283.461	0	2	2	1	2	1	1	1	2
1283.462	0	2	2	1	2	1	1	1	2
1283.465	0	2	2	1	2	1	1	1	2
1283.466	0	2	2	1	2	1	1	1	2
1283.469	0	2	2	0	2	1	0	1	2
1283.472	0	2	2	1	2	1	1	1	2
1283.473	0	2	2	1	2	1	1	1	2
1283.475	0	2	2	1	2	1	1	1	2
1283.632	0	2	0	1	2	1	1	1	2
1283.633	0	2	0	1	2	1	1	1	2
1283.634	0	2	0	1	2	1	1	1	2
1283.635	0	2	0	1	2	1	1	1	2
170573.15	0	0	0	1	2	2	0	1	1
29385.245	0	0	0	2	2	1	0	0	1
904779.3	0	0	0	1	2	1	0	1	2
904782.3	0	0	0	2	2	1	0	2	2
904785.3	0	0	0	0	2	1	0	1	2
904786.3	0	0	0	0	2	1	0	1	2
904792.3	0	0	1	1	2	1	0	1	2
904799.3	0	0	0	0	2	1	0	1	2
904800.3	0	0	0	0	2	0	0	1	1
904801.3	0	0	1	0	2	0	0	1	1
1280.11011	2	1	0	2	2	0	0	0	1
1280.11036	2	1	1	2	2	1	1	1	1
1280.11042	2	1	0	2	2	0	0	0	1
1280.11156	2	1	0	2	2	0	0	0	1
1280.11158	2	1	0	2	2	0	0	0	1
1280.11170	2	1	0	2	2	0	0	0	1
1280.11172	2	1	0	2	2	0	0	0	1
1280.11174	2	1	0	2	2	0	0	0	1
1280.11176	2	1	0	2	2	0	0	0	1
1280.11178	2	1	0	2	2	0	0	0	1
1280.11182	2	1	1	2	2	1	0	1	1
1280.11215	2	1	1	2	2	1	1	1	1
1280.11219	2	1	1	2	2	1	1	1	1
1280.11223	2	1	1	2	2	1	1	1	1
1280.11235	2	1	0	2	2	0	0	0	1
1280.11255	2	1	0	2	2	0	0	0	1
1280.11268	2	1	0	2	2	0	0	0	1
1280.11274	2	1	0	2	2	0	0	0	1
1280.11283	2	1	0	2	2	0	0	0	1
1280.11285	2	1	0	2	2	0	0	0	1
1280.11288	2	1	0	2	2	0	0	0	1
1280.11289	2	1	0	2	2	0	0	0	1
1280.11291	2	1	0	2	2	0	0	0	1
1280.11292	2	1	1	2	2	1	1	1	1
1280.11345	2	1	0	2	2	0	0	0	1
1280.4934	2	1	0	2	2	0	0	0	1
1280.10948	2	0	0	2	2	0	0	0	1
1280.10976	2	0	0	2	2	0	0	0	1
1280.10994	2	0	0	2	2	0	0	0	1
1280.11024	2	0	0	2	2	0	0	0	1
1280.11026	2	0	0	2	2	0	0	0	1
1280.11029	2	0	0	2	2	0	0	0	1
1280.11030	2	0	0	2	2	0	0	0	1
1280.11031	2	0	0	2	2	0	0	0	1
1280.11032	2	0	0	2	2	0	0	0	1
1280.11033	2	0	0	2	2	0	0	0	1
1280.11037	2	0	0	2	2	0	0	0	1
1280.11039	2	0	0	2	2	0	0	0	1
1280.11040	2	0	0	2	2	0	0	0	1
1280.11043	2	0	0	2	2	0	0	0	1
1280.11049	2	0	0	2	2	0	0	0	1
1280.11050	2	0	1	2	2	0	0	1	1
1280.11054	2	0	0	2	2	0	0	0	1
1280.11118	2	0	0	2	2	0	0	0	1
1280.11150	2	0	0	2	2	0	0	0	0
1280.11151	2	0	0	2	2	0	0	0	0
1280.11152	2	0	1	2	2	0	0	1	0
1280.11153	2	0	0	2	2	0	0	0	0
1280.11154	2	0	0	2	2	0	0	0	1
1280.11155	2	0	0	2	2	0	0	0	1
1280.11157	2	0	0	2	2	0	0	0	1
1280.11159	2	0	0	2	2	0	0	0	1
1280.11160	2	0	0	2	2	0	0	0	0
1280.11161	2	0	0	2	2	0	0	0	1
1280.11162	2	0	0	2	2	0	0	0	0
1280.11164	2	0	0	2	2	0	0	0	1
1280.11165	2	0	0	2	2	0	0	0	1
1280.11166	2	0	0	2	2	0	0	0	1
1280.11167	2	0	0	2	2	0	0	0	1
1280.11168	2	0	0	2	2	0	0	0	1
1280.11169	2	0	0	2	2	0	0	0	1
1280.11171	2	0	0	2	2	0	0	0	1
1280.11173	2	0	0	2	2	0	0	0	1
1280.11175	2	0	0	2	2	0	0	0	1
1280.11177	2	0	0	2	2	0	0	0	1
1280.11179	2	0	0	2	2	0	0	0	1
1280.11180	2	0	0	2	2	0	0	0	1
1280.11181	2	0	0	2	2	0	0	0	1
1280.11183	2	0	0	2	2	0	0	0	1
1280.11184	2	0	0	2	2	0	0	0	1
1280.11185	2	0	1	2	2	0	0	1	1
1280.11186	2	0	0	2	2	0	0	0	1
1280.11187	2	0	0	2	2	0	0	0	1
1280.11188	2	0	0	2	2	0	0	0	1
1280.11189	2	0	0	2	2	0	0	0	1
1280.11190	2	0	0	2	2	0	0	0	1
1280.11191	2	0	0	2	2	0	0	0	1
1280.11192	2	0	0	2	2	0	0	0	1
1280.11193	2	0	0	2	2	0	0	0	1
1280.11194	2	0	0	2	2	0	0	0	1
1280.11196	2	0	0	2	2	0	0	0	1
1280.11197	2	0	0	2	2	0	0	0	0
1280.11198	2	0	0	2	2	0	0	0	1
1280.11199	2	0	0	2	2	0	0	0	0
1280.11200	2	0	0	2	2	0	0	0	1
1280.11201	2	0	0	2	2	0	0	0	1
1280.11202	2	0	0	2	2	0	0	0	1
1280.11203	2	0	1	2	2	0	0	1	1
1280.11204	2	0	1	2	2	0	0	1	1
1280.11205	2	0	0	2	2	0	0	0	1
1280.11206	2	0	0	2	2	0	0	0	1
1280.11207	2	0	0	2	2	0	0	0	1
1280.11208	2	0	0	2	2	0	0	0	1
1280.11209	2	0	0	2	2	0	0	0	1
1280.11210	2	0	0	2	2	0	0	0	1
1280.11211	2	0	0	2	2	0	0	0	1
1280.11212	2	0	0	2	2	0	0	0	1
1280.11213	2	0	0	2	2	0	0	0	1
1280.11214	2	0	0	2	2	0	0	0	1
1280.11216	2	0	0	2	2	0	0	0	1
1280.11217	2	0	0	2	2	0	0	0	1
1280.11218	2	0	0	2	2	0	0	0	1
1280.11220	2	0	0	2	2	0	0	0	1
1280.11221	2	0	0	2	2	0	0	0	1
1280.11222	2	0	0	2	2	0	0	0	1
1280.11224	2	0	0	2	2	0	0	0	0
1280.11225	2	0	0	2	2	0	0	0	1
1280.11226	2	0	0	2	2	0	0	0	1
1280.11229	2	0	0	2	2	0	0	0	0
1280.11230	2	0	0	2	2	0	0	0	1
1280.11231	2	0	0	2	2	0	0	0	1
1280.11232	2	0	0	2	2	0	0	0	1
1280.11233	2	0	0	2	2	0	0	0	1
1280.11234	2	0	0	2	2	0	0	0	1
1280.11236	2	0	0	2	2	0	0	0	0
1280.11237	2	0	0	2	2	0	0	0	1
1280.11238	2	0	0	2	2	0	0	0	0
1280.11239	2	0	0	2	2	0	0	0	1
1280.11241	2	0	0	2	2	0	0	0	1
1280.11242	2	0	0	2	2	0	0	0	1
1280.11243	2	0	0	2	2	0	0	0	1
1280.11244	2	0	0	2	2	0	0	0	1
1280.11245	2	0	0	2	2	0	0	0	1
1280.11246	2	0	1	2	2	0	0	1	1
1280.11248	2	0	0	2	2	0	0	0	1
1280.11249	2	0	0	2	2	0	0	0	1
1280.11250	2	0	0	2	2	0	0	0	1
1280.11251	2	0	0	2	2	0	0	0	1
1280.11252	2	0	0	2	2	0	0	0	1
1280.11254	2	0	0	2	2	0	0	0	1
1280.11256	2	0	0	2	2	0	0	0	0
1280.11257	2	0	0	2	2	0	0	0	0
1280.11258	2	0	0	2	2	0	0	0	1
1280.11259	2	0	0	2	2	0	0	0	1
1280.11261	2	0	0	2	2	0	0	0	1
1280.11262	2	0	1	2	2	0	0	1	1
1280.11263	2	0	0	2	2	0	0	0	1
1280.11264	2	0	0	2	2	0	0	0	1
1280.11265	2	0	0	2	2	0	0	0	1
1280.11266	2	0	0	2	2	0	0	0	1
1280.11267	2	0	1	2	2	0	0	1	1
1280.11269	2	0	0	2	2	0	0	0	1
1280.11270	2	0	0	2	2	0	0	0	1
1280.11271	2	0	0	2	2	0	0	0	1
1280.11272	2	0	0	2	2	0	0	0	1
1280.11273	2	0	0	2	2	0	0	0	0
1280.11275	2	0	0	2	2	0	0	0	1
1280.11276	2	0	0	2	2	0	0	0	1
1280.11277	2	0	0	2	2	0	0	0	1
1280.11278	2	0	0	2	2	0	0	0	1
1280.11279	2	0	0	2	2	0	0	0	1
1280.11280	2	0	0	2	2	0	0	0	1
1280.11281	2	0	0	2	2	0	0	0	1
1280.11282	2	0	0	2	2	0	0	0	1
1280.11284	2	0	1	2	2	0	0	1	1
1280.11286	2	0	0	2	2	0	0	0	1
1280.11287	2	0	0	2	2	0	0	0	1
1280.11290	2	0	0	2	2	0	0	0	1
1280.11293	2	0	0	2	2	0	0	0	0
1280.11294	2	0	0	2	2	0	0	0	1
1280.11295	2	0	0	2	2	0	0	0	1
1280.11296	2	0	0	2	2	0	0	1	1
1280.11297	2	0	0	2	2	0	0	0	1
1280.11298	2	0	0	2	2	0	0	0	1
1280.11299	2	0	1	2	2	0	0	1	1
1280.11300	2	0	0	2	2	0	0	0	1
1280.11301	2	0	0	2	2	0	0	0	0
1280.11302	2	0	0	2	2	0	0	0	1
1280.11303	2	0	0	2	2	0	0	0	1
1280.11304	2	0	0	2	2	0	0	0	1
1280.11305	2	0	0	2	2	0	0	0	0
1280.11306	2	0	0	2	2	0	0	0	1
1280.11307	2	0	0	2	2	0	0	0	1
1280.11308	2	0	0	2	2	0	0	0	1
1280.11309	2	0	0	2	2	0	0	0	1
1280.11310	2	0	0	2	2	0	0	0	1
1280.11311	2	0	0	2	2	0	0	0	1
1280.11312	2	0	0	2	2	0	0	0	1
1280.11313	2	0	0	2	2	0	0	0	1
1280.11314	2	0	0	2	2	0	0	0	1
1280.11315	2	0	0	2	2	0	0	0	1
1280.11316	2	0	0	2	2	0	0	0	1
1280.11317	2	0	0	2	2	0	0	0	1
1280.11318	2	0	0	2	2	0	0	0	1
1280.11319	2	0	0	2	2	0	0	0	1
1280.11320	2	0	0	2	2	0	0	0	1
1280.11321	2	0	0	2	2	0	0	0	0
1280.11322	2	0	0	2	2	0	0	0	1
1280.11323	2	0	2	2	2	0	0	2	1
1280.11324	2	0	0	2	2	0	0	0	1
1280.11325	2	0	0	2	2	0	0	0	0
1280.11326	2	0	0	2	2	0	0	0	1
1280.11327	2	0	0	2	2	0	0	0	1
1280.11328	2	0	0	2	2	0	0	0	1
1280.11329	2	0	0	2	2	0	0	0	1
1280.11330	2	0	1	2	2	0	0	1	1
1280.11331	2	0	0	2	2	0	0	0	1
1280.11332	2	0	0	2	2	0	0	0	1
1280.11333	2	0	0	2	2	0	0	0	1
1280.11334	2	0	0	2	2	0	0	0	1
1280.11335	2	0	1	2	2	0	0	1	1
1280.11336	2	0	0	2	2	0	0	0	1
1280.11337	2	0	0	2	2	0	0	0	1
1280.11338	2	0	0	2	2	0	0	0	1
1280.11341	2	0	0	2	2	0	0	0	1
1280.11342	2	0	0	2	2	0	0	0	1
1280.11343	2	0	0	2	2	0	0	0	1
1280.11344	2	0	0	2	2	0	0	0	1
1280.11346	2	0	0	2	2	0	0	0	1
1280.11347	2	0	0	2	2	0	0	0	1
1280.11348	2	0	0	2	2	0	0	0	1
1280.11349	2	0	0	2	2	0	0	0	1
1280.11350	2	0	0	2	2	0	0	0	1
1280.11351	2	0	0	2	2	0	0	0	1
1280.11352	2	0	0	2	2	0	0	0	1
1280.11353	2	0	0	2	2	0	0	0	1
1280.11354	2	0	0	2	2	0	0	0	1
1280.11355	2	0	0	2	2	0	0	0	1
1280.11356	2	0	0	2	2	0	0	0	1
1280.11357	2	0	0	2	2	0	0	0	1
1280.11358	2	0	0	2	2	0	0	0	1
1280.11359	2	0	0	2	2	0	0	0	1
1280.11699	2	0	0	2	2	0	0	0	1
1280.11700	2	0	0	2	2	0	0	0	1
1280.11701	2	0	0	2	2	0	0	0	1
1280.11702	2	0	0	2	2	0	0	0	1
1280.11703	2	0	0	2	2	0	0	0	1
1280.11704	2	0	0	2	2	0	0	0	1
1280.11705	2	0	0	2	2	0	0	0	1
1280.11706	2	0	0	2	2	0	0	0	1
1280.11707	2	0	0	2	2	0	0	0	1
1280.11708	2	0	0	2	2	0	0	0	1
1280.11709	2	0	0	2	2	0	0	0	1
1280.11710	2	0	0	2	2	0	0	0	1
1280.11711	2	0	0	2	2	0	0	0	1
1280.11712	2	0	0	2	2	0	0	0	0
1280.11713	2	0	0	2	2	0	0	0	1
1280.11714	2	0	0	2	2	0	0	0	1
1280.11715	2	0	0	2	2	0	0	0	1
1280.11716	2	0	0	2	2	0	0	0	1
1280.11717	2	0	0	2	2	0	0	0	0
1280.11718	2	0	0	2	2	0	0	0	1
1280.11719	2	0	0	2	2	0	0	0	1
1280.11720	2	0	1	2	2	0	0	1	1
1280.11721	2	0	0	2	2	0	0	0	1
1280.11722	2	0	0	2	2	0	0	0	1
1280.11723	2	0	0	2	2	0	0	0	1
1280.11724	2	0	0	2	2	0	0	0	1
1280.11725	2	0	0	2	2	0	0	0	1
1280.11726	2	0	0	2	2	0	0	0	1
1280.4915	2	0	0	2	2	0	0	1	1
1280.4916	2	0	0	2	2	1	0	1	1
1280.4917	2	0	0	2	2	1	0	1	1
1280.4918	2	0	0	2	2	1	0	0	1
1280.4919	2	0	0	2	2	0	0	1	1
1280.4920	2	0	0	2	2	0	0	1	1
1280.4921	2	0	0	2	2	0	0	0	0
1280.4922	2	0	1	2	2	1	0	1	1
1280.4923	2	0	0	2	2	0	0	0	1
1280.4924	2	0	0	2	2	0	0	0	1
1280.4925	2	0	0	2	2	1	0	1	1
1280.4926	2	0	0	2	2	0	0	0	1
1280.4927	2	0	0	2	2	0	0	0	1
1280.4928	2	0	0	2	2	0	0	1	1
1280.4929	2	0	0	2	2	0	0	1	1
1280.4930	2	0	0	2	2	0	0	1	1
1280.4931	2	0	0	2	2	0	0	1	1
1280.4932	2	0	0	2	2	0	0	0	1
1280.4933	2	0	1	2	2	1	0	1	1
1280.4935	2	0	0	2	2	0	0	0	1
1280.4936	2	0	0	2	2	0	0	0	1
1280.4937	2	0	1	2	2	0	0	1	1
1280.4938	2	0	0	2	2	0	0	0	1
1280.4939	2	0	0	2	2	0	0	0	0
1280.4940	2	0	1	2	2	1	0	1	1
1280.4941	2	0	0	2	2	1	0	1	1
1280.4942	2	0	1	2	2	0	0	1	1
1280.4943	2	0	0	2	2	0	0	0	1
1280.4944	2	0	0	2	2	0	0	1	1
1280.4945	2	0	0	2	2	0	0	0	1
1280.4946	2	0	0	2	2	1	0	1	1
1280.4947	2	0	0	2	2	1	0	1	1
1280.4948	2	0	0	2	2	1	0	1	1
1280.4949	2	0	0	2	2	0	0	0	1
1280.4950	2	0	0	2	2	0	0	0	1
1280.4951	2	0	0	2	2	1	0	1	1
1280.4953	2	0	0	2	2	0	0	0	0
1280.4954	2	0	0	2	2	1	0	1	1
1280.4955	2	0	0	2	2	1	0	1	1
1280.4956	2	0	0	2	2	0	0	0	1
1280.4958	2	0	1	2	2	0	0	1	1
1280.4959	2	0	0	2	2	0	0	0	1
1280.4960	2	0	0	2	2	1	0	1	1
1280.4961	2	0	0	2	2	0	0	0	1
1280.4962	2	0	1	2	2	1	0	1	1
1280.4963	2	0	0	2	2	0	0	0	1
1280.4964	2	0	0	2	2	1	0	1	1
1280.4965	2	0	0	2	2	1	0	1	1
1280.4966	2	0	0	2	2	1	0	1	1
1280.4967	2	0	0	2	2	0	0	0	1
1280.4968	2	0	0	2	2	0	0	0	1
1280.4969	2	0	1	2	2	1	0	1	2
1280.4970	2	0	0	2	2	1	0	1	2
1280.4971	2	0	1	2	2	1	0	1	2
1280.4972	2	0	0	2	2	0	0	0	2
1280.4973	2	0	0	2	2	0	0	0	2
1280.4974	2	0	0	2	2	0	0	0	2
1280.4975	2	0	0	2	2	0	0	0	2
1280.4976	2	0	1	2	2	1	0	1	2
1280.4977	2	0	0	2	2	1	0	1	2
1280.4978	2	0	0	2	2	0	0	0	2
1280.4979	2	0	1	2	2	1	0	1	2
1280.4980	2	0	0	2	2	1	0	0	2
1280.4981	2	0	0	2	2	0	0	0	2
1280.4982	2	0	0	2	2	0	0	0	2
1280.4984	2	0	0	2	2	0	0	0	2
1280.4985	2	0	0	2	2	1	0	1	2
1280.4986	2	0	1	2	2	1	0	1	2
1280.4987	2	0	0	2	2	0	0	0	2
1280.4988	2	0	0	2	2	0	0	0	2
1280.4989	2	0	0	2	2	1	0	1	2
1280.4990	2	0	0	2	2	1	0	1	2
1280.4992	2	0	0	2	2	1	0	1	2
985002.100	2	0	0	2	2	0	0	0	1
985002.101	2	0	0	2	2	0	0	0	1
985002.102	2	0	0	2	2	0	0	0	1
985002.103	2	0	0	2	2	0	0	0	1
985002.104	2	0	0	2	2	0	0	0	1
985002.105	2	0	0	2	2	0	0	0	1
985002.106	2	0	0	2	2	0	0	0	1
985002.107	2	0	0	2	2	0	0	0	1
985002.108	2	0	0	2	2	0	0	0	1
985002.109	2	0	0	2	2	0	0	0	1
985002.110	2	0	0	2	2	0	0	0	1
985002.111	2	0	0	2	2	0	0	0	1
985002.112	2	0	0	2	2	0	0	0	1
985002.113	2	0	0	2	2	0	0	0	1
985002.114	2	0	0	2	2	0	0	0	1
985002.115	2	0	0	2	2	0	0	0	1
985002.116	2	0	0	2	2	0	0	0	1
985002.117	2	0	0	2	2	0	0	0	0
985002.118	2	0	0	2	2	0	0	0	1
985002.119	2	0	0	2	2	0	0	0	1
985002.120	2	0	0	2	2	0	0	0	1
985002.121	2	0	0	2	2	0	0	0	1
985002.122	2	0	0	2	2	0	0	0	1
985002.123	2	0	0	2	2	0	0	0	1
985002.124	2	0	0	2	2	0	0	0	1
985002.125	2	0	0	2	2	0	0	0	1
985002.126	2	0	0	2	2	0	0	0	1
985002.127	2	0	0	2	2	0	0	0	1
985002.128	2	0	0	2	2	0	0	0	1
985002.129	2	0	0	2	2	0	0	0	1
985002.131	2	0	0	2	2	0	0	0	1
985002.132	2	0	0	2	2	0	0	0	1
985002.133	2	0	0	2	2	0	0	0	1
985002.134	2	0	0	2	2	0	0	0	1
985002.135	2	0	0	2	2	0	0	0	1
985002.136	2	0	0	2	2	0	0	0	1
985002.137	2	0	0	2	2	0	0	0	1
985002.138	2	0	0	2	2	0	0	0	1
985002.139	2	0	0	2	2	0	0	0	1
985002.140	2	0	0	2	2	0	0	0	1
985002.141	2	0	0	2	2	0	0	0	1
985002.142	2	0	0	2	2	0	0	0	1
985002.143	2	0	0	2	2	0	0	0	1
985002.144	2	0	0	2	2	0	0	0	1
985002.145	2	0	0	2	2	0	0	0	1
985002.153	2	0	0	2	2	0	0	0	1
985002.154	2	0	0	2	2	0	0	0	1
985002.155	2	0	2	2	2	0	0	2	1
985002.156	2	0	0	2	2	0	0	0	1
985002.81	2	0	0	2	2	0	0	0	0
985002.82	2	0	0	2	2	0	0	0	1
985002.83	2	0	0	2	2	0	0	0	1
985002.84	2	0	0	2	2	0	0	0	1
985002.85	2	0	0	2	2	0	0	0	1
985002.86	2	0	0	2	2	0	0	0	1
985002.87	2	0	0	2	2	0	0	0	1
985002.88	2	0	0	2	2	0	0	0	1
985002.89	2	0	0	2	2	0	0	0	1
985002.90	2	0	0	2	2	0	0	0	1
985002.91	2	0	0	2	2	0	0	0	1
985002.92	2	0	0	2	2	0	0	0	1
985002.93	2	0	0	2	2	0	0	0	1
985002.94	2	0	0	2	2	0	0	0	1
985002.95	2	0	0	2	2	0	0	0	1
985002.96	2	0	0	2	2	0	0	0	1
985002.97	2	0	0	2	2	0	0	0	0
985002.98	2	0	0	2	2	0	0	0	1
985002.99	2	0	0	2	2	0	0	0	1
1280.11038	2	2	0	2	2	0	0	0	1
1280.11339	2	2	0	2	2	0	0	0	1
1283.433	2	2	2	1	2	1	1	1	2
1283.435	2	2	2	1	2	1	1	1	2
1283.440	2	2	2	1	2	1	1	1	2
1283.442	2	2	2	1	2	1	1	1	2
1283.443	2	2	2	1	2	1	1	1	2
1283.447	2	2	2	1	2	1	1	1	2
1283.448	2	2	2	1	2	1	1	1	2
1283.450	2	2	2	1	2	1	1	1	2
1283.454	2	2	2	1	2	1	1	1	2
1283.457	2	2	2	1	2	1	1	1	2
1283.459	2	2	2	1	2	1	1	1	2
1283.460	2	2	2	1	2	1	1	1	2
1283.463	2	2	2	1	2	1	1	1	2
1283.464	2	2	2	1	2	1	1	1	2
1283.467	2	2	2	1	2	1	1	1	2
1283.470	2	2	2	1	2	1	1	1	2
1282.2719	2	2	2	0	2	2	0	1	2
1283.369	2	2	2	0	2	2	1	1	2
1283.412	2	2	2	0	2	0	0	1	2
1283.434	2	2	2	0	2	0	1	0	2
1283.445	2	2	2	0	2	2	1	1	2
1283.449	2	2	2	0	2	1	0	1	2
1283.471	2	2	2	0	2	1	0	0	2
1413323.3	2	2	2	2	1	2	2	2	2
1413324.3	2	2	2	2	1	2	2	2	2
1413325.3	2	2	2	2	1	2	2	2	2
1413328.3	2	2	2	2	1	2	2	2	2
1413329.3	2	2	2	2	1	2	2	2	2
1413331.3	2	2	2	2	1	2	2	2	2
1413332.3	2	2	2	2	1	2	2	2	2
1413333.3	2	2	2	2	1	2	2	2	2
1413334.3	2	2	2	2	1	2	2	2	2
1413336.3	2	2	2	2	1	2	2	2	2
1413337.3	2	2	2	2	1	2	2	2	2
1413338.3	2	2	2	2	1	2	2	2	2
1413339.3	2	2	2	2	1	2	2	2	2
1413340.3	2	2	2	2	1	2	2	2	2
1413341.3	2	2	2	2	1	2	2	2	2
1413342.3	2	2	2	2	1	2	2	2	2
1413343.3	2	2	2	2	1	2	2	2	2
1413344.3	2	2	2	2	1	2	2	2	2
1413345.3	2	2	2	2	1	2	2	2	2
1413346.3	2	2	2	2	1	2	2	2	2
1413347.3	2	2	2	2	1	2	2	2	2
1413349.3	2	2	2	2	1	2	2	2	2
1413352.3	2	2	2	2	1	2	2	2	2
1413353.3	2	2	2	2	1	2	2	2	2
1413373.3	2	2	2	2	1	2	2	2	2
1413374.3	2	2	2	2	1	2	2	2	2
1413376.3	2	2	2	2	1	2	2	2	2
1413377.3	2	2	2	2	1	2	2	2	2
1413378.3	2	2	2	2	1	2	2	2	2
1413379.3	2	2	2	2	1	2	2	2	2
1413380.3	2	2	2	2	1	2	2	2	2
1413381.3	2	2	2	2	1	2	2	2	2
1413382.3	2	2	2	2	1	2	2	2	2
1413383.3	2	2	2	2	1	2	2	2	2
1413384.3	2	2	2	2	1	2	2	2	2
1413385.3	2	2	2	2	1	2	2	2	2
1413387.3	2	2	2	2	1	2	2	2	2
1413388.3	2	2	2	2	1	2	2	2	2
1413389.3	2	2	2	2	1	2	2	2	2
1413390.3	2	2	2	2	1	2	2	2	2
1413391.3	2	2	2	2	1	2	2	2	2
1413392.3	2	2	2	2	1	2	2	2	2
1413393.3	2	2	2	2	1	2	2	2	2
1413394.3	2	2	2	2	1	2	2	2	2
1413395.3	2	2	2	2	1	2	2	2	2
1413396.3	2	2	2	2	1	2	2	2	2
1413399.3	2	2	2	2	1	2	2	2	2
1413401.3	2	2	2	2	1	2	2	2	2
1413402.3	2	2	2	2	1	2	2	2	2
1413405.3	2	2	2	2	1	2	2	2	2
1413406.3	2	2	2	2	1	2	2	2	2
1413407.3	2	2	2	2	1	2	2	2	2
1413408.3	2	2	2	2	1	2	2	2	2
1413409.3	2	2	2	2	1	2	2	2	2
1413410.3	2	2	2	2	1	2	2	2	2
1413411.3	2	2	2	2	1	2	2	2	2
1413412.3	2	2	2	2	1	2	2	2	2
1413413.3	2	2	2	2	1	2	2	2	2
1413416.3	2	2	2	2	1	2	2	2	2
1413418.3	2	2	2	2	1	2	2	2	2
1413419.3	2	2	2	2	1	2	2	2	2
1413420.3	2	2	2	2	1	2	2	2	2
1413421.3	2	2	2	2	1	2	2	2	2
1413422.3	2	2	2	2	1	2	2	2	2
1413423.3	2	2	2	2	1	2	2	2	2
1413424.3	2	2	2	2	1	2	2	2	2
1413425.3	2	2	2	2	1	2	2	2	2
1413426.3	2	2	2	2	1	2	2	2	2
1413427.3	2	2	2	2	1	2	2	2	2
1413428.3	2	2	2	2	1	2	2	2	2
1413429.3	2	2	2	2	1	2	2	2	2
1413430.3	2	2	2	2	1	2	2	2	2
1413431.3	2	2	2	2	1	2	2	2	2
1413432.3	2	2	2	2	1	2	2	2	2
1413433.3	2	2	2	2	1	2	2	2	2
1413434.3	2	2	2	2	1	2	2	2	2
1413435.3	2	2	2	2	1	2	2	2	2
1413436.3	2	2	2	2	1	2	2	2	2
1413437.3	2	2	2	2	1	2	2	2	2
1413438.3	2	2	2	2	1	2	2	2	2
1413439.3	2	2	2	2	1	2	2	2	2
1413440.3	2	2	2	2	1	2	2	2	2
1413441.3	2	2	2	2	1	2	2	2	2
1413446.3	2	2	2	2	1	2	2	2	2
1413447.3	2	2	2	2	1	2	2	2	2
1413448.3	2	2	2	2	1	2	2	2	2
1413449.3	2	2	2	2	1	2	2	2	2
1413450.3	2	2	2	2	1	2	2	2	2
1413451.3	2	2	2	2	1	2	2	2	2
1413456.3	2	2	2	2	1	2	2	2	2
1413457.3	2	2	2	2	1	2	2	2	2
1413458.3	2	2	2	2	1	2	2	2	2
1413459.3	2	2	2	2	1	2	2	2	2
1413461.3	2	2	2	2	1	2	2	2	2
1413466.3	2	2	2	2	1	2	2	2	2
1413467.3	2	2	2	2	1	2	2	2	2
1413470.3	2	2	2	2	1	2	2	2	2
1413471.3	2	2	2	2	1	2	2	2	2
1413472.3	2	2	2	2	1	2	2	2	2
1413473.3	2	2	2	2	1	2	2	2	2
1413474.3	2	2	2	2	1	2	2	2	2
1413475.3	2	2	2	2	1	2	2	2	2
1413476.3	2	2	2	2	1	2	2	2	2
1413477.3	2	2	2	2	1	2	2	2	2
1413480.3	2	2	2	2	1	2	2	2	2
1413484.3	2	2	2	2	1	2	2	2	2
1413485.3	2	2	2	2	1	2	2	2	2
1413486.3	2	2	2	2	1	2	2	2	2
1413487.3	2	2	2	2	1	2	2	2	2
1413488.3	2	2	2	2	1	2	2	2	2
1413514.3	2	2	2	2	1	2	2	2	2
1413515.3	2	2	2	2	1	2	2	2	2
1413516.3	2	2	2	2	1	2	2	2	2
1413517.3	2	2	2	2	1	2	2	2	2
1413518.3	2	2	2	2	1	2	2	2	2
1413519.3	2	2	2	2	1	2	2	2	2
1413521.3	2	2	2	2	1	2	2	2	2
1413522.3	2	2	2	2	1	2	2	2	2
1413523.3	2	2	2	2	1	2	2	2	2
1413524.3	2	2	2	2	1	2	2	2	2
1413570.3	2	2	2	2	1	2	2	2	2
1413572.3	2	2	2	2	1	2	2	2	2
1413574.3	2	2	2	2	1	2	2	2	2
1413575.3	2	2	2	2	1	2	2	2	2
1413576.3	2	2	2	2	1	2	2	2	2
1413577.3	2	2	2	2	1	2	2	2	2
1413578.3	2	2	2	2	1	2	2	2	2
1413580.3	2	2	2	2	1	2	2	2	2
1413581.3	2	2	2	2	1	2	2	2	2
1413586.3	2	2	2	2	1	2	2	2	2
1413587.3	2	2	2	2	1	2	2	2	2
1413588.3	2	2	2	2	1	2	2	2	2
1413591.3	2	2	2	2	1	2	2	2	2
1413592.3	2	2	2	2	1	2	2	2	2
1413595.3	2	2	2	2	1	2	2	2	2
1413596.3	2	2	2	2	1	2	2	2	2
1413597.3	2	2	2	2	1	2	2	2	2
1413599.3	2	2	2	2	1	2	2	2	2
1413600.3	2	2	2	2	1	2	2	2	2
1413603.3	2	2	2	2	1	2	2	2	2
1422390.3	2	2	2	2	1	2	2	2	2
1422391.3	2	2	2	2	1	2	2	2	2
1422392.3	2	2	2	2	1	2	2	2	2
1422393.3	2	2	2	2	1	2	2	2	2
1422394.3	2	2	2	2	1	2	2	2	2
1422395.3	2	2	2	2	1	2	2	2	2
1422396.3	2	2	2	2	1	2	2	2	2
1422397.3	2	2	2	2	1	2	2	2	2
1422398.3	2	2	2	2	1	2	2	2	2
1422399.3	2	2	2	2	1	2	2	2	2
1422400.3	2	2	2	2	1	2	2	2	2
1422401.3	2	2	2	2	1	2	2	2	2
1422402.3	2	2	2	2	1	2	2	2	2
1422403.3	2	2	2	2	1	2	2	2	2
1422404.3	2	2	2	2	1	2	2	2	2
1422405.3	2	2	2	2	1	2	2	2	2
1422406.3	2	2	2	2	1	2	2	2	2
1422407.3	2	2	2	2	1	2	2	2	2
1422408.3	2	2	2	2	1	2	2	2	2
1422409.3	2	2	2	2	1	2	2	2	2
1422410.3	2	2	2	2	1	2	2	2	2
1422411.3	2	2	2	2	1	2	2	2	2
1422412.3	2	2	2	2	1	2	2	2	2
1422413.3	2	2	2	2	1	2	2	2	2
1422414.3	2	2	2	2	1	2	2	2	2
1422415.3	2	2	2	2	1	2	2	2	2
1422416.3	2	2	2	2	1	2	2	2	2
1422417.3	2	2	2	2	1	2	2	2	2
1422418.3	2	2	2	2	1	2	2	2	2
1422419.3	2	2	2	2	1	2	2	2	2
1422420.3	2	2	2	2	1	2	2	2	2
1422421.3	2	2	2	2	1	2	2	2	2
1422422.3	2	2	2	2	1	2	2	2	2
1422423.3	2	2	2	2	1	2	2	2	2
1422424.3	2	2	2	2	1	2	2	2	2
1422425.3	2	2	2	2	1	2	2	2	2
1422426.3	2	2	2	2	1	2	2	2	2
1422427.3	2	2	2	2	1	2	2	2	2
1422428.3	2	2	2	2	1	2	2	2	2
1422429.3	2	2	2	2	1	2	2	2	2
1422430.3	2	2	2	2	1	2	2	2	2
1422431.3	2	2	2	2	1	2	2	2	2
1422432.3	2	2	2	2	1	2	2	2	2
1422433.3	2	2	2	2	1	2	2	2	2
1422434.3	2	2	2	2	1	2	2	2	2
1422435.3	2	2	2	2	1	2	2	2	2
1422436.3	2	2	2	2	1	2	2	2	2
1422437.3	2	2	2	2	1	2	2	2	2
1422438.3	2	2	2	2	1	2	2	2	2
1422439.3	2	2	2	2	1	2	2	2	2
1422440.3	2	2	2	2	1	2	2	2	2
1422441.3	2	2	2	2	1	2	2	2	2
1422442.3	2	2	2	2	1	2	2	2	2
1422443.3	2	2	2	2	1	2	2	2	2
1422444.3	2	2	2	2	1	2	2	2	2
1422445.3	2	2	2	2	1	2	2	2	2
1422446.3	2	2	2	2	1	2	2	2	2
1422447.3	2	2	2	2	1	2	2	2	2
1422448.3	2	2	2	2	1	2	2	2	2
1422449.3	2	2	2	2	1	2	2	2	2
1422450.3	2	2	2	2	1	2	2	2	2
1422451.3	2	2	2	2	1	2	2	2	2
1422452.3	2	2	2	2	1	2	2	2	2
1422453.3	2	2	2	2	1	2	2	2	2
1422454.3	2	2	2	2	1	2	2	2	2
1422455.3	2	2	2	2	1	2	2	2	2
1422456.3	2	2	2	2	1	2	2	2	2
1422457.3	2	2	2	2	1	2	2	2	2
1422458.3	2	2	2	2	1	2	2	2	2
1422459.3	2	2	2	2	1	2	2	2	2
1422460.3	2	2	2	2	1	2	2	2	2
1422461.3	2	2	2	2	1	2	2	2	2
1422462.3	2	2	2	2	1	2	2	2	2
1422463.3	2	2	2	2	1	2	2	2	2
1422464.3	2	2	2	2	1	2	2	2	2
1422465.3	2	2	2	2	1	2	2	2	2
1422466.3	2	2	2	2	1	2	2	2	2
1422467.3	2	2	2	2	1	2	2	2	2
1422468.3	2	2	2	2	1	2	2	2	2
1422469.3	2	2	2	2	1	2	2	2	2
1422470.3	2	2	2	2	1	2	2	2	2
1422471.3	2	2	2	2	1	2	2	2	2
1422472.3	2	2	2	2	1	2	2	2	2
1422473.3	2	2	2	2	1	2	2	2	2
1422474.3	2	2	2	2	1	2	2	2	2
1422475.3	2	2	2	2	1	2	2	2	2
1422476.3	2	2	2	2	1	2	2	2	2
1422477.3	2	2	2	2	1	2	2	2	2
1422478.3	2	2	2	2	1	2	2	2	2
1422479.3	2	2	2	2	1	2	2	2	2
1422480.3	2	2	2	2	1	2	2	2	2
1422481.3	2	2	2	2	1	2	2	2	2
1422482.3	2	2	2	2	1	2	2	2	2
1422483.3	2	2	2	2	1	2	2	2	2
1422484.3	2	2	2	2	1	2	2	2	2
1422485.3	2	2	2	2	1	2	2	2	2
1422488.3	2	2	2	2	1	2	2	2	2
1422489.3	2	2	2	2	1	2	2	2	2
1422490.3	2	2	2	2	1	2	2	2	2
1422491.3	2	2	2	2	1	2	2	2	2
1422492.3	2	2	2	2	1	2	2	2	2
1422493.3	2	2	2	2	1	2	2	2	2
1422494.3	2	2	2	2	1	2	2	2	2
1422495.3	2	2	2	2	1	2	2	2	2
1422497.3	2	2	2	2	1	2	2	2	2
1422498.3	2	2	2	2	1	2	2	2	2
1422500.3	2	2	2	2	1	2	2	2	2
1422503.3	2	2	2	2	1	2	2	2	2
1422508.3	2	2	2	2	1	2	2	2	2
1422509.3	2	2	2	2	1	2	2	2	2
1422510.3	2	2	2	2	1	2	2	2	2
1422511.3	2	2	2	2	1	2	2	2	2
1422512.3	2	2	2	2	1	2	2	2	2
1422513.3	2	2	2	2	1	2	2	2	2
1422514.3	2	2	2	2	1	2	2	2	2
1422515.3	2	2	2	2	1	2	2	2	2
1422516.3	2	2	2	2	1	2	2	2	2
1422517.3	2	2	2	2	1	2	2	2	2
1422518.3	2	2	2	2	1	2	2	2	2
1422519.3	2	2	2	2	1	2	2	2	2
1422520.3	2	2	2	2	1	2	2	2	2
1422521.3	2	2	2	2	1	2	2	2	2
1422522.3	2	2	2	2	1	2	2	2	2
1422523.3	2	2	2	2	1	2	2	2	2
1422524.3	2	2	2	2	1	2	2	2	2
1422525.3	2	2	2	2	1	2	2	2	2
1422526.3	2	2	2	2	1	2	2	2	2
1422527.3	2	2	2	2	1	2	2	2	2
1422528.3	2	2	2	2	1	2	2	2	2
1422529.3	2	2	2	2	1	2	2	2	2
1422530.3	2	2	2	2	1	2	2	2	2
1422531.3	2	2	2	2	1	2	2	2	2
1422532.3	2	2	2	2	1	2	2	2	2
1422533.3	2	2	2	2	1	2	2	2	2
1422534.3	2	2	2	2	1	2	2	2	2
1422535.3	2	2	2	2	1	2	2	2	2
1422536.3	2	2	2	2	1	2	2	2	2
1422537.3	2	2	2	2	1	2	2	2	2
1422538.3	2	2	2	2	1	2	2	2	2
1422539.3	2	2	2	2	1	2	2	2	2
1422540.3	2	2	2	2	1	2	2	2	2
1422541.3	2	2	2	2	1	2	2	2	2
1422542.3	2	2	2	2	1	2	2	2	2
1422543.3	2	2	2	2	1	2	2	2	2
1422544.3	2	2	2	2	1	2	2	2	2
1422545.3	2	2	2	2	1	2	2	2	2
1422546.3	2	2	2	2	1	2	2	2	2
1422547.3	2	2	2	2	1	2	2	2	2
1422548.3	2	2	2	2	1	2	2	2	2
1422549.3	2	2	2	2	1	2	2	2	2
1422550.3	2	2	2	2	1	2	2	2	2
1422551.3	2	2	2	2	1	2	2	2	2
1422552.3	2	2	2	2	1	2	2	2	2
1422553.3	2	2	2	2	1	2	2	2	2
1422554.3	2	2	2	2	1	2	2	2	2
1422555.3	2	2	2	2	1	2	2	2	2
1422556.3	2	2	2	2	1	2	2	2	2
1422557.3	2	2	2	2	1	2	2	2	2
1422558.3	2	2	2	2	1	2	2	2	2
1422559.3	2	2	2	2	1	2	2	2	2
1422560.3	2	2	2	2	1	2	2	2	2
1422561.3	2	2	2	2	1	2	2	2	2
1422562.3	2	2	2	2	1	2	2	2	2
1422563.3	2	2	2	2	1	2	2	2	2
1422564.3	2	2	2	2	1	2	2	2	2
1422565.3	2	2	2	2	1	2	2	2	2
1422566.3	2	2	2	2	1	2	2	2	2
1422567.3	2	2	2	2	1	2	2	2	2
1422568.3	2	2	2	2	1	2	2	2	2
1422569.3	2	2	2	2	1	2	2	2	2
1422570.3	2	2	2	2	1	2	2	2	2
1422571.3	2	2	2	2	1	2	2	2	2
1422572.3	2	2	2	2	1	2	2	2	2
1422573.3	2	2	2	2	1	2	2	2	2
1422574.3	2	2	2	2	1	2	2	2	2
1422575.3	2	2	2	2	1	2	2	2	2
1422576.3	2	2	2	2	1	2	2	2	2
1422577.3	2	2	2	2	1	2	2	2	2
1422578.3	2	2	2	2	1	2	2	2	2
1422579.3	2	2	2	2	1	2	2	2	2
1422580.3	2	2	2	2	1	2	2	2	2
1422581.3	2	2	2	2	1	2	2	2	2
1422582.3	2	2	2	2	1	2	2	2	2
1422583.3	2	2	2	2	1	2	2	2	2
1422584.3	2	2	2	2	1	2	2	2	2
1422585.3	2	2	2	2	1	2	2	2	2
1422586.3	2	2	2	2	1	2	2	2	2
1422587.3	2	2	2	2	1	2	2	2	2
1422588.3	2	2	2	2	1	2	2	2	2
1422589.3	2	2	2	2	1	2	2	2	2
1422590.3	2	2	2	2	1	2	2	2	2
1422591.3	2	2	2	2	1	2	2	2	2
1422592.3	2	2	2	2	1	2	2	2	2
1422593.3	2	2	2	2	1	2	2	2	2
1422594.3	2	2	2	2	1	2	2	2	2
1422595.3	2	2	2	2	1	2	2	2	2
1422596.3	2	2	2	2	1	2	2	2	2
1422597.3	2	2	2	2	1	2	2	2	2
1422598.3	2	2	2	2	1	2	2	2	2
1422599.3	2	2	2	2	1	2	2	2	2
1422600.3	2	2	2	2	1	2	2	2	2
1422601.3	2	2	2	2	1	2	2	2	2
1422602.3	2	2	2	2	1	2	2	2	2
1422603.3	2	2	2	2	1	2	2	2	2
1422604.3	2	2	2	2	1	2	2	2	2
1422605.3	2	2	2	2	1	2	2	2	2
1422606.3	2	2	2	2	1	2	2	2	2
1422607.3	2	2	2	2	1	2	2	2	2
1422608.3	2	2	2	2	1	2	2	2	2
1422609.3	2	2	2	2	1	2	2	2	2
1422610.3	2	2	2	2	1	2	2	2	2
1422611.3	2	2	2	2	1	2	2	2	2
1422613.3	2	2	2	2	1	2	2	2	2
1422614.3	2	2	2	2	1	2	2	2	2
1422615.3	2	2	2	2	1	2	2	2	2
1422616.3	2	2	2	2	1	2	2	2	2
1422617.3	2	2	2	2	1	2	2	2	2
1422618.3	2	2	2	2	1	2	2	2	2
1422619.3	2	2	2	2	1	2	2	2	2
1422620.3	2	2	2	2	1	2	2	2	2
1422621.3	2	2	2	2	1	2	2	2	2
1422622.3	2	2	2	2	1	2	2	2	2
1422623.3	2	2	2	2	1	2	2	2	2
1422624.3	2	2	2	2	1	2	2	2	2
1422625.3	2	2	2	2	1	2	2	2	2
1422626.3	2	2	2	2	1	2	2	2	2
1422627.3	2	2	2	2	1	2	2	2	2
1422628.3	2	2	2	2	1	2	2	2	2
1422629.3	2	2	2	2	1	2	2	2	2
1422630.3	2	2	2	2	1	2	2	2	2
1422631.3	2	2	2	2	1	2	2	2	2
1422632.3	2	2	2	2	1	2	2	2	2
1422633.3	2	2	2	2	1	2	2	2	2
1422634.3	2	2	2	2	1	2	2	2	2
1422635.3	2	2	2	2	1	2	2	2	2
1422636.3	2	2	2	2	1	2	2	2	2
1422637.3	2	2	2	2	1	2	2	2	2
1422638.3	2	2	2	2	1	2	2	2	2
1422639.3	2	2	2	2	1	2	2	2	2
1422640.3	2	2	2	2	1	2	2	2	2
1422641.3	2	2	2	2	1	2	2	2	2
1422642.3	2	2	2	2	1	2	2	2	2
1422643.3	2	2	2	2	1	2	2	2	2
1422644.3	2	2	2	2	1	2	2	2	2
1422645.3	2	2	2	2	1	2	2	2	2
1422646.3	2	2	2	2	1	2	2	2	2
1422647.3	2	2	2	2	1	2	2	2	2
1422648.3	2	2	2	2	1	2	2	2	2
1422649.3	2	2	2	2	1	2	2	2	2
1422650.3	2	2	2	2	1	2	2	2	2
1422651.3	2	2	2	2	1	2	2	2	2
1422652.3	2	2	2	2	1	2	2	2	2
1422653.3	2	2	2	2	1	2	2	2	2
1422654.3	2	2	2	2	1	2	2	2	2
1422655.3	2	2	2	2	1	2	2	2	2
1422656.3	2	2	2	2	1	2	2	2	2
1422657.3	2	2	2	2	1	2	2	2	2
1422658.3	2	2	2	2	1	2	2	2	2
1422659.3	2	2	2	2	1	2	2	2	2
1422660.3	2	2	2	2	1	2	2	2	2
1422661.3	2	2	2	2	1	2	2	2	2
1422662.3	2	2	2	2	1	2	2	2	2
1422663.3	2	2	2	2	1	2	2	2	2
1422664.3	2	2	2	2	1	2	2	2	2
1422665.3	2	2	2	2	1	2	2	2	2
1422666.3	2	2	2	2	1	2	2	2	2
1422667.3	2	2	2	2	1	2	2	2	2
1422668.3	2	2	2	2	1	2	2	2	2
1422669.3	2	2	2	2	1	2	2	2	2
1422670.3	2	2	2	2	1	2	2	2	2
1422671.3	2	2	2	2	1	2	2	2	2
1422672.3	2	2	2	2	1	2	2	2	2
1422673.3	2	2	2	2	1	2	2	2	2
1422674.3	2	2	2	2	1	2	2	2	2
1422675.3	2	2	2	2	1	2	2	2	2
1422676.3	2	2	2	2	1	2	2	2	2
1422677.3	2	2	2	2	1	2	2	2	2
1422678.3	2	2	2	2	1	2	2	2	2
1422679.3	2	2	2	2	1	2	2	2	2
1422680.3	2	2	2	2	1	2	2	2	2
1422681.3	2	2	2	2	1	2	2	2	2
1422682.3	2	2	2	2	1	2	2	2	2
1422683.3	2	2	2	2	1	2	2	2	2
1422684.3	2	2	2	2	1	2	2	2	2
1422685.3	2	2	2	2	1	2	2	2	2
1422686.3	2	2	2	2	1	2	2	2	2
1422687.3	2	2	2	2	1	2	2	2	2
1422688.3	2	2	2	2	1	2	2	2	2
1422689.3	2	2	2	2	1	2	2	2	2
1422690.3	2	2	2	2	1	2	2	2	2
1422691.3	2	2	2	2	1	2	2	2	2
1422692.3	2	2	2	2	1	2	2	2	2
1422693.3	2	2	2	2	1	2	2	2	2
1422694.3	2	2	2	2	1	2	2	2	2
1422695.3	2	2	2	2	1	2	2	2	2
1422696.3	2	2	2	2	1	2	2	2	2
1422697.3	2	2	2	2	1	2	2	2	2
1422698.3	2	2	2	2	1	2	2	2	2
1422699.3	2	2	2	2	1	2	2	2	2
1422700.3	2	2	2	2	1	2	2	2	2
1422701.3	2	2	2	2	1	2	2	2	2
1422702.3	2	2	2	2	1	2	2	2	2
1422703.3	2	2	2	2	1	2	2	2	2
1422704.3	2	2	2	2	1	2	2	2	2
1422705.3	2	2	2	2	1	2	2	2	2
1422706.3	2	2	2	2	1	2	2	2	2
1422707.3	2	2	2	2	1	2	2	2	2
1422708.3	2	2	2	2	1	2	2	2	2
1422709.3	2	2	2	2	1	2	2	2	2
1422710.3	2	2	2	2	1	2	2	2	2
1422711.3	2	2	2	2	1	2	2	2	2
1422712.3	2	2	2	2	1	2	2	2	2
1422713.3	2	2	2	2	1	2	2	2	2
1422714.3	2	2	2	2	1	2	2	2	2
1422715.3	2	2	2	2	1	2	2	2	2
1422716.3	2	2	2	2	1	2	2	2	2
1422717.3	2	2	2	2	1	2	2	2	2
1422718.3	2	2	2	2	1	2	2	2	2
1422719.3	2	2	2	2	1	2	2	2	2
1422720.3	2	2	2	2	1	2	2	2	2
1422721.3	2	2	2	2	1	2	2	2	2
1422722.3	2	2	2	2	1	2	2	2	2
1422723.3	2	2	2	2	1	2	2	2	2
1422724.3	2	2	2	2	1	2	2	2	2
1422725.3	2	2	2	2	1	2	2	2	2
1422726.3	2	2	2	2	1	2	2	2	2
1422727.3	2	2	2	2	1	2	2	2	2
1422728.3	2	2	2	2	1	2	2	2	2
1422729.3	2	2	2	2	1	2	2	2	2
1422730.3	2	2	2	2	1	2	2	2	2
1422731.3	2	2	2	2	1	2	2	2	2
1422732.3	2	2	2	2	1	2	2	2	2
1422733.3	2	2	2	2	1	2	2	2	2
1422734.3	2	2	2	2	1	2	2	2	2
1422735.3	2	2	2	2	1	2	2	2	2
1422736.3	2	2	2	2	1	2	2	2	2
1422737.3	2	2	2	2	1	2	2	2	2
1422738.3	2	2	2	2	1	2	2	2	2
1422739.3	2	2	2	2	1	2	2	2	2
1422740.3	2	2	2	2	1	2	2	2	2
1422741.3	2	2	2	2	1	2	2	2	2
1422742.3	2	2	2	2	1	2	2	2	2
1422743.3	2	2	2	2	1	2	2	2	2
1422744.3	2	2	2	2	1	2	2	2	2
1422745.3	2	2	2	2	1	2	2	2	2
1422746.3	2	2	2	2	1	2	2	2	2
1422747.3	2	2	2	2	1	2	2	2	2
1422748.3	2	2	2	2	1	2	2	2	2
1422749.3	2	2	2	2	1	2	2	2	2
1422750.3	2	2	2	2	1	2	2	2	2
1422751.3	2	2	2	2	1	2	2	2	2
904313.3	2	2	2	2	1	2	2	2	2
904315.3	2	2	2	2	1	2	2	2	2
904316.3	2	2	2	2	1	2	2	2	2
904317.3	2	2	2	2	1	2	2	2	2
904318.3	2	2	2	2	1	2	2	2	2
904320.3	2	2	2	2	1	2	2	2	2
904321.3	2	2	2	2	1	2	2	2	2
904323.3	2	2	2	2	1	2	2	2	2
904325.3	2	2	2	2	1	2	2	2	2
904326.3	2	2	2	2	1	2	2	2	2
904331.3	2	2	2	2	1	2	2	2	2
904335.3	2	2	2	2	1	2	2	2	2
904337.3	2	2	2	2	1	2	2	2	2
904340.3	2	2	2	2	1	2	2	2	2
904342.3	2	2	2	2	1	2	2	2	2
1413327.3	2	2	2	2	0	2	2	2	2
1413348.3	2	2	2	2	0	2	2	2	2
1413350.3	2	2	2	2	0	2	2	2	2
1413351.3	2	2	2	2	0	2	2	2	2
1413354.3	2	2	2	2	0	2	2	2	2
1413375.3	2	2	2	2	0	2	2	2	2
1413397.3	2	2	2	2	0	2	2	2	2
1413398.3	2	2	2	2	0	2	2	2	2
1413400.3	2	2	2	2	0	2	2	2	2
1413414.3	2	2	2	2	0	2	2	2	2
1413415.3	2	2	2	2	0	2	2	2	2
1413454.3	2	2	2	2	0	2	2	2	2
1413455.3	2	2	2	2	0	2	2	2	2
1413481.3	2	2	2	2	0	2	2	2	2
1413482.3	2	2	2	2	0	2	2	2	2
1413483.3	2	2	2	2	0	2	2	2	2
1413489.3	2	2	2	2	0	2	2	2	2
1413490.3	2	2	2	2	0	2	2	2	2
1413491.3	2	2	2	2	0	2	2	2	2
1413492.3	2	2	2	2	0	2	2	2	2
1413493.3	2	2	2	2	0	2	2	2	2
1413494.3	2	2	2	2	0	2	2	2	2
1413495.3	2	2	2	2	0	2	2	2	2
1413496.3	2	2	2	2	0	2	2	2	2
1413497.3	2	2	2	2	0	2	2	2	2
1413498.3	2	2	2	2	0	2	2	2	2
1413499.3	2	2	2	2	0	2	2	2	2
1413500.3	2	2	2	2	0	2	2	2	2
1413501.3	2	2	2	2	0	2	2	2	2
1413502.3	2	2	2	2	0	2	2	2	2
1413503.3	2	2	2	2	0	2	2	2	2
1413504.3	2	2	2	2	0	2	2	2	2
1413505.3	2	2	2	2	0	2	2	2	2
1413506.3	2	2	2	2	0	2	2	2	2
1413507.3	2	2	2	2	0	2	2	2	2
1413508.3	2	2	2	2	0	2	2	2	2
1413509.3	2	2	2	2	0	2	2	2	2
1413510.3	2	2	2	2	0	2	2	2	2
1413511.3	2	2	2	2	0	2	2	2	2
1413512.3	2	2	2	2	0	2	2	2	2
1413582.3	2	2	2	2	0	2	2	2	2
1413583.3	2	2	2	2	0	2	2	2	2
1413584.3	2	2	2	2	0	2	2	2	2
1413585.3	2	2	2	2	0	2	2	2	2
1413589.3	2	2	2	2	0	2	2	2	2
1413590.3	2	2	2	2	0	2	2	2	2
1413593.3	2	2	2	2	0	2	2	2	2
1413594.3	2	2	2	2	0	2	2	2	2
1413598.3	2	2	2	2	0	2	2	2	2
1413602.3	2	2	2	2	0	2	2	2	2
1413604.3	2	2	2	2	0	2	2	2	2
1413605.3	2	2	2	2	0	2	2	2	2
1413606.3	2	2	2	2	0	2	2	2	2
1413607.3	2	2	2	2	0	2	2	2	2
1413608.3	2	2	2	2	0	2	2	2	2
1413609.3	2	2	2	2	0	2	2	2	2
1422752.3	2	2	2	2	0	2	2	2	2
1422753.3	2	2	2	2	0	2	2	2	2
1422754.3	2	2	2	2	0	2	2	2	2
1422755.3	2	2	2	2	0	2	2	2	2
1422756.3	2	2	2	2	0	2	2	2	2
1422757.3	2	2	2	2	0	2	2	2	2
1422758.3	2	2	2	2	0	2	2	2	2
1422759.3	2	2	2	2	0	2	2	2	2
1422760.3	2	2	2	2	0	2	2	2	2
1422761.3	2	2	2	2	0	2	2	2	2
1422762.3	2	2	2	2	0	2	2	2	2
1422763.3	2	2	2	2	0	2	2	2	2
1422764.3	2	2	2	2	0	2	2	2	2
1422765.3	2	2	2	2	0	2	2	2	2
1422766.3	2	2	2	2	0	2	2	2	2
1422767.3	2	2	2	2	0	2	2	2	2
1422768.3	2	2	2	2	0	2	2	2	2
1422769.3	2	2	2	2	0	2	2	2	2
1422770.3	2	2	2	2	0	2	2	2	2
1422771.3	2	2	2	2	0	2	2	2	2
1422772.3	2	2	2	2	0	2	2	2	2
1422773.3	2	2	2	2	0	2	2	2	2
1422774.3	2	2	2	2	0	2	2	2	2
1422775.3	2	2	2	2	0	2	2	2	2
1422777.3	2	2	2	2	0	2	2	2	2
1422778.3	2	2	2	2	0	2	2	2	2
1422779.3	2	2	2	2	0	2	2	2	2
1422780.3	2	2	2	2	0	2	2	2	2
1422781.3	2	2	2	2	0	2	2	2	2
1422782.3	2	2	2	2	0	2	2	2	2
1422783.3	2	2	2	2	0	2	2	2	2
1422784.3	2	2	2	2	0	2	2	2	2
1422785.3	2	2	2	2	0	2	2	2	2
1422786.3	2	2	2	2	0	2	2	2	2
1422787.3	2	2	2	2	0	2	2	2	2
1422788.3	2	2	2	2	0	2	2	2	2
1422789.3	2	2	2	2	0	2	2	2	2
1422790.3	2	2	2	2	0	2	2	2	2
1422791.3	2	2	2	2	0	2	2	2	2
1422792.3	2	2	2	2	0	2	2	2	2
1422793.3	2	2	2	2	0	2	2	2	2
1422794.3	2	2	2	2	0	2	2	2	2
1422795.3	2	2	2	2	0	2	2	2	2
1422796.3	2	2	2	2	0	2	2	2	2
1422797.3	2	2	2	2	0	2	2	2	2
1422798.3	2	2	2	2	0	2	2	2	2
1422799.3	2	2	2	2	0	2	2	2	2
1422800.3	2	2	2	2	0	2	2	2	2
1422801.3	2	2	2	2	0	2	2	2	2
1422802.3	2	2	2	2	0	2	2	2	2
1422803.3	2	2	2	2	0	2	2	2	2
1422804.3	2	2	2	2	0	2	2	2	2
1422805.3	2	2	2	2	0	2	2	2	2
1422806.3	2	2	2	2	0	2	2	2	2
1422807.3	2	2	2	2	0	2	2	2	2
1422809.3	2	2	2	2	0	2	2	2	2
1422810.3	2	2	2	2	0	2	2	2	2
1422812.3	2	2	2	2	0	2	2	2	2
1422813.3	2	2	2	2	0	2	2	2	2
904314.5	2	2	2	2	0	2	2	2	2
904319.3	2	2	2	2	0	2	2	2	2
904322.3	2	2	2	2	0	2	2	2	2
904328.3	2	2	2	2	0	2	2	2	2
904330.3	2	2	2	2	0	2	2	2	2
904334.4	2	2	2	2	0	2	2	2	2
904336.3	2	2	2	2	0	2	2	2	2
904338.3	2	2	2	2	0	2	2	2	2
904339.3	2	2	2	2	0	2	2	2	2
904341.3	2	2	2	2	0	2	2	2	2
904343.3	2	2	2	2	0	2	2	2	2
904344.3	2	2	2	2	0	2	2	2	2
904345.3	2	2	2	2	0	2	2	2	2
904346.3	2	2	2	2	0	2	2	2	2
904347.3	2	2	2	2	0	2	2	2	2
1283.458	2	2	2	2	2	1	2	2	2
