	levofloxacin	imipenem	amikacin	ciprofloxacin	ceftazidime	cefepime	meropenem
1402490.3	1	0	0	1	0	2	2
1402491.3	1	1	1	1	2	2	2
1402492.3	1	0	0	1	0	2	2
1402494.3	1	0	0	1	1	2	2
1402496.3	1	0	0	1	0	2	2
1402499.3	1	0	0	2	0	2	2
1402500.3	1	1	0	1	0	2	2
1402501.3	1	0	0	1	1	2	2
1402502.3	1	1	0	1	0	2	2
1402503.3	1	1	0	1	0	2	2
1402506.3	1	1	0	1	1	2	2
1402507.3	1	1	1	1	2	2	2
1402517.3	1	0	0	1	0	2	2
1402533.3	1	0	0	1	0	2	2
1402536.3	1	0	0	0	0	2	2
1402540.3	1	0	0	1	0	2	2
1402544.3	1	0	0	1	0	2	2
1402548.3	1	0	0	1	2	2	2
1402558.3	1	2	0	1	0	2	2
1418235.3	1	0	0	1	0	2	2
1418236.3	1	0	0	0	0	2	2
1418239.3	1	1	0	1	0	2	2
1418246.3	1	2	0	1	0	2	2
1611770.3	1	1	0	1	1	2	1
287.1000	1	2	1	2	2	2	0
287.1004	1	2	1	2	2	2	1
287.1007	1	2	0	2	2	2	1
287.1010	1	2	1	2	2	2	1
287.1011	1	2	1	2	2	2	1
287.1013	1	2	0	2	2	2	1
287.1016	1	2	0	2	2	2	1
287.1018	1	2	2	2	2	2	0
287.1019	1	2	0	2	2	2	0
287.1021	1	2	1	2	2	2	1
287.1024	1	2	0	2	2	2	1
287.1029	1	2	0	2	2	2	1
287.1033	1	2	0	2	2	2	1
287.1042	1	2	0	2	2	2	1
287.1045	1	2	1	2	2	2	1
287.1050	1	2	0	2	2	2	1
287.1051	1	2	0	2	2	2	0
287.1052	1	2	0	2	2	2	0
287.1053	1	2	2	2	2	2	0
287.1054	1	2	0	2	2	2	1
287.1058	1	2	0	2	2	2	1
287.1060	1	2	0	2	2	2	1
287.1062	1	2	1	2	2	2	1
287.1063	1	2	0	2	2	2	0
287.1067	1	2	1	2	2	2	1
287.1069	1	2	0	2	2	2	0
287.1070	1	2	0	2	2	2	0
287.1072	1	2	0	2	2	2	0
287.1078	1	2	1	2	2	2	1
287.1079	1	2	1	2	2	2	1
287.1084	1	2	0	2	2	2	1
287.1087	1	2	0	2	2	2	0
287.1088	1	2	0	2	2	2	0
287.1092	1	2	2	2	2	2	1
287.1095	1	2	0	2	2	2	1
287.1096	1	2	1	2	2	2	1
287.1097	1	2	1	2	2	2	0
287.1100	1	2	1	2	2	2	0
287.1103	1	2	0	2	2	2	1
287.1104	1	2	0	2	2	2	0
287.1108	1	2	1	2	2	2	1
287.1109	1	2	1	2	2	2	1
287.1111	1	2	1	2	2	2	1
287.1112	1	2	0	2	2	2	0
287.1119	1	2	1	2	2	2	1
287.1123	1	2	1	2	2	2	1
287.1124	1	2	1	2	2	2	1
287.1125	1	2	1	2	2	2	1
287.1126	1	2	0	2	2	2	1
287.1127	1	2	0	2	2	2	1
287.1128	1	2	0	2	2	2	0
287.1130	1	2	0	2	2	2	1
287.1131	1	2	2	2	2	2	1
287.1132	1	2	0	2	2	2	1
287.1133	1	2	0	2	2	2	1
287.1134	1	2	1	2	2	2	1
287.1135	1	2	0	2	2	2	1
287.1136	1	2	1	2	2	2	2
287.1138	1	2	1	2	2	2	1
287.1139	1	2	2	2	2	2	1
287.1140	1	2	1	2	2	2	1
287.1141	1	2	1	2	2	2	1
287.1142	1	2	1	2	2	2	1
287.1143	1	2	2	2	2	2	0
287.1144	1	2	0	2	2	2	1
287.1145	1	2	0	2	2	2	1
287.1146	1	2	1	2	2	2	1
287.1147	1	2	1	2	2	2	1
287.1148	1	2	2	2	2	2	1
287.1150	1	2	2	2	2	2	1
287.1151	1	2	0	2	2	2	1
287.1152	1	2	0	2	2	2	0
287.1153	1	2	1	2	2	2	1
287.1158	1	2	1	2	2	2	1
287.1159	1	2	0	2	2	2	0
287.1160	1	2	1	2	2	2	1
287.1162	1	2	2	2	2	2	2
287.1163	1	2	1	2	2	2	1
287.1164	1	2	1	2	2	2	1
287.1165	1	2	1	2	2	2	1
287.1166	1	2	0	2	2	2	0
287.1169	1	2	0	2	2	2	1
287.1171	1	2	0	2	2	2	1
287.1172	1	2	0	2	2	2	0
287.1176	1	2	0	2	2	2	1
287.1178	1	2	1	2	2	2	1
287.1179	1	2	1	2	2	2	1
287.1180	1	2	0	2	2	2	0
287.1181	1	2	1	2	2	2	1
287.1182	1	2	0	2	2	2	1
287.1183	1	2	0	2	2	2	0
287.1184	1	2	0	2	2	2	1
287.1185	1	2	0	2	2	2	0
287.1188	1	2	0	2	2	2	1
287.1192	1	2	0	2	2	2	1
287.1195	1	2	1	2	2	2	1
287.1198	1	2	0	2	2	2	1
287.1200	1	2	0	2	2	2	2
287.1202	1	2	1	2	2	2	1
287.1203	1	2	0	2	2	2	1
287.1204	1	2	1	2	2	2	1
287.1206	1	2	1	2	2	2	1
287.1208	1	2	1	2	2	2	0
287.1209	1	2	1	2	2	2	1
287.1210	1	2	1	2	2	2	1
287.1211	1	2	1	2	2	2	0
287.1212	1	2	1	2	2	2	1
287.1213	1	2	1	2	2	2	1
287.1214	1	2	1	2	2	2	0
287.1215	1	2	1	2	2	2	1
287.1216	1	2	1	2	2	2	1
287.1220	1	2	2	2	2	2	0
287.1224	1	2	1	2	2	2	2
287.1225	1	2	1	2	2	2	1
287.1226	1	2	0	2	2	2	1
287.1227	1	2	1	2	2	2	1
287.1237	1	2	1	2	2	2	2
287.1238	1	2	0	2	2	2	0
287.1239	1	2	1	2	2	2	1
287.1240	1	2	1	2	2	2	0
287.1243	1	2	1	2	2	2	1
287.1477	1	1	1	1	1	2	0
287.2972	1	1	2	1	1	1	1
287.2974	1	2	2	2	2	2	1
287.2975	1	1	1	1	1	1	1
287.2976	1	0	0	1	1	1	1
287.2977	1	1	0	1	1	1	1
287.2978	1	1	0	1	1	1	1
287.2979	1	1	2	1	1	1	1
287.2980	1	1	1	1	1	1	1
287.5687	1	1	1	1	1	1	1
287.5688	1	1	1	1	1	1	1
287.5702	1	1	0	1	1	2	1
287.5704	1	1	1	2	1	1	1
287.5748	1	1	1	1	1	1	1
287.6327	1	1	0	1	1	1	1
287.6329	1	1	0	1	1	1	1
287.6330	1	1	2	1	1	1	1
287.6492	1	1	1	1	2	1	1
287.7771	1	1	2	1	2	1	1
287.7772	1	1	0	1	0	0	1
287.7773	1	1	0	1	1	1	1
287.7775	1	1	0	2	1	1	1
287.7776	1	1	0	1	0	1	1
287.7777	1	1	0	1	1	1	1
287.7778	1	1	0	1	1	1	1
287.7779	1	1	0	1	1	1	1
287.7780	1	1	0	1	1	1	1
287.7781	1	1	1	1	1	1	1
287.7782	1	1	0	1	2	1	1
287.7783	1	1	0	1	1	1	1
287.7785	1	1	1	1	1	1	1
287.7786	1	0	0	1	2	1	2
287.7787	1	1	0	1	0	1	1
287.7791	1	1	1	1	1	1	1
287.7793	1	0	0	0	0	0	1
287.7794	1	1	0	1	1	1	1
287.7795	1	1	0	1	0	1	1
287.7798	1	2	0	1	0	0	0
287.7800	1	0	0	1	2	1	2
287.7805	1	0	0	1	1	1	0
287.7806	1	2	0	1	1	1	1
287.7808	1	1	0	1	0	0	1
287.7811	1	1	0	1	0	1	1
287.7812	1	1	2	1	1	1	0
287.7814	1	0	0	1	0	0	0
287.7815	1	1	0	1	0	0	2
287.7816	1	0	0	1	0	0	0
287.7823	1	2	0	1	0	1	0
287.7824	1	2	0	1	1	1	0
287.7830	1	1	0	1	1	1	1
287.7831	1	1	0	1	1	1	2
287.7832	1	0	0	1	1	1	1
287.7833	1	0	0	1	0	0	0
287.7838	1	1	0	1	0	0	1
287.7840	1	1	2	1	0	1	2
287.7842	1	1	0	1	2	1	1
287.7846	1	1	0	1	0	0	0
287.7848	1	1	0	1	1	1	1
287.7850	1	1	0	2	0	0	1
287.7851	1	1	2	1	1	1	1
287.7856	1	0	0	1	0	1	0
287.7859	1	1	0	1	1	1	1
287.7860	1	1	0	1	0	0	1
287.8028	1	0	2	1	1	1	0
287.8031	1	1	0	1	2	1	1
287.8032	1	0	0	1	0	0	0
287.8033	1	1	0	1	1	1	1
287.8487	1	2	0	1	1	1	1
287.8488	1	2	2	2	1	1	1
287.8493	1	2	0	1	0	0	1
287.8494	1	2	1	1	0	1	1
287.8496	1	2	0	1	1	2	1
287.8499	1	2	0	1	0	0	1
287.8500	1	2	1	1	1	1	1
287.8502	1	2	0	1	1	1	1
287.8503	1	2	0	1	1	1	1
287.8506	1	2	1	1	0	1	1
287.8507	1	2	0	1	0	0	0
287.8508	1	2	1	0	1	1	1
287.8509	1	2	1	1	1	1	1
287.8510	1	1	0	1	1	1	1
287.8511	1	1	0	1	1	1	1
287.8512	1	1	0	1	0	0	2
287.8514	1	1	0	1	0	0	0
287.8515	1	1	1	1	1	1	1
287.8516	1	1	0	1	0	0	0
287.8519	1	1	1	1	1	1	1
287.8520	1	1	2	1	1	1	1
287.8521	1	1	2	1	1	1	2
287.8522	1	1	2	1	2	1	1
287.8523	1	1	0	1	0	2	1
287.8524	1	1	1	1	1	1	1
287.8525	1	1	1	1	1	1	1
287.8527	1	1	1	1	1	1	2
287.8528	1	1	1	1	1	1	1
287.8529	1	1	1	1	1	1	1
287.8530	1	0	0	1	0	2	0
287.8531	1	0	0	1	1	1	2
287.8533	1	1	1	1	1	1	1
287.8534	1	1	1	1	1	1	1
287.8536	1	0	0	1	0	0	2
287.8538	1	0	1	1	0	0	1
287.853	1	2	1	2	2	2	1
287.8540	1	0	0	1	0	0	0
287.8543	1	1	0	1	0	0	0
287.8544	1	1	0	1	2	0	1
287.8545	1	1	0	1	2	2	1
287.8546	1	1	0	1	0	2	2
287.8547	1	1	0	1	1	1	1
287.8548	1	1	0	1	0	0	2
287.8549	1	1	0	1	0	0	0
287.854	1	2	0	2	2	2	1
287.8550	1	1	0	1	0	0	1
287.8551	1	1	0	1	0	0	0
287.855	1	2	1	2	2	2	0
287.858	1	2	0	2	2	2	0
287.861	1	2	0	2	2	2	0
287.864	1	2	0	2	2	2	1
287.867	1	2	0	2	2	2	1
287.871	1	2	1	2	2	2	1
287.872	1	2	2	2	2	2	1
287.878	1	2	0	2	2	2	1
287.883	1	2	0	2	2	2	1
287.884	1	2	0	2	2	2	0
287.8875	1	1	1	1	1	2	1
287.8884	1	1	2	1	1	1	1
287.888	1	2	0	2	2	2	1
287.889	1	2	1	2	2	2	1
287.896	1	2	0	2	2	2	0
287.897	1	2	1	2	2	2	0
287.900	1	2	0	2	2	2	0
287.903	1	2	0	2	2	2	0
287.908	1	2	0	2	2	2	0
287.909	1	2	0	2	2	2	0
287.910	1	2	0	2	2	2	1
287.911	1	2	0	2	2	2	0
287.912	1	2	0	2	2	2	1
287.913	1	2	0	2	2	2	0
287.916	1	2	1	2	2	2	1
287.918	1	2	2	2	2	2	1
287.925	1	2	0	2	2	2	0
287.929	1	2	0	2	2	2	1
287.934	1	2	1	2	2	2	1
287.951	1	2	2	2	2	2	1
287.954	1	2	0	2	2	2	1
287.955	1	2	0	2	2	2	0
287.956	1	2	0	2	2	2	2
287.958	1	2	0	2	2	2	1
287.964	1	2	0	2	2	2	1
287.965	1	2	0	2	2	2	0
287.966	1	2	0	2	2	2	1
287.972	1	2	0	2	2	2	1
287.974	1	2	1	2	2	2	1
287.975	1	2	1	2	2	2	1
287.979	1	2	0	2	2	2	1
287.982	1	2	1	2	2	2	1
287.983	1	2	0	2	2	2	0
287.987	1	2	0	2	2	2	1
287.993	1	2	0	2	2	2	1
287.995	1	2	0	2	2	2	1
287.996	1	2	0	2	2	2	1
287.997	1	2	0	2	2	2	0
1163395.3	0	0	0	0	0	2	2
1402485.3	0	0	0	0	0	2	2
1402486.3	0	0	0	0	0	2	2
1402487.3	0	0	0	0	0	2	2
1402488.3	0	0	0	0	0	2	2
1402489.3	0	0	0	0	0	2	2
1402493.3	0	0	0	0	0	2	2
1402495.3	0	0	0	0	0	2	2
1402497.3	0	0	0	0	0	2	2
1402498.3	0	0	0	0	0	2	2
1402504.3	0	0	0	0	0	2	2
1402509.3	0	0	0	0	0	2	2
1402510.3	0	0	0	0	0	2	2
1402511.3	0	0	0	0	0	2	2
1402512.3	0	1	0	0	0	2	2
1402513.3	0	0	0	0	0	2	2
1402514.3	0	0	0	0	0	2	2
1402515.3	0	0	0	0	2	2	2
1402516.3	0	0	0	0	0	2	2
1402518.3	0	0	0	0	2	2	2
1402519.3	0	0	0	0	0	2	2
1402520.3	0	0	0	0	0	2	2
1402521.3	0	1	0	0	0	2	2
1402522.3	0	0	0	0	0	2	2
1402523.3	0	0	0	0	0	2	2
1402524.3	0	0	0	0	0	2	2
1402525.3	0	0	0	0	0	2	2
1402526.3	0	1	2	2	0	2	2
1402527.3	0	0	0	0	0	2	2
1402528.3	0	0	0	0	0	2	2
1402529.3	0	0	0	0	0	2	2
1402530.3	0	0	0	0	0	2	2
1402531.3	0	0	0	0	0	2	2
1402532.3	0	0	0	0	0	2	2
1402534.3	0	1	0	0	0	2	2
1402535.3	0	0	0	0	0	2	2
1402537.3	0	0	0	0	0	2	2
1402538.3	0	0	0	0	0	2	2
1402539.3	0	0	0	0	0	2	2
1402542.3	0	0	0	0	0	2	2
1402543.3	0	0	0	0	0	2	2
1402545.3	0	0	0	0	0	2	2
1402546.3	0	0	0	0	0	2	2
1402547.3	0	0	0	0	0	2	2
1402549.3	0	0	0	0	0	2	2
1402550.3	0	0	0	0	0	2	2
1402551.3	0	0	0	0	0	2	2
1402552.3	0	0	0	0	0	2	2
1402553.3	0	1	0	0	0	2	2
1402554.3	0	0	0	0	0	2	2
1402555.3	0	2	0	0	0	2	2
1402556.3	0	0	0	0	0	2	2
1402557.3	0	0	0	0	0	2	2
1402559.3	0	0	0	0	0	2	2
1402560.3	0	0	0	0	0	2	2
1402561.3	0	0	0	0	0	2	2
1402562.3	0	0	0	0	0	2	2
1402563.3	0	0	0	0	0	2	2
1402564.3	0	0	0	0	0	2	2
1402565.3	0	0	0	0	0	2	2
1402566.3	0	0	0	0	0	2	2
1402567.3	0	0	0	0	0	2	2
1402568.3	0	0	0	0	0	2	2
1402569.3	0	0	0	0	0	2	2
1402570.3	0	0	0	0	0	2	2
1402571.3	0	0	0	0	0	2	2
1402572.3	0	0	0	0	0	2	2
1402573.3	0	0	0	0	0	2	2
1402574.3	0	0	0	0	0	2	2
1402575.3	0	0	0	0	0	2	2
1402576.3	0	0	0	0	0	2	2
1402577.3	0	0	0	0	0	2	2
1402578.3	0	0	0	0	0	2	2
1402581.3	0	0	0	0	0	2	2
1402582.3	0	0	0	0	0	2	2
1418237.3	0	0	0	0	0	2	2
1418238.3	0	0	0	0	0	2	2
1418240.3	0	0	0	0	0	2	2
1418241.3	0	0	0	0	0	2	2
1418242.3	0	1	0	0	0	2	2
1418243.3	0	1	0	0	0	2	2
1418244.3	0	0	0	0	0	2	2
1418245.3	0	0	0	0	0	2	2
1418247.3	0	0	0	0	0	2	2
1447528.3	0	0	0	0	0	2	2
1447529.3	0	0	0	0	0	2	2
1447530.3	0	0	0	0	0	2	2
1447531.3	0	0	0	0	0	2	2
1447532.3	0	0	0	0	0	2	2
1447533.3	0	0	0	0	0	2	2
1447534.3	0	0	0	0	0	2	2
1447535.3	0	0	0	0	0	2	2
1447536.3	0	0	0	0	0	2	2
1447537.3	0	0	0	0	0	2	2
1447538.3	0	0	0	0	0	2	2
1447539.3	0	0	0	0	0	2	2
1447540.3	0	0	0	0	0	2	2
1447541.3	0	0	0	0	0	2	2
1447543.3	0	0	0	0	0	2	2
1447544.3	0	0	0	0	0	2	2
287.1001	0	2	0	2	2	2	1
287.1003	0	2	0	2	2	2	0
287.1005	0	2	0	2	2	2	0
287.1006	0	2	0	2	2	2	0
287.1008	0	2	0	2	2	2	0
287.1009	0	2	0	2	2	2	0
287.1012	0	2	0	2	2	2	0
287.1014	0	2	0	2	2	2	0
287.1015	0	2	0	2	2	2	0
287.1020	0	2	0	2	2	2	0
287.1022	0	2	0	2	2	2	0
287.1023	0	2	0	2	2	2	0
287.1025	0	2	0	2	2	2	0
287.1026	0	2	0	2	2	2	2
287.1027	0	2	0	2	2	2	0
287.1028	0	2	0	2	2	2	0
287.1030	0	2	0	2	2	2	0
287.1031	0	2	1	2	2	2	1
287.1032	0	2	0	2	2	2	0
287.1034	0	2	0	2	2	2	0
287.1035	0	2	0	2	2	2	0
287.1036	0	2	0	2	2	2	0
287.1037	0	2	0	2	2	2	0
287.1038	0	2	0	2	2	2	2
287.1039	0	2	0	2	2	2	0
287.1040	0	2	0	2	2	2	1
287.1041	0	2	0	2	2	2	0
287.1043	0	2	0	2	2	2	0
287.1044	0	2	0	2	2	2	0
287.1046	0	2	0	2	2	2	1
287.1047	0	2	0	2	2	2	0
287.1048	0	2	0	2	2	2	1
287.1049	0	2	0	2	2	2	0
287.1056	0	2	0	2	2	2	0
287.1057	0	2	0	2	2	2	0
287.1059	0	2	0	2	2	2	0
287.1061	0	2	0	2	2	2	0
287.1064	0	2	0	2	2	2	0
287.1065	0	2	0	2	2	2	0
287.1066	0	2	0	2	2	2	0
287.1068	0	2	0	2	2	2	0
287.1073	0	2	0	2	2	2	0
287.1074	0	2	0	2	2	2	0
287.1075	0	2	0	2	2	2	0
287.1076	0	2	0	2	2	2	0
287.1077	0	2	0	2	2	2	0
287.1080	0	2	0	2	2	2	0
287.1081	0	2	0	2	2	2	0
287.1082	0	2	0	2	2	2	0
287.1083	0	2	0	2	2	2	0
287.1085	0	2	0	2	2	2	0
287.1086	0	2	0	2	2	2	0
287.1089	0	2	0	2	2	2	0
287.1091	0	2	0	2	2	2	1
287.1093	0	2	0	2	2	2	1
287.1098	0	2	0	2	2	2	0
287.1099	0	2	0	2	2	2	0
287.1101	0	2	0	2	2	2	2
287.1102	0	2	0	2	2	2	0
287.1106	0	2	0	2	2	2	0
287.1107	0	2	0	2	2	2	0
287.1110	0	2	0	2	2	2	0
287.1113	0	2	0	2	2	2	0
287.1114	0	2	0	2	2	2	0
287.1115	0	2	0	2	2	2	0
287.1116	0	2	0	2	2	2	0
287.1117	0	2	0	2	2	2	0
287.1118	0	2	0	2	2	2	0
287.1120	0	2	0	2	2	2	0
287.1121	0	2	0	2	2	2	0
287.1122	0	2	0	2	2	2	1
287.1129	0	2	2	2	2	2	0
287.1137	0	2	0	2	2	2	2
287.1149	0	2	0	2	2	2	1
287.1154	0	2	0	2	2	2	1
287.1155	0	2	0	2	2	2	0
287.1157	0	2	0	2	2	2	0
287.1161	0	2	0	2	2	2	2
287.1167	0	2	0	2	2	2	0
287.1168	0	2	0	2	2	2	1
287.1170	0	2	0	2	2	2	0
287.1173	0	2	0	2	2	2	0
287.1174	0	2	0	2	2	2	0
287.1175	0	2	0	2	2	2	0
287.1177	0	2	0	2	2	2	0
287.1186	0	2	0	2	2	2	0
287.1187	0	2	0	2	2	2	0
287.1189	0	2	0	2	2	2	0
287.1190	0	2	0	2	2	2	0
287.1191	0	2	0	2	2	2	0
287.1193	0	2	0	2	2	2	0
287.1194	0	2	0	2	2	2	0
287.1197	0	2	0	2	2	2	1
287.1199	0	2	0	2	2	2	1
287.1201	0	2	0	2	2	2	0
287.1205	0	2	0	2	2	2	1
287.1207	0	2	0	2	2	2	0
287.1217	0	2	1	2	2	2	0
287.1218	0	2	1	2	2	2	0
287.1222	0	2	1	2	2	2	0
287.1228	0	2	0	2	2	2	0
287.1229	0	2	0	2	2	2	0
287.1231	0	2	0	2	2	2	0
287.1242	0	2	0	2	2	2	0
287.1247	0	2	2	2	2	2	1
287.1248	0	2	1	2	2	2	0
287.1250	0	2	0	2	2	2	0
287.1301	0	2	0	2	2	2	0
287.5689	0	1	0	0	1	1	1
287.5703	0	1	0	0	1	1	1
287.5751	0	1	0	0	1	1	1
287.5969	0	2	0	0	0	0	0
287.7784	0	1	0	0	0	0	1
287.7788	0	0	0	0	0	0	0
287.7789	0	2	0	0	0	0	0
287.7792	0	1	0	0	1	1	1
287.7796	0	0	0	0	0	0	0
287.7799	0	1	0	0	1	1	1
287.7801	0	0	0	0	0	0	0
287.7802	0	0	0	2	0	0	0
287.7804	0	1	0	0	0	0	2
287.7807	0	1	0	0	0	1	1
287.7809	0	0	0	0	0	0	0
287.7810	0	0	0	0	0	0	0
287.7813	0	0	0	0	0	0	0
287.7817	0	1	0	0	0	0	0
287.7818	0	0	0	0	0	0	0
287.7819	0	0	0	0	2	0	0
287.7820	0	1	0	0	0	0	1
287.7821	0	1	0	0	0	0	1
287.7822	0	0	0	0	0	0	0
287.7825	0	0	0	0	0	0	0
287.7826	0	0	0	0	0	0	0
287.7829	0	1	0	0	0	0	0
287.7834	0	0	0	0	0	0	0
287.7835	0	1	0	0	2	0	1
287.7836	0	0	0	1	2	0	0
287.7837	0	0	0	0	0	0	0
287.7839	0	1	0	0	0	0	1
287.7841	0	0	0	0	0	0	0
287.7843	0	1	0	0	0	0	1
287.7845	0	0	0	0	0	0	0
287.7847	0	0	0	0	0	0	0
287.7849	0	1	0	0	0	0	2
287.7852	0	1	0	0	2	0	1
287.7854	0	1	0	0	0	0	2
287.7855	0	2	0	0	0	0	1
287.7857	0	1	0	0	0	0	1
287.7858	0	0	0	0	0	0	0
287.7861	0	1	0	0	0	0	2
287.7862	0	0	0	0	0	0	0
287.8029	0	0	0	0	0	0	0
287.8030	0	0	0	0	0	0	0
287.8034	0	0	0	0	0	0	0
287.846	0	2	0	2	2	2	0
287.847	0	2	0	2	2	2	1
287.8486	0	2	0	0	0	2	1
287.8489	0	2	0	0	1	2	0
287.848	0	2	0	2	2	2	1
287.8490	0	2	0	0	1	1	1
287.8495	0	2	1	2	1	1	1
287.8497	0	2	0	0	0	1	1
287.8498	0	2	0	0	1	1	1
287.849	0	2	0	2	2	2	1
287.8501	0	2	0	1	1	1	1
287.8504	0	2	0	0	0	0	0
287.8505	0	2	0	0	0	0	0
287.850	0	2	0	2	2	2	0
287.8513	0	1	0	0	0	0	1
287.8517	0	1	0	0	0	0	0
287.8518	0	0	0	0	0	0	0
287.851	0	2	0	2	2	2	0
287.8526	0	1	0	0	0	0	0
287.852	0	2	0	2	2	2	0
287.8532	0	0	0	0	2	0	0
287.8535	0	1	0	0	0	0	2
287.8537	0	0	0	0	0	0	0
287.8539	0	0	0	0	0	0	0
287.8541	0	0	0	0	0	0	0
287.8542	0	0	0	2	0	0	0
287.856	0	2	0	2	2	2	0
287.857	0	2	0	2	2	2	0
287.859	0	2	0	2	2	2	0
287.860	0	2	0	2	2	2	0
287.863	0	2	0	2	2	2	0
287.865	0	2	0	2	2	2	0
287.866	0	2	0	2	2	2	0
287.868	0	2	0	2	2	2	0
287.869	0	2	0	2	2	2	0
287.870	0	2	0	2	2	2	2
287.873	0	2	0	2	2	2	0
287.874	0	2	0	2	2	2	0
287.875	0	2	0	2	2	2	0
287.876	0	2	0	2	2	2	0
287.877	0	2	0	2	2	2	0
287.879	0	2	0	2	2	2	0
287.880	0	2	0	2	2	2	2
287.881	0	2	0	2	2	2	0
287.882	0	2	0	2	2	2	0
287.885	0	2	0	2	2	2	0
287.886	0	2	0	2	2	2	0
287.887	0	2	0	2	2	2	0
287.890	0	2	0	2	2	2	0
287.891	0	2	0	2	2	2	0
287.892	0	2	0	2	2	2	0
287.893	0	2	0	2	2	2	0
287.894	0	2	0	2	2	2	0
287.899	0	2	0	2	2	2	0
287.901	0	2	0	2	2	2	0
287.904	0	2	0	2	2	2	0
287.905	0	2	0	2	2	2	0
287.906	0	2	0	2	2	2	0
287.907	0	2	0	2	2	2	2
287.914	0	2	0	2	2	2	0
287.917	0	2	0	2	2	2	1
287.919	0	2	0	2	2	2	0
287.920	0	2	0	2	2	2	0
287.922	0	2	0	2	2	2	0
287.923	0	2	0	2	2	2	0
287.924	0	2	0	2	2	2	1
287.926	0	2	0	2	2	2	0
287.927	0	2	0	2	2	2	0
287.928	0	2	0	2	2	2	0
287.930	0	2	0	2	2	2	0
287.931	0	2	0	2	2	2	0
287.932	0	2	0	2	2	2	0
287.933	0	2	0	2	2	2	0
287.952	0	2	0	2	2	2	0
287.953	0	2	0	2	2	2	0
287.957	0	2	0	2	2	2	0
287.959	0	2	0	2	2	2	0
287.960	0	2	0	2	2	2	0
287.961	0	2	0	2	2	2	2
287.962	0	2	0	2	2	2	0
287.963	0	2	0	2	2	2	0
287.967	0	2	0	2	2	2	0
287.968	0	2	0	2	2	2	0
287.969	0	2	0	2	2	2	0
287.970	0	2	0	2	2	2	1
287.971	0	2	0	2	2	2	0
287.973	0	2	0	2	2	2	0
287.976	0	2	0	2	2	2	0
287.978	0	2	0	2	2	2	0
287.980	0	2	0	2	2	2	0
287.981	0	2	0	2	2	2	0
287.984	0	2	1	2	2	2	1
287.985	0	2	2	2	2	2	1
287.986	0	2	2	2	2	2	1
287.988	0	2	0	2	2	2	0
287.989	0	2	0	2	2	2	0
287.990	0	2	0	2	2	2	0
287.991	0	2	0	2	2	2	1
287.992	0	2	0	2	2	2	0
287.998	0	2	0	2	2	2	0
287.999	0	2	0	2	2	2	0
287.3105	2	1	2	2	1	2	2
287.3106	2	1	2	2	1	2	2
287.3107	2	1	2	2	1	2	2
287.3108	2	1	2	2	1	2	2
287.3109	2	1	2	2	1	2	2
287.3110	2	1	2	2	1	2	2
287.3112	2	1	2	2	1	2	2
287.3113	2	1	2	2	1	2	2
287.3114	2	1	2	2	1	2	2
287.3115	2	1	2	2	1	2	2
287.3116	2	1	2	2	1	2	2
287.3117	2	1	2	2	1	2	2
287.3118	2	1	2	2	1	2	2
287.3119	2	1	2	2	1	2	2
287.3120	2	1	2	2	1	2	2
287.3121	2	1	2	2	1	2	2
287.3122	2	1	2	2	1	2	2
287.3123	2	1	2	2	1	2	2
287.3124	2	1	2	2	1	2	2
287.3125	2	1	2	2	1	2	2
287.3126	2	1	2	2	1	2	2
287.3127	2	1	2	2	1	2	2
287.3128	2	1	2	2	1	2	2
287.3129	2	1	2	2	1	2	2
287.3130	2	1	2	2	1	2	2
287.4059	2	1	2	2	1	1	0
287.4060	2	1	2	2	0	2	1
287.4061	2	1	2	2	2	0	1
287.4062	2	1	2	2	0	0	1
287.4066	2	1	2	2	1	2	1
287.4068	2	1	2	2	1	1	1
287.4069	2	1	2	2	2	2	1
287.4071	2	1	2	2	0	1	1
287.4072	2	1	2	2	2	2	0
287.4075	2	1	2	2	1	1	1
287.4076	2	1	2	2	0	2	0
287.4077	2	1	2	2	0	2	1
287.7774	2	1	0	2	0	0	2
287.7790	2	1	0	0	2	1	1
287.7797	2	1	0	2	1	1	1
287.7803	2	1	0	2	0	1	1
287.7844	2	1	0	1	0	1	1
287.7853	2	1	2	1	0	1	1
1402508.3	2	0	1	0	0	2	2
1418248.3	2	0	0	0	0	2	2
287.1482	2	0	0	0	0	2	0
287.4054	2	0	2	2	0	0	0
287.4058	2	0	2	2	2	0	0
287.4070	2	0	2	2	0	0	0
287.4074	2	0	2	2	0	0	0
287.4078	2	0	2	2	0	0	0
287.7827	2	0	0	1	0	0	0
287.7828	2	0	0	0	0	0	0
287.8027	2	0	0	2	0	0	0
287.1017	2	2	1	2	2	2	1
287.1090	2	2	1	2	2	2	0
287.1219	2	2	1	2	2	2	0
287.1232	2	2	1	2	2	2	1
287.1234	2	2	1	2	2	2	1
287.1235	2	2	1	2	2	2	2
287.1241	2	2	1	2	2	2	1
287.1246	2	2	1	2	2	2	1
287.1249	2	2	1	2	2	2	1
287.8492	2	2	1	0	1	1	1
287.915	2	2	1	2	2	2	1
287.977	2	2	1	2	2	2	1
208964.400	2	2	0	2	2	2	2
287.1002	2	2	0	2	2	2	1
287.1055	2	2	0	2	2	2	0
287.1071	2	2	0	2	2	2	0
287.1094	2	2	0	2	2	2	2
287.1105	2	2	0	2	2	2	0
287.1156	2	2	0	2	2	2	0
287.1196	2	2	0	2	2	2	1
287.1230	2	2	0	2	2	2	0
287.1233	2	2	0	2	2	2	0
287.862	2	2	0	2	2	2	1
287.895	2	2	0	2	2	2	1
287.898	2	2	0	2	2	2	1
287.902	2	2	0	2	2	2	0
287.921	2	2	0	2	2	2	0
287.3111	2	2	2	2	1	2	2
287.4055	2	2	2	2	0	0	0
287.4056	2	2	2	2	0	0	0
287.4057	2	2	2	2	0	0	0
287.4063	2	2	2	2	0	0	0
287.4064	2	2	2	2	0	0	1
287.4065	2	2	2	2	0	0	0
287.4067	2	2	2	2	0	0	1
287.4073	2	2	2	2	0	0	0
287.8491	2	2	2	2	0	0	2
287.994	2	2	2	2	2	2	1
287.1221	2	2	2	2	2	2	0
287.1223	2	2	2	2	2	2	0
