	ciprofloxacin	gentamicin	trimethoprim_sulfamethoxazole	imipenem	amikacin	ceftazidime	tobramycin	levofloxacin	carbapenem	ampicillin_sulbactam	tetracycline	meropenem
1116234.3	1	1	2	1	1	1	1	2	2	2	2	1
1398943.3	1	1	1	1	1	1	1	1	2	2	1	1
1398944.3	1	1	1	1	1	1	1	1	2	0	1	1
1398947.3	1	1	1	0	0	1	0	1	2	1	1	0
1398948.3	1	1	1	1	1	1	1	2	2	1	2	1
1398949.3	1	1	1	0	0	1	2	2	2	0	2	0
1398950.3	1	1	1	1	1	1	1	2	2	0	2	1
1398951.3	1	1	1	2	2	0	1	2	2	2	2	2
1398952.3	1	1	1	0	0	1	0	2	2	1	2	0
1398953.3	1	1	1	0	0	1	0	2	2	1	2	0
1398954.3	1	1	1	2	0	1	0	2	2	1	2	2
1398955.3	1	1	1	0	1	1	1	2	2	2	2	1
1398956.3	1	1	1	1	1	1	1	2	2	1	2	1
1398957.3	1	1	1	1	1	1	1	2	2	1	2	1
1398958.3	1	1	1	1	1	1	1	2	2	1	2	1
1398959.3	1	1	1	1	1	1	1	2	2	1	2	1
1398960.3	1	1	1	2	0	0	1	2	2	2	2	2
1398961.3	1	2	0	2	0	1	0	2	2	2	2	1
1398962.3	1	1	1	1	0	0	1	2	2	0	2	1
1398963.3	1	1	1	1	1	1	1	2	2	1	2	1
1398964.3	1	2	0	2	0	1	0	2	2	1	2	1
1398965.4	1	1	1	0	0	1	0	1	2	1	1	0
1398966.3	1	1	1	2	1	0	1	2	2	2	2	2
1398967.3	1	1	1	2	1	1	1	1	2	1	1	1
1398968.3	1	1	2	2	2	1	1	2	2	2	2	1
1398969.3	1	1	1	1	1	1	1	1	2	1	1	1
1398970.3	1	1	1	1	1	1	1	2	2	0	2	1
1398971.3	1	1	0	2	0	0	1	2	2	0	2	2
1398972.3	1	1	0	0	2	2	1	2	2	0	2	0
1398973.3	1	1	1	1	1	1	1	2	2	1	2	1
1398974.3	1	1	1	1	1	1	1	2	2	1	2	1
1398975.3	1	1	1	1	1	1	1	2	2	1	2	1
1398976.3	1	1	1	1	1	1	1	2	2	2	2	1
1398978.3	1	1	1	1	2	2	1	2	2	2	2	1
1398979.3	1	1	1	0	1	1	0	2	2	0	2	2
1398980.3	1	1	1	2	0	0	2	2	2	0	2	2
1398981.3	1	0	1	1	1	1	0	2	2	2	2	1
1398982.3	1	1	1	2	1	1	1	2	2	2	2	1
1398983.3	1	1	1	2	1	0	1	2	2	1	2	2
1398984.3	1	1	1	1	1	1	1	2	2	1	2	1
1398985.3	1	1	1	0	0	1	1	2	2	1	2	0
1398986.3	1	1	1	0	0	1	1	2	2	1	2	0
1398987.3	1	1	1	1	1	1	1	2	2	2	2	1
1398988.3	1	1	1	1	1	1	1	2	2	2	2	1
1398989.3	1	1	1	1	1	1	1	2	2	2	2	1
1398990.4	1	1	1	1	1	1	1	2	2	1	2	1
1398991.3	1	1	1	1	1	1	1	2	2	1	2	1
1409922.5	1	1	2	1	1	1	1	1	2	2	1	2
1409923.3	1	1	2	1	1	1	1	1	2	2	1	2
1409924.3	1	1	2	1	1	1	1	1	2	2	1	2
1409925.3	1	1	2	1	1	1	1	1	2	2	1	2
1409926.6	1	1	1	2	0	1	1	2	2	2	2	1
1409927.3	1	1	2	1	0	1	0	1	2	2	1	2
1409928.3	1	1	2	1	1	1	1	1	2	2	1	2
1684145.4	1	2	1	2	2	1	1	1	2	2	1	1
1684146.4	1	0	1	2	2	1	1	1	2	2	0	1
1684147.4	1	1	1	2	2	1	1	1	2	2	1	1
1684148.4	1	2	1	2	1	1	1	1	2	2	0	1
1712384.4	1	2	0	1	2	1	2	1	2	2	1	1
1712385.4	1	1	1	1	2	2	2	1	2	2	0	1
1841507.3	1	1	0	0	2	1	1	1	2	1	0	1
1888930.4	1	0	0	2	2	2	0	1	2	2	1	1
405416.6	1	0	1	1	1	1	1	2	2	2	2	1
470.1333	1	1	1	1	1	1	1	1	2	1	1	1
470.1334	1	1	1	1	1	1	1	1	2	2	1	1
470.1335	1	1	1	1	1	1	1	1	2	2	1	1
470.1336	1	1	1	1	0	1	1	1	2	0	1	0
470.1337	1	1	1	1	1	1	1	1	2	1	1	1
470.1338	1	1	0	1	1	2	1	1	2	2	2	1
470.1339	1	1	1	1	1	1	1	1	2	1	1	1
470.1340	1	1	0	1	1	2	1	1	2	2	2	1
470.1341	1	1	2	1	1	1	1	1	2	2	2	1
470.1359	1	1	1	0	1	0	0	1	2	0	1	0
470.1405	1	1	2	1	2	1	1	2	2	2	2	1
470.1548	1	2	1	0	0	0	0	1	2	0	1	0
470.1549	1	1	1	0	2	0	0	1	2	0	1	0
470.1550	1	1	1	0	1	0	0	1	2	0	1	0
470.1551	1	1	1	0	1	0	0	1	2	0	1	0
470.1552	1	1	1	0	0	0	0	1	2	0	1	0
470.1553	1	1	1	1	1	0	0	1	2	1	1	1
470.1554	1	1	1	1	1	0	0	2	2	1	1	1
470.1556	1	1	1	0	0	1	1	0	2	1	1	0
470.1557	1	1	1	0	1	0	1	1	2	0	1	0
470.1560	1	1	1	1	1	1	1	1	2	1	1	1
470.1561	1	1	1	1	1	1	1	1	2	0	1	1
470.1562	1	1	1	1	2	1	1	1	2	0	1	1
470.1563	1	1	1	1	1	1	1	1	2	1	1	1
470.1564	1	1	1	1	1	1	1	1	2	0	1	1
470.1565	1	1	1	1	1	1	1	1	2	0	1	1
470.1742	1	1	2	2	2	2	2	2	2	2	1	2
470.1743	1	1	2	2	2	2	2	2	2	2	1	2
470.1744	1	1	2	2	2	2	2	2	2	2	1	2
470.1745	1	1	2	1	1	1	2	2	2	2	1	1
470.1746	1	1	2	2	2	2	2	2	2	2	2	2
470.1748	1	1	2	2	2	2	2	2	2	2	2	2
470.1749	1	1	2	1	1	1	2	2	2	2	1	1
470.1750	1	1	2	2	2	2	2	2	2	2	1	2
470.1751	1	1	2	2	2	2	2	2	2	2	2	2
470.1753	1	1	2	2	2	1	2	2	2	2	1	2
470.1754	1	1	2	2	2	2	2	2	2	2	2	2
470.1755	1	1	2	2	2	2	2	2	2	2	1	2
470.1756	1	1	2	1	2	1	2	2	2	2	1	1
470.1757	1	1	2	2	2	1	2	2	2	2	2	2
470.1758	1	1	2	2	2	1	2	2	2	2	1	2
470.1761	1	1	2	2	2	2	2	2	2	2	2	2
470.1762	1	1	2	2	2	2	2	2	2	2	1	2
470.1807	1	1	2	2	2	1	2	2	2	2	2	2
470.2142	1	1	2	1	1	1	1	2	2	2	2	1
470.2143	1	1	2	1	1	1	1	2	2	2	2	1
470.2155	1	1	2	1	2	1	1	2	2	2	2	1
470.2156	1	1	2	1	1	1	1	2	2	2	2	1
470.2157	1	1	2	1	1	1	0	2	2	2	2	1
470.2158	1	1	2	1	1	1	1	2	2	2	2	1
470.2159	1	1	2	1	1	1	1	2	2	2	2	1
470.2160	1	1	2	1	1	1	1	2	2	2	2	1
470.2161	1	1	2	1	1	1	1	2	2	2	2	1
470.2162	1	1	2	1	1	0	1	2	2	2	2	1
470.2163	1	1	2	1	1	1	1	2	2	2	2	1
470.2165	1	1	2	1	1	1	1	2	2	2	2	1
470.2166	1	1	2	1	1	1	0	2	2	2	2	2
470.2167	1	1	2	1	1	1	1	2	2	2	2	1
470.2168	1	0	2	1	1	1	0	2	2	2	2	1
470.2238	1	1	2	1	1	1	1	1	2	1	1	2
470.2239	1	1	2	1	1	1	1	1	2	1	2	2
470.2240	1	1	2	1	1	1	1	1	2	2	1	2
470.2241	1	1	2	1	1	1	1	1	2	1	1	2
470.2242	1	1	2	1	1	1	1	2	2	1	1	2
470.2243	1	1	2	1	1	1	2	1	2	2	1	2
470.2244	1	1	2	2	2	2	1	1	2	1	2	2
470.2245	1	0	2	1	1	1	0	1	2	0	2	2
470.2246	1	1	2	1	1	1	1	1	2	1	1	2
470.2247	1	1	2	1	1	1	1	1	2	1	1	2
470.2248	1	1	2	1	1	1	1	1	2	1	1	2
470.2249	1	0	2	1	1	0	0	2	2	2	0	2
470.2250	1	1	2	1	1	1	1	1	2	0	1	2
470.2251	1	1	2	1	1	1	1	1	2	1	2	2
470.2252	1	1	2	2	1	2	1	2	2	0	2	2
470.2253	1	1	2	2	1	2	1	2	2	1	2	2
470.2254	1	1	2	2	2	2	1	2	2	1	2	2
470.2255	1	2	2	1	0	1	0	1	2	1	1	2
470.2256	1	1	2	2	2	2	0	2	2	0	2	2
470.2257	1	1	2	1	0	1	1	1	2	1	1	2
470.2258	1	1	2	2	1	2	2	2	2	1	2	2
470.2259	1	1	2	1	1	1	2	1	2	2	1	2
470.2260	1	2	2	2	0	1	0	1	2	1	1	2
470.2261	1	0	2	1	0	0	2	1	2	2	1	2
470.2262	1	1	2	1	1	1	1	1	2	0	1	2
470.2263	1	1	2	1	1	1	1	1	2	0	1	2
470.2264	1	1	2	1	0	1	1	1	2	1	1	2
470.2265	1	1	2	2	1	2	1	2	2	1	2	2
470.2266	1	1	2	2	2	2	1	2	2	2	2	2
470.2267	1	1	2	2	2	1	0	2	2	0	2	2
470.2268	1	1	2	1	1	1	1	1	2	2	1	2
470.2269	1	1	2	1	0	1	1	1	2	1	1	2
470.2270	1	1	2	1	1	1	1	1	2	0	1	2
470.2271	1	1	2	1	1	1	1	1	2	2	1	2
470.2272	1	1	2	1	1	1	1	1	2	2	1	2
470.2273	1	1	2	1	1	1	1	1	2	2	1	2
470.2274	1	1	2	1	1	1	1	1	2	2	1	2
470.2275	1	1	2	2	2	2	2	2	2	1	2	2
470.2276	1	1	2	1	0	1	1	1	2	1	1	2
470.2277	1	1	2	1	1	1	1	1	2	2	1	2
470.2278	1	1	2	1	1	1	1	1	2	1	1	2
470.2279	1	1	2	1	1	1	1	1	2	0	1	2
470.2280	1	1	2	1	2	1	2	1	2	1	2	2
470.2281	1	1	2	1	1	1	1	2	2	2	2	2
470.2282	1	1	2	1	2	1	1	1	2	2	2	2
470.2283	1	1	2	2	1	2	1	2	2	1	2	2
470.2284	1	1	2	2	2	1	2	2	2	2	2	2
470.2285	1	1	2	1	1	1	1	1	2	1	1	2
470.2286	1	1	2	1	1	1	1	1	2	1	1	2
470.2287	1	1	2	1	1	1	1	1	2	1	1	2
470.2288	1	1	2	2	1	2	2	2	2	1	2	2
470.2289	1	0	2	1	2	1	0	1	2	0	2	2
470.2290	1	1	2	1	1	1	1	1	2	1	1	2
470.2291	1	1	2	2	2	1	2	2	2	2	2	2
470.2292	1	1	2	1	1	1	1	1	2	0	1	2
470.2293	1	1	2	1	1	1	1	1	2	1	1	2
470.2294	1	1	2	2	1	2	1	2	2	1	2	2
470.2295	1	1	2	1	1	1	1	2	2	1	1	2
470.2296	1	1	2	1	1	1	1	1	2	1	1	2
470.2297	1	1	2	1	0	1	1	1	2	2	1	2
470.2298	1	1	2	1	1	1	1	1	2	1	1	2
470.2299	1	1	2	2	1	2	1	2	2	1	2	2
470.2300	1	1	2	1	1	1	1	1	2	1	1	2
470.2301	1	1	2	1	1	1	1	1	2	1	1	2
470.2302	1	1	2	1	1	1	1	1	2	2	1	2
470.2303	1	1	2	2	1	2	1	2	2	2	2	2
470.2304	1	1	2	1	1	1	1	1	2	1	1	2
470.2305	1	1	2	1	1	1	1	1	2	1	1	2
470.2306	1	1	2	2	0	1	0	2	2	1	2	2
470.2307	1	1	2	1	1	1	2	2	2	2	2	2
470.2425	1	1	2	1	1	1	1	2	2	2	2	1
470.2426	1	1	2	1	1	1	1	2	2	2	2	1
470.2427	1	1	2	1	1	1	1	2	2	2	2	1
470.2428	1	1	2	1	1	1	0	2	2	2	2	1
470.2429	1	1	2	1	0	1	1	2	2	2	2	1
470.2430	1	1	2	1	0	1	0	2	2	2	2	1
470.2431	1	1	2	1	1	1	1	2	2	2	2	1
470.2432	1	1	2	1	1	1	1	2	2	2	2	1
470.2433	1	1	2	1	1	1	1	2	2	2	2	1
470.2434	1	1	2	1	1	1	0	2	2	2	2	1
470.2435	1	1	2	2	1	1	1	2	2	2	2	1
470.2436	1	1	2	1	1	1	1	2	2	2	2	1
470.2437	1	1	2	1	1	1	0	2	2	2	2	1
470.2843	1	2	1	1	2	1	1	1	2	2	1	1
470.2844	1	1	1	1	0	1	1	1	2	1	0	1
470.2845	1	1	1	1	0	1	1	1	2	1	0	1
470.2846	1	1	1	1	0	1	0	1	2	1	1	1
470.2847	1	1	1	1	0	1	0	1	2	1	1	1
470.3764	1	1	2	1	1	1	2	2	2	2	2	1
470.3765	1	1	2	1	0	0	2	2	2	0	2	0
470.3766	1	1	2	1	0	1	2	2	2	1	2	1
470.3767	1	1	2	1	1	1	2	2	2	2	2	1
470.3768	1	1	2	1	0	1	2	2	2	0	2	1
470.3769	1	1	2	1	1	0	2	2	2	1	2	1
470.3770	1	1	2	1	0	1	2	2	2	2	2	1
470.3771	1	1	2	1	1	1	2	2	2	0	2	1
470.3772	1	1	2	1	1	1	2	2	2	1	2	1
470.4286	1	1	2	2	2	1	1	2	2	2	2	0
470.4701	1	1	1	1	0	1	0	1	2	1	1	1
470.4702	1	0	1	1	0	1	0	1	2	1	1	1
470.4748	1	1	1	1	1	1	1	1	2	1	1	1
470.4785	1	1	1	0	1	1	1	1	2	0	1	2
470.4786	1	2	1	1	2	1	1	1	2	2	2	1
470.4881	1	1	1	1	0	1	0	1	2	1	1	1
470.4901	1	1	1	1	1	1	1	1	2	1	1	1
470.5040	1	1	1	1	1	2	1	1	2	2	1	1
470.5410	1	1	1	1	0	2	1	1	2	0	0	1
470.5421	1	1	1	1	0	2	1	1	2	0	0	1
470.612	1	1	1	1	1	1	1	1	2	1	1	1
470.613	1	1	1	1	1	1	1	1	2	1	1	1
470.618	1	1	1	1	1	1	1	1	2	1	1	1
470.620	1	1	1	1	1	1	1	1	2	1	1	1
470.624	1	1	1	1	1	1	0	1	2	2	2	1
470.625	1	1	1	1	1	1	1	1	2	0	1	1
470.626	1	1	1	1	1	1	1	1	2	1	1	1
470.627	1	1	1	1	1	1	1	1	2	2	1	1
470.628	1	1	0	1	1	2	1	1	2	2	2	1
470.629	1	1	1	1	1	1	1	1	2	1	1	1
470.630	1	1	1	1	1	1	1	2	2	1	1	1
470.631	1	1	1	1	1	1	1	1	2	0	1	1
470.632	1	1	1	1	1	1	1	2	2	1	1	1
470.633	1	1	1	1	1	1	1	1	2	1	1	1
470.634	1	1	1	1	1	1	1	2	2	1	1	1
470.635	1	1	1	1	2	1	2	1	2	0	2	1
470.636	1	1	1	1	1	1	1	1	2	1	1	1
470.638	1	1	1	1	1	1	2	1	2	0	1	1
470.639	1	0	0	1	1	0	0	2	2	2	0	1
470.640	1	1	1	1	1	1	1	1	2	2	1	1
470.641	1	1	1	2	1	1	1	1	2	1	1	1
470.642	1	1	1	1	1	1	1	1	2	1	1	1
470.643	1	1	1	2	1	1	1	2	2	2	1	1
470.644	1	1	1	2	1	1	2	1	2	0	1	1
470.645	1	1	1	2	1	1	2	1	2	0	1	1
470.646	1	1	1	2	1	1	2	1	2	2	1	1
470.647	1	1	1	2	1	1	2	1	2	0	1	1
470.648	1	1	1	2	1	1	1	1	2	2	1	1
470.649	1	1	1	2	1	1	2	1	2	0	1	1
470.650	1	1	1	2	1	1	2	1	2	2	1	1
470.651	1	1	1	2	1	1	1	1	2	1	1	1
470.652	1	1	1	2	1	1	1	1	2	2	1	1
470.653	1	1	1	2	1	1	1	1	2	2	1	1
470.654	1	1	1	2	1	1	1	1	2	2	1	1
470.655	1	1	1	2	1	1	2	1	2	0	1	1
470.656	1	1	1	2	1	1	1	1	2	2	1	1
470.657	1	1	1	2	1	1	1	1	2	1	1	1
470.658	1	0	0	2	0	1	0	1	2	0	1	1
470.659	1	1	1	1	1	1	1	1	2	0	1	1
470.660	1	1	1	2	1	1	1	1	2	2	1	1
470.661	1	0	0	1	0	1	0	1	2	0	2	1
470.662	1	1	1	2	1	0	1	1	2	1	1	1
470.664	1	1	1	2	1	0	1	1	2	2	1	1
470.672	1	2	1	1	1	1	1	1	2	2	1	1
470.673	1	1	1	1	1	1	1	1	2	1	1	1
470.674	1	1	1	1	1	1	1	1	2	1	1	1
470.675	1	1	1	2	1	1	1	1	2	1	1	1
470.676	1	1	1	2	1	1	1	1	2	2	1	1
470.677	1	1	1	2	1	1	1	1	2	1	1	1
470.678	1	1	1	2	1	1	1	1	2	1	1	1
470.679	1	1	1	1	1	1	1	1	2	1	1	1
470.680	1	1	1	1	1	1	1	1	2	1	1	1
470.681	1	1	1	1	1	1	1	1	2	1	1	1
470.682	1	1	1	1	1	1	1	1	2	1	1	1
470.683	1	1	1	1	1	1	1	1	2	1	1	1
470.684	1	1	1	1	1	1	1	1	2	2	1	1
470.685	1	1	1	1	1	1	1	1	2	1	1	1
470.686	1	1	1	1	1	1	1	1	2	1	1	1
470.687	1	2	1	0	0	1	0	2	2	0	1	0
470.688	1	1	1	1	0	1	1	1	2	2	1	0
470.689	1	1	1	0	0	1	1	1	2	2	1	0
470.690	1	1	1	1	0	1	1	1	2	2	1	1
470.695	1	1	1	1	1	1	1	1	2	1	1	1
470.696	1	1	1	1	1	1	1	1	2	1	1	1
470.697	1	1	1	1	1	1	1	1	2	1	1	1
470.698	1	1	1	1	1	1	1	1	2	1	1	1
470.699	1	1	1	1	1	1	1	1	2	2	1	1
470.700	1	1	1	1	1	1	1	1	2	1	1	1
470.701	1	1	1	1	1	1	1	1	2	1	1	1
470.702	1	1	1	1	1	1	1	1	2	1	1	1
470.703	1	1	1	1	1	1	1	1	2	0	1	1
470.704	1	1	1	1	1	1	1	1	2	0	1	1
470.705	1	1	1	1	1	1	1	1	2	1	1	1
470.706	1	1	1	1	1	1	1	1	2	1	1	1
470.708	1	1	1	1	1	1	2	2	2	1	1	1
470.709	1	1	1	1	1	1	1	1	2	1	1	1
470.710	1	1	1	1	1	1	1	1	2	1	1	1
470.711	1	1	1	1	1	1	1	1	2	1	1	1
470.712	1	1	1	1	1	1	1	1	2	1	1	1
470.713	1	1	1	1	1	1	1	2	2	1	1	1
470.715	1	1	1	1	1	1	0	1	2	1	1	1
470.717	1	1	1	1	1	1	1	1	2	1	1	1
470.718	1	1	1	1	1	1	1	1	2	1	1	1
470.720	1	1	1	1	1	1	0	2	2	1	1	1
470.721	1	1	1	1	1	1	1	1	2	1	1	1
470.722	1	1	1	1	1	1	1	1	2	1	1	1
470.729	1	1	1	2	0	1	0	1	2	1	1	2
470.730	1	1	1	2	0	1	0	2	2	1	2	2
470.731	1	1	0	0	2	1	2	2	2	0	2	1
470.732	1	1	1	0	0	1	0	2	2	1	2	0
470.7338	1	1	1	2	2	1	1	1	2	2	1	1
470.7339	1	0	0	2	2	1	1	2	2	2	1	1
470.733	1	1	0	1	0	1	2	2	2	0	2	1
470.7340	1	1	1	2	2	1	0	1	2	2	1	1
470.7341	1	0	1	2	2	1	0	1	2	2	1	2
470.7342	1	0	0	2	2	1	0	1	2	2	1	2
470.7343	1	0	1	2	2	1	0	1	2	2	1	1
470.7344	1	1	0	2	2	1	1	1	2	2	1	1
470.7345	1	0	1	2	2	1	0	1	2	2	1	1
470.7346	1	0	1	2	2	1	0	1	2	2	1	1
470.7347	1	0	1	2	2	1	0	1	2	2	1	1
470.7348	1	2	1	2	2	1	0	1	2	2	1	1
470.7349	1	0	1	2	2	1	0	1	2	2	1	1
470.734	1	1	1	1	1	1	1	2	2	1	2	1
470.7350	1	2	1	2	2	1	1	1	2	2	1	1
470.7351	1	2	2	1	1	2	2	2	2	2	2	2
470.7352	1	2	2	1	1	2	2	2	2	2	2	2
470.7353	1	2	2	1	1	2	2	2	2	2	2	2
470.7354	1	2	2	1	1	2	2	2	2	2	2	2
470.7355	1	2	2	1	1	2	2	2	2	2	2	2
470.7356	1	2	2	1	1	2	2	2	2	2	2	2
470.7357	1	2	2	1	1	2	2	2	2	2	2	2
470.7358	1	2	2	1	1	2	2	2	2	2	2	2
470.7359	1	2	2	1	1	2	2	2	2	2	2	2
470.735	1	1	1	1	1	1	1	2	2	1	2	1
470.7360	1	2	2	1	1	2	2	2	2	2	2	2
470.7361	1	2	2	1	1	2	2	2	2	2	2	2
470.7362	1	2	2	1	1	2	2	2	2	2	2	2
470.7363	1	2	2	1	1	2	2	2	2	2	2	2
470.7364	1	2	2	1	1	2	2	2	2	2	2	2
470.7365	1	2	2	1	1	2	2	2	2	2	2	2
470.7366	1	2	2	1	0	2	2	2	2	2	2	2
470.7367	1	2	2	1	1	2	2	2	2	2	2	2
470.7368	1	2	2	1	1	2	2	2	2	2	2	2
470.7369	1	2	2	1	0	2	2	2	2	2	2	2
470.736	1	1	1	1	1	1	1	2	2	1	2	1
470.7370	1	2	2	1	0	2	2	2	2	2	2	2
470.7371	1	2	2	1	0	2	2	2	2	2	2	2
470.7372	1	2	2	1	0	2	2	2	2	2	2	2
470.7373	1	2	2	1	1	2	2	2	2	2	2	2
470.7374	1	1	1	1	1	1	1	1	2	1	1	1
470.7375	1	1	1	1	0	1	0	1	2	1	1	1
470.7376	1	1	1	1	1	1	1	1	2	1	1	1
470.7377	1	1	1	1	0	1	1	1	2	1	1	1
470.7378	1	1	1	1	1	1	1	1	2	1	1	1
470.7379	1	1	1	1	1	1	1	1	2	1	1	1
470.737	1	1	1	0	0	1	0	2	2	1	2	0
470.7380	1	1	1	0	0	1	0	1	2	1	1	0
470.7381	1	1	1	1	0	1	0	1	2	1	1	1
470.7382	1	1	1	1	1	1	1	1	2	1	1	1
470.7383	1	1	1	1	1	1	1	1	2	1	1	1
470.7384	1	1	1	1	1	1	1	1	2	1	1	1
470.7385	1	1	1	1	2	1	1	1	2	1	2	1
470.7386	1	1	1	1	1	1	1	1	2	1	1	1
470.7387	1	0	1	1	2	1	1	1	2	1	1	1
470.7388	1	1	1	1	1	1	1	1	2	1	1	1
470.7389	1	1	1	1	2	1	1	1	2	1	1	1
470.7390	1	1	1	1	1	1	1	1	2	1	1	1
470.7391	1	1	1	1	1	1	1	1	2	1	1	1
470.7392	1	1	0	1	2	1	1	2	2	1	1	1
470.7393	1	1	0	1	2	1	1	2	2	1	1	1
470.7394	1	1	1	1	1	1	0	1	2	1	1	1
470.7395	1	0	1	1	0	1	0	1	2	1	1	1
470.7396	1	1	1	1	1	1	1	1	2	1	1	1
470.7397	1	1	1	1	2	1	1	1	2	1	1	1
470.7398	1	1	1	1	1	1	1	1	2	1	1	1
470.7399	1	1	1	1	1	1	1	1	2	1	1	1
470.739	1	1	1	1	1	1	1	2	2	1	2	1
470.7400	1	1	1	0	1	1	1	1	2	0	1	0
470.7401	1	1	1	1	1	1	1	1	2	1	1	1
470.7402	1	1	1	1	1	1	1	1	2	1	1	1
470.7403	1	1	1	1	1	1	1	1	2	1	1	1
470.7404	1	1	1	1	2	1	1	1	2	1	1	1
470.7405	1	1	1	1	2	1	1	1	2	2	0	1
470.7406	1	1	1	1	1	1	1	1	2	1	1	1
470.7407	1	1	1	1	1	1	1	1	2	2	1	1
470.7408	1	1	1	1	1	1	1	1	2	1	1	1
470.7409	1	1	1	1	1	1	1	1	2	1	1	1
470.740	1	1	1	1	1	1	1	2	2	1	2	1
470.7410	1	1	1	1	1	1	1	1	2	1	1	1
470.7411	1	1	1	1	1	1	1	1	2	1	1	1
470.7412	1	1	1	0	0	1	1	2	2	2	1	1
470.7413	1	1	1	1	0	1	0	1	2	1	1	1
470.7414	1	1	1	0	2	1	1	1	2	2	1	2
470.7415	1	2	1	2	0	1	1	1	2	1	1	2
470.7418	1	2	1	1	1	1	2	1	2	0	1	1
470.7419	1	1	1	0	0	1	1	1	2	0	0	0
470.741	1	1	1	0	0	1	1	2	2	1	2	0
470.7420	1	1	1	0	0	1	0	1	2	1	1	0
470.7421	1	0	1	0	0	0	0	1	2	0	0	0
470.7423	1	1	1	1	1	1	0	2	2	1	1	1
470.7424	1	1	1	1	1	1	2	1	2	2	1	1
470.7425	1	1	1	1	1	1	1	1	2	1	2	1
470.7426	1	1	1	0	1	1	1	1	2	0	1	2
470.7428	1	1	1	0	0	1	0	1	2	1	1	0
470.742	1	1	1	0	0	1	1	2	2	1	2	0
470.7430	1	1	0	0	1	1	1	1	2	0	0	0
470.7431	1	1	1	0	0	1	0	1	2	1	1	0
470.7432	1	1	1	1	1	1	1	1	2	0	2	1
470.7434	1	1	1	0	0	1	0	1	2	1	1	0
470.7435	1	1	1	0	1	1	1	1	2	0	1	0
470.7436	1	1	1	1	1	0	1	2	2	1	1	1
470.7437	1	1	1	1	1	0	1	2	2	0	1	1
470.7439	1	1	1	0	0	1	0	1	2	1	1	0
470.743	1	1	1	0	0	1	1	2	2	1	2	0
470.7440	1	1	1	0	1	1	1	1	2	0	1	0
470.7441	1	1	1	1	1	0	1	2	2	2	1	1
470.7442	1	1	0	0	1	1	1	1	2	0	0	0
470.7443	1	1	1	1	1	2	1	2	2	1	1	1
470.7444	1	1	1	0	0	1	0	1	2	1	1	0
470.7446	1	1	1	0	0	1	0	1	2	1	1	0
470.7447	1	2	1	0	0	1	0	1	2	0	1	0
470.7448	1	1	1	0	0	1	0	1	2	1	1	0
470.7449	1	1	1	1	1	1	1	1	2	1	0	1
470.744	1	1	1	1	1	1	1	2	2	1	2	1
470.7450	1	1	1	0	0	1	0	1	2	1	1	0
470.7451	1	1	1	0	0	1	0	1	2	1	1	0
470.7452	1	1	1	0	1	1	1	1	2	0	1	0
470.7454	1	1	1	0	1	1	1	1	2	0	1	0
470.7455	1	1	0	0	1	2	1	2	2	0	1	2
470.7459	1	1	1	0	1	1	1	1	2	1	1	0
470.745	1	1	1	2	1	1	1	2	2	2	2	1
470.7460	1	1	1	1	1	1	1	1	2	0	1	1
470.7461	1	1	0	0	0	0	1	2	2	0	0	0
470.7462	1	1	1	1	1	1	0	1	2	1	1	1
470.7463	1	1	1	1	1	1	0	1	2	1	1	1
470.7464	1	1	1	1	1	1	1	1	2	1	1	1
470.7465	1	1	1	0	1	1	1	1	2	0	1	0
470.7466	1	1	1	2	0	2	1	2	2	0	0	0
470.7467	1	1	1	0	0	2	1	2	2	0	0	0
470.7468	1	1	1	0	0	1	1	1	2	2	1	0
470.7469	1	1	1	2	0	2	1	2	2	0	2	0
470.746	1	1	1	1	1	1	1	2	2	1	2	1
470.7473	1	1	1	0	0	1	2	1	2	1	1	0
470.7474	1	1	1	2	0	1	0	1	2	1	1	0
470.7475	1	1	1	0	1	1	0	1	2	1	1	0
470.7476	1	1	1	0	1	1	2	1	2	0	1	0
470.7479	1	1	1	0	1	1	0	1	2	0	1	0
470.747	1	1	1	1	1	1	1	2	2	1	2	1
470.7480	1	1	1	0	0	1	0	1	2	1	1	0
470.7481	1	1	1	0	1	1	1	1	2	0	1	0
470.7482	1	1	1	0	1	1	0	1	2	1	1	0
470.7483	1	1	1	0	1	1	1	1	2	0	1	0
470.7484	1	1	1	0	1	1	1	1	2	2	1	0
470.7485	1	1	1	1	1	1	2	1	2	1	2	1
470.7486	1	1	1	0	1	1	1	1	2	0	1	0
470.7487	1	1	1	0	2	1	1	1	2	2	1	0
470.7489	1	1	1	0	2	1	1	1	2	2	1	0
470.748	1	1	1	1	1	1	1	2	2	1	2	1
470.7490	1	1	1	0	2	1	1	1	2	2	1	0
470.7491	1	1	1	0	1	1	1	1	2	1	1	0
470.7492	1	1	1	0	2	1	1	1	2	2	1	0
470.7493	1	1	1	0	1	1	1	1	2	1	1	0
470.7494	1	1	0	0	0	1	0	1	2	1	1	0
470.7495	1	1	1	0	2	1	1	1	2	2	1	0
470.7496	1	1	1	0	0	1	1	1	2	0	1	0
470.7498	1	1	1	0	2	1	1	1	2	2	1	0
470.7499	1	1	1	0	2	1	1	1	2	1	1	0
470.749	1	1	1	1	1	1	1	2	2	1	2	1
470.7500	1	1	1	0	1	1	1	1	2	0	1	0
470.7501	1	1	1	2	1	1	1	1	2	0	1	2
470.7502	1	1	1	0	1	1	1	1	2	0	1	1
470.7503	1	1	2	0	0	1	2	1	2	1	1	0
470.7504	1	1	2	0	0	1	0	1	2	1	1	0
470.7505	1	1	2	0	0	1	0	1	2	1	1	0
470.7506	1	1	1	0	1	1	1	1	2	0	1	0
470.7507	1	1	2	0	0	1	0	1	2	1	1	0
470.750	1	1	1	1	1	1	1	2	2	1	2	1
470.7511	1	1	1	1	1	1	0	1	2	1	0	1
470.7514	1	1	2	0	0	1	0	1	2	1	1	0
470.7515	1	2	1	2	2	2	2	2	2	1	0	1
470.7516	1	0	0	0	0	0	0	0	2	0	0	0
470.7518	1	1	1	1	0	1	2	1	2	1	1	1
470.751	1	1	1	1	1	1	1	2	2	2	2	1
470.7520	1	1	1	1	1	1	1	1	2	0	1	1
470.7521	1	1	1	0	0	1	0	1	2	1	1	0
470.7525	1	1	1	1	1	1	1	1	2	0	1	1
470.7526	1	1	1	1	1	1	1	1	2	0	1	1
470.7527	1	1	1	0	1	1	1	2	2	0	2	0
470.7529	1	1	1	0	1	1	1	1	2	1	1	0
470.752	1	1	1	1	1	1	1	2	2	1	2	1
470.7531	1	1	1	0	0	2	1	0	2	1	0	0
470.7532	1	1	1	0	0	1	0	1	2	1	1	0
470.7534	1	0	0	0	0	0	0	0	2	0	2	0
470.7535	1	1	1	0	0	1	1	1	2	0	1	0
470.7536	1	1	1	1	0	1	0	1	2	1	1	1
470.7537	1	1	1	0	1	1	1	1	2	0	1	0
470.7538	1	1	1	0	0	1	1	1	2	2	1	0
470.7539	1	1	1	0	1	1	1	1	2	1	1	0
470.753	1	1	1	1	0	1	1	2	2	2	2	1
470.7541	1	1	1	0	1	1	1	1	2	1	1	0
470.7543	1	1	1	0	1	1	1	1	2	1	1	0
470.7544	1	1	1	0	1	1	1	1	2	1	1	0
470.7545	1	1	1	0	0	1	1	0	2	2	1	0
470.7548	1	1	1	0	1	1	1	1	2	1	1	0
470.7549	1	1	1	0	1	1	1	1	2	2	1	0
470.754	1	1	1	1	1	1	1	2	2	1	2	1
470.7550	1	1	1	0	1	1	1	1	2	1	1	0
470.7551	1	1	1	1	0	1	2	1	2	1	1	1
470.7554	1	1	1	0	1	0	1	1	2	0	1	0
470.7555	1	1	1	1	2	1	2	1	2	1	1	1
470.755	1	1	1	1	1	1	1	2	2	1	2	1
470.7561	1	1	1	1	1	1	1	1	2	1	1	1
470.7562	1	1	1	0	1	1	1	1	2	0	1	0
470.7563	1	1	1	1	1	1	1	1	2	1	2	1
470.7564	1	1	0	0	1	1	1	1	2	0	0	0
470.7566	1	1	0	0	0	2	1	2	2	0	0	0
470.7567	1	1	1	0	1	1	1	1	2	0	0	0
470.7568	1	1	1	0	0	1	1	1	2	0	1	0
470.7569	1	1	1	0	0	1	1	1	2	0	1	0
470.756	1	1	1	1	1	1	1	2	2	1	2	1
470.7570	1	1	1	0	1	1	1	1	2	0	1	2
470.7572	1	1	1	0	2	1	1	1	2	0	0	0
470.7573	1	1	1	1	1	1	1	1	2	2	2	1
470.7574	1	2	1	1	1	1	1	1	2	0	1	2
470.7575	1	2	2	1	1	1	1	1	2	0	1	1
470.7578	1	1	1	1	1	1	1	1	2	1	0	1
470.7579	1	1	1	0	1	1	1	1	2	1	1	2
470.757	1	1	1	1	1	1	1	2	2	1	2	1
470.7580	1	1	1	1	0	0	0	1	2	0	2	0
470.7581	1	1	1	1	1	1	1	1	2	2	1	1
470.7582	1	1	1	1	1	1	0	1	2	1	1	1
470.7584	1	1	1	1	1	1	1	1	2	1	2	1
470.7585	1	1	1	1	1	1	0	1	2	1	1	2
470.7586	1	1	1	0	0	1	0	1	2	1	1	2
470.7587	1	2	1	0	0	0	0	1	2	2	1	2
470.7588	1	1	1	0	1	1	1	1	2	1	1	2
470.7589	1	1	1	0	1	1	1	1	2	1	1	2
470.758	1	1	0	0	2	2	1	2	2	0	2	0
470.7590	1	1	1	0	0	1	1	0	2	0	1	2
470.7591	1	1	1	0	1	1	1	1	2	1	1	2
470.7593	1	1	1	0	1	1	1	1	2	0	1	2
470.7595	1	1	1	0	0	1	1	0	2	0	1	2
470.7596	1	1	1	0	1	1	0	1	2	1	1	2
470.7597	1	1	1	0	1	1	1	1	2	2	1	2
470.7599	1	1	1	0	2	1	1	1	2	1	1	2
470.759	1	1	1	1	1	1	1	2	2	1	2	1
470.7601	1	1	1	0	0	2	1	1	2	0	0	2
470.7602	1	1	1	0	0	1	1	1	2	0	1	2
470.7603	1	1	1	1	0	1	0	1	2	1	1	2
470.7604	1	1	1	0	1	1	1	1	2	0	1	2
470.7606	1	1	1	0	0	1	1	1	2	0	1	2
470.7607	1	1	1	0	0	1	1	1	2	0	1	2
470.7608	1	1	1	0	1	1	1	2	2	1	1	2
470.7609	1	1	1	0	0	1	1	1	2	0	1	2
470.760	1	1	1	1	1	1	1	2	2	1	2	1
470.7610	1	1	1	0	1	1	1	1	2	1	1	2
470.7611	1	1	1	0	1	1	1	2	2	0	1	2
470.7612	1	1	1	0	0	1	1	1	2	0	1	2
470.7614	1	1	1	0	1	1	1	1	2	0	1	2
470.7617	1	1	1	0	1	1	1	1	2	0	1	2
470.7618	1	1	1	0	1	1	1	1	2	0	1	2
470.7619	1	1	1	0	0	1	1	2	2	0	1	2
470.761	1	1	1	1	0	1	2	2	2	1	2	1
470.7620	1	1	1	0	1	1	1	1	2	1	1	2
470.7621	1	1	1	0	1	1	1	1	2	0	1	2
470.7622	1	1	1	0	0	1	1	2	2	0	1	2
470.7623	1	1	1	0	1	1	1	1	2	0	1	2
470.7625	1	1	1	0	1	1	1	1	2	0	1	2
470.7626	1	1	1	0	1	1	1	2	2	1	1	2
470.7627	1	1	1	0	1	1	1	1	2	0	1	2
470.7628	1	1	1	0	1	1	1	1	2	1	1	2
470.7629	1	1	1	0	0	1	1	0	2	0	1	2
470.762	1	1	1	1	1	1	1	2	2	0	2	1
470.7630	1	1	1	0	1	1	1	1	2	0	1	2
470.7631	1	1	1	0	1	1	1	1	2	1	1	2
470.7632	1	1	1	2	0	2	2	0	2	0	0	2
470.7634	1	1	1	1	0	2	2	0	2	2	0	2
470.7637	1	1	1	0	1	1	2	1	2	1	1	2
470.7638	1	1	1	0	1	1	1	1	2	0	1	2
470.7639	1	1	1	0	1	1	1	2	2	1	1	2
470.763	1	1	1	1	1	1	1	2	2	1	2	1
470.7640	1	1	1	0	1	1	1	1	2	0	1	2
470.7641	1	1	1	0	0	1	0	1	2	1	1	2
470.7642	1	1	1	0	1	1	1	1	2	0	1	2
470.7643	1	1	1	1	0	1	2	2	2	2	0	2
470.7644	1	1	1	0	1	1	1	1	2	0	1	2
470.7645	1	1	1	0	1	1	1	1	2	0	1	2
470.7646	1	1	1	0	1	1	1	1	2	0	1	2
470.7647	1	1	1	0	1	1	1	1	2	0	1	2
470.7648	1	1	1	0	1	1	1	1	2	0	1	2
470.7649	1	1	1	0	1	1	1	1	2	0	1	2
470.7650	1	1	1	0	1	1	1	1	2	0	1	2
470.7651	1	1	1	0	1	1	1	1	2	1	1	2
470.7652	1	1	1	0	1	1	1	1	2	0	1	2
470.7653	1	2	1	0	2	1	2	2	2	0	2	2
470.7654	1	1	1	0	1	1	1	1	2	1	1	2
470.7655	1	1	1	0	1	1	1	1	2	0	2	2
470.7656	1	1	1	0	1	1	1	1	2	0	1	2
470.7657	1	1	1	0	1	1	1	1	2	0	1	2
470.7658	1	1	1	0	0	1	0	1	2	1	1	2
470.7659	1	1	1	0	1	1	0	1	2	1	1	2
470.765	1	1	1	1	1	1	1	2	2	0	1	1
470.7662	1	1	1	0	1	1	1	1	2	0	1	2
470.7663	1	1	1	0	1	1	1	1	2	0	1	2
470.7664	1	1	1	0	1	1	1	1	2	0	1	2
470.7665	1	1	1	0	0	1	1	2	2	0	1	2
470.7667	1	1	0	0	0	2	1	0	2	0	0	2
470.7668	1	1	1	0	1	1	1	1	2	0	1	2
470.7669	1	1	1	0	0	1	1	1	2	0	1	2
470.7670	1	1	1	0	1	1	1	1	2	1	1	2
470.7671	1	1	1	0	1	1	1	1	2	0	1	2
470.7672	1	1	1	0	0	1	1	1	2	0	1	2
470.7673	1	1	1	0	1	0	1	1	2	0	1	2
470.7676	1	1	1	0	0	1	1	2	2	0	1	2
470.7677	1	1	1	0	0	1	0	1	2	1	1	2
470.7678	1	1	1	0	0	1	1	0	2	1	1	2
470.7679	1	1	1	0	0	1	2	0	2	1	0	2
470.767	1	1	1	0	1	1	1	1	2	0	1	1
470.7680	1	1	1	1	0	1	1	1	2	1	1	2
470.7682	1	1	1	0	0	1	1	2	2	0	1	2
470.7683	1	1	1	0	0	1	1	1	2	0	1	2
470.7685	1	1	1	0	0	1	0	1	2	1	1	2
470.7686	1	1	1	0	1	1	1	2	2	1	1	2
470.7687	1	1	0	0	0	2	1	0	2	0	0	2
470.7688	1	1	1	1	0	1	0	1	2	1	1	2
470.7689	1	1	1	1	0	1	0	1	2	1	1	2
470.768	1	1	1	1	1	1	1	1	2	0	1	1
470.7690	1	1	1	1	0	1	2	1	2	1	1	2
470.7691	1	1	1	1	0	1	0	1	2	1	1	2
470.7692	1	1	1	0	0	1	1	1	2	2	1	2
470.7693	1	1	1	0	0	1	0	0	2	1	1	2
470.7694	1	1	1	0	0	1	0	1	2	1	1	2
470.7695	1	1	1	0	1	1	1	1	2	1	1	2
470.7696	1	1	1	0	0	1	0	1	2	1	1	2
470.7697	1	1	1	0	1	1	1	2	2	1	1	2
470.7698	1	1	1	0	1	1	1	1	2	0	1	2
470.7699	1	1	1	0	1	1	1	1	2	0	1	2
470.7700	1	1	1	0	1	1	1	1	2	0	1	2
470.7701	1	1	0	0	0	1	0	0	2	0	2	2
470.7702	1	1	1	0	1	1	1	1	2	0	1	2
470.7703	1	1	0	0	0	1	1	0	2	1	1	2
470.7704	1	1	1	0	1	1	1	1	2	0	1	2
470.7705	1	1	1	0	1	1	1	1	2	0	1	2
470.7706	1	1	1	0	1	1	1	1	2	1	1	2
470.7707	1	1	1	0	1	1	1	1	2	0	1	2
470.7708	1	1	1	0	0	1	0	1	2	1	1	2
470.7709	1	1	0	1	0	1	2	2	2	2	2	2
470.7710	1	1	1	0	1	1	1	1	2	0	1	2
470.7711	1	1	1	0	1	1	1	1	2	0	1	2
470.7712	1	1	1	0	1	1	1	1	2	0	1	2
470.7713	1	1	1	0	1	1	1	1	2	1	1	2
470.7714	1	1	1	0	1	1	1	1	2	0	1	2
470.7715	1	1	1	0	1	1	1	1	2	0	1	2
470.7716	1	1	1	0	1	0	1	1	2	0	1	2
470.7717	1	1	1	0	1	1	1	1	2	0	1	2
470.7718	1	1	1	2	1	1	1	1	2	0	1	2
470.7719	1	1	0	0	1	1	1	1	2	0	1	2
470.7720	1	1	1	0	0	2	2	2	2	0	0	2
470.7721	1	1	1	0	1	1	1	1	2	0	1	2
470.7722	1	1	1	0	1	0	1	1	2	0	1	2
470.7723	1	1	1	0	1	2	2	1	2	1	1	2
470.7724	1	1	1	0	1	1	1	1	2	1	1	2
470.7725	1	1	1	0	1	1	1	1	2	0	1	2
470.7726	1	1	1	0	0	1	2	0	2	2	0	2
470.7727	1	1	1	0	0	1	0	1	2	1	1	2
470.7728	1	1	1	1	0	1	2	2	2	2	0	2
470.7729	1	1	1	0	1	1	1	1	2	0	1	2
470.7730	1	1	1	0	0	2	0	1	2	1	1	2
470.7731	1	1	1	0	1	1	1	1	2	1	1	2
470.7732	1	1	1	0	0	1	1	1	2	0	2	2
470.7733	1	1	1	0	1	2	2	1	2	1	1	2
470.7734	1	1	1	0	1	1	1	1	2	1	1	2
470.7735	1	1	1	0	0	1	1	1	2	0	1	2
470.7737	1	1	1	0	2	1	2	1	2	1	1	2
470.7738	1	1	1	0	0	1	1	1	2	0	1	2
470.7739	1	1	1	0	1	1	1	1	2	1	1	2
470.7740	1	1	1	0	0	2	1	2	2	0	0	2
470.7742	1	1	1	0	0	2	1	2	2	0	0	2
470.7743	1	1	1	1	0	2	2	2	2	0	0	2
470.7744	1	1	1	0	0	2	2	2	2	0	0	2
470.7745	1	1	1	1	0	2	2	2	2	2	0	2
470.7746	1	1	1	0	0	1	1	1	2	0	1	2
470.7747	1	1	1	1	0	2	2	2	2	0	0	2
470.7748	1	1	1	0	1	1	0	1	2	1	1	2
470.7749	1	1	1	0	0	1	2	0	2	1	0	2
470.7750	1	1	1	0	1	1	1	1	2	1	1	2
470.7751	1	1	1	1	0	2	2	2	2	0	0	2
470.7752	1	1	1	0	1	1	1	1	2	0	1	2
470.7753	1	1	1	0	1	2	2	1	2	1	1	2
470.7754	1	1	1	0	1	1	1	1	2	0	1	2
470.7755	1	1	1	0	0	1	0	2	2	0	1	2
470.7756	1	1	1	0	1	1	1	1	2	0	1	2
470.7757	1	1	1	1	0	1	2	2	2	0	2	2
470.7759	1	1	1	0	1	1	1	1	2	0	1	2
470.7760	1	1	1	0	1	1	1	2	2	1	1	2
470.7761	1	1	1	0	0	2	2	2	2	0	0	2
470.7762	1	1	1	0	0	1	1	2	2	0	0	2
470.7763	1	1	1	0	1	1	2	1	2	1	1	2
470.7764	1	1	1	0	1	1	1	1	2	0	1	2
470.7765	1	1	1	0	1	1	0	1	2	1	1	2
470.7766	1	1	1	0	1	1	0	1	2	1	1	2
470.7767	1	1	1	0	1	1	1	1	2	0	1	2
470.7768	1	1	1	0	0	1	2	1	2	1	1	0
470.7773	1	1	1	0	1	1	0	1	2	1	1	0
470.7774	1	1	1	0	0	2	2	2	2	0	0	2
470.7775	1	1	1	0	1	1	1	1	2	0	1	2
470.7776	1	1	1	0	1	1	0	1	2	1	1	2
470.7778	1	1	1	0	0	2	2	2	2	0	0	0
470.7779	1	1	1	1	0	2	2	2	2	2	0	1
470.7780	1	1	1	0	0	1	1	1	2	1	1	2
470.7781	1	1	1	1	0	2	2	2	2	1	0	1
470.7782	1	1	1	1	0	2	2	2	2	2	0	1
470.7783	1	1	1	0	1	1	1	1	2	1	1	2
470.7784	1	1	1	1	0	2	2	2	2	0	0	2
470.7785	1	1	0	0	1	1	1	1	2	0	1	2
470.7786	1	1	1	1	0	2	2	2	2	0	0	2
470.7787	1	1	0	0	1	1	1	1	2	0	1	2
470.7788	1	1	1	0	1	1	1	1	2	1	1	0
470.7789	1	1	1	1	0	2	2	2	2	0	0	2
470.7790	1	1	1	0	1	1	1	1	2	0	1	2
470.7792	1	1	1	1	0	2	1	0	2	1	0	1
470.7793	1	1	1	0	0	2	2	2	2	0	0	0
470.7794	1	1	1	1	0	2	2	2	2	0	0	2
470.7795	1	1	1	1	0	2	2	2	2	0	0	1
470.7796	1	1	1	0	1	1	1	1	2	0	1	2
470.7797	1	1	1	1	0	2	2	2	2	1	0	1
470.7798	1	1	1	1	0	2	1	0	2	2	0	2
470.7799	1	1	1	0	0	2	2	2	2	0	0	0
470.7800	1	1	1	1	0	2	2	2	2	0	0	1
470.7801	1	1	1	0	1	1	1	1	2	1	1	2
470.7802	1	1	1	0	1	1	1	1	2	1	1	2
470.7803	1	1	1	0	1	1	1	1	2	1	1	2
470.7804	1	1	1	0	1	1	0	1	2	1	1	2
470.7805	1	1	1	0	0	2	2	2	2	0	0	2
470.7806	1	1	1	1	0	1	2	2	2	0	0	1
470.7807	1	1	1	2	0	1	2	2	2	0	0	1
470.7808	1	1	1	1	0	1	1	1	2	1	0	1
470.7809	1	1	1	1	0	2	2	1	2	0	0	2
470.7810	1	1	1	1	0	0	2	2	2	2	0	2
470.7811	1	1	1	1	0	0	2	2	2	2	0	2
470.7812	1	1	0	0	1	1	1	1	2	0	1	2
470.7813	1	1	1	1	0	2	2	2	2	0	0	0
470.7814	1	1	1	0	1	1	1	1	2	1	1	2
470.7815	1	1	0	0	0	1	1	1	2	1	1	2
470.7816	1	1	1	1	0	0	2	1	2	0	1	1
470.7817	1	1	1	1	0	1	2	2	2	0	0	2
470.7818	1	1	1	1	0	2	2	2	2	0	0	2
470.7819	1	1	1	0	0	0	1	2	2	0	1	0
470.7820	1	2	1	0	1	1	0	1	2	1	0	0
470.7821	1	1	1	0	1	1	1	1	2	1	1	2
470.7822	1	1	1	1	2	1	2	2	2	1	0	2
470.7823	1	1	1	1	0	2	2	1	2	0	0	2
470.7824	1	1	1	1	0	2	2	2	2	0	0	0
470.7825	1	1	1	0	1	1	1	1	2	1	1	2
470.7826	1	0	1	1	0	2	0	2	2	0	0	2
470.7827	1	1	1	0	1	1	1	1	2	0	1	2
470.7828	1	1	1	1	0	2	2	2	2	2	0	2
470.7829	1	1	1	1	0	2	2	2	2	0	0	2
470.7830	1	1	0	0	1	1	1	1	2	0	1	2
470.7831	1	1	1	1	0	1	2	2	2	0	0	2
470.7832	1	1	1	1	0	1	0	1	2	1	1	1
470.7833	1	1	1	1	0	2	2	1	2	0	0	2
470.7834	1	1	1	0	0	1	1	2	2	0	0	2
470.7835	1	1	1	0	1	1	1	1	2	1	1	2
470.7836	1	1	1	2	0	2	2	2	2	0	0	2
470.7837	1	1	1	1	0	2	2	1	2	0	0	2
470.7838	1	1	1	0	1	1	0	1	2	1	1	2
470.7839	1	1	1	1	0	2	2	1	2	0	0	2
470.7841	1	1	1	0	1	1	1	1	2	1	1	2
470.7842	1	1	1	0	1	1	1	1	2	1	1	2
470.7843	1	0	1	1	0	1	0	2	2	0	0	2
470.7844	1	1	0	0	0	1	1	0	2	1	1	2
470.7845	1	1	0	0	0	1	1	0	2	1	1	0
470.7847	1	1	1	1	1	1	1	1	2	1	1	2
470.7848	1	1	1	0	1	1	1	1	2	0	1	0
470.7849	1	1	1	1	0	0	2	2	2	0	1	1
470.7850	1	1	1	2	0	0	2	2	2	0	0	2
470.7851	1	1	1	0	1	1	1	1	2	1	1	2
470.7852	1	1	1	1	0	2	2	2	2	0	0	2
470.7853	1	1	1	0	1	1	2	0	2	1	0	2
470.7855	1	1	1	0	0	2	2	2	2	0	0	0
470.7856	1	1	1	1	0	2	2	1	2	0	0	2
470.7857	1	1	1	1	0	2	2	1	2	2	0	2
470.7858	1	0	0	0	0	0	0	2	2	0	0	2
470.7860	1	1	1	1	0	2	2	2	2	0	0	2
470.7861	1	1	1	0	1	1	0	1	2	1	1	0
470.7862	1	1	1	0	1	1	2	0	2	1	0	0
470.7863	1	1	1	0	1	1	1	1	2	0	1	2
470.7864	1	1	1	0	0	1	0	1	2	1	1	2
470.7866	1	1	1	0	0	0	0	0	2	1	1	0
470.7867	1	2	1	1	0	0	0	0	2	2	0	0
470.7868	1	1	1	0	0	2	0	1	2	1	1	2
470.7869	1	1	1	1	0	1	0	1	2	1	1	1
470.7870	1	1	1	0	0	0	2	1	2	0	0	2
470.7871	1	2	1	2	0	2	2	2	2	0	0	1
470.7873	1	1	1	0	0	0	0	0	2	1	1	2
470.7874	1	1	1	0	1	1	1	1	2	1	1	2
470.7875	1	1	1	1	0	0	2	2	2	1	0	1
470.7877	1	1	1	0	1	1	1	1	2	1	1	2
470.7878	1	1	1	0	1	1	1	1	2	1	1	2
470.7879	1	1	1	0	0	1	0	1	2	1	1	2
470.7880	1	1	1	0	1	1	1	1	2	0	1	2
470.7881	1	1	0	0	0	1	1	1	2	1	1	2
470.7882	1	1	1	0	0	1	0	1	2	1	1	2
470.7883	1	1	1	1	0	1	0	1	2	1	1	1
470.7884	1	1	1	1	0	0	2	2	2	2	0	2
470.7886	1	1	1	0	1	1	1	1	2	0	1	2
470.7888	1	1	1	0	0	1	0	1	2	1	1	2
470.7889	1	1	1	0	0	1	0	1	2	1	1	2
470.7890	1	1	1	0	1	1	1	1	2	1	1	2
470.7891	1	1	1	0	0	1	2	1	2	1	0	2
470.7892	1	1	1	0	0	2	1	2	2	0	0	2
470.7893	1	1	1	0	1	1	1	1	2	0	1	2
470.7894	1	1	1	0	0	1	0	1	2	1	1	2
470.7895	1	1	1	0	0	1	0	1	2	1	1	2
470.7896	1	1	1	1	0	1	0	1	2	1	1	2
470.7897	1	1	1	0	0	0	1	2	2	0	0	2
470.7898	1	1	1	0	0	1	0	1	2	1	1	2
470.7899	1	1	1	0	0	1	2	1	2	1	0	2
470.7900	1	1	1	0	1	1	2	2	2	1	0	2
470.7901	1	1	1	1	1	1	1	1	2	0	1	1
470.7902	1	1	1	0	1	1	1	1	2	0	1	2
470.7903	1	1	1	0	1	1	1	1	2	0	1	2
470.7904	1	1	1	0	1	1	1	1	2	0	1	2
470.7905	1	1	1	0	0	0	0	0	2	1	1	2
470.7906	1	1	1	0	1	1	1	1	2	1	1	2
470.7907	1	1	1	0	0	1	0	1	2	1	1	2
470.7908	1	1	0	0	0	1	1	1	2	1	1	2
470.7909	1	1	1	0	0	1	0	2	2	1	1	2
470.7910	1	1	1	0	0	1	0	1	2	1	1	2
470.7911	1	1	1	0	1	1	1	1	2	0	1	2
470.7912	1	1	1	0	0	1	0	1	2	1	1	2
470.7913	1	1	1	0	0	1	0	1	2	1	1	2
470.7914	1	1	1	0	0	1	0	1	2	1	1	2
470.7915	1	1	1	0	1	1	0	1	2	1	1	2
470.7916	1	1	1	0	1	1	1	1	2	0	1	2
470.7917	1	2	0	0	0	1	0	1	2	1	1	2
470.7918	1	1	1	1	1	0	2	2	2	0	1	1
470.7919	1	1	1	0	0	1	2	1	2	1	1	2
470.7920	1	1	1	2	0	0	2	2	2	0	0	2
470.7921	1	1	1	0	1	1	2	0	2	1	0	2
470.7923	1	1	1	0	0	1	0	1	2	1	1	2
470.7924	1	1	1	0	0	1	0	1	2	1	1	2
470.7925	1	1	1	0	0	1	0	1	2	1	1	2
470.7926	1	1	1	0	0	0	0	0	2	1	1	2
470.7927	1	1	1	0	0	1	0	1	2	1	1	2
470.7928	1	1	1	0	1	1	1	1	2	0	1	0
470.7929	1	1	1	0	0	1	1	1	2	0	1	2
470.7931	1	1	1	0	0	1	0	1	2	1	1	2
470.7932	1	1	1	0	0	1	0	1	2	1	1	2
470.7933	1	1	1	1	1	0	2	2	2	0	1	1
470.7934	1	1	1	0	1	1	1	1	2	0	1	2
470.7935	1	1	1	0	0	0	1	2	2	0	0	2
470.7936	1	1	1	1	1	0	2	2	2	0	1	1
470.7938	1	1	1	0	0	1	0	1	2	1	1	2
470.7939	1	1	1	0	1	2	1	0	2	2	1	2
470.7940	1	1	1	0	0	1	0	1	2	1	1	2
470.7941	1	1	1	0	0	1	0	1	2	1	1	2
470.7942	1	1	1	0	0	1	1	0	2	2	0	2
470.7943	1	1	1	0	0	1	0	1	2	1	1	2
470.7944	1	1	1	0	0	1	0	1	2	1	1	2
470.7945	1	1	1	0	0	0	0	0	2	1	1	2
470.7946	1	1	1	1	0	0	2	2	2	0	0	1
470.7948	1	1	1	0	0	1	1	2	2	0	2	2
470.7949	1	1	1	0	0	2	1	2	2	0	2	0
470.7950	1	2	1	0	0	1	0	1	2	1	1	2
470.7951	1	1	1	0	1	2	1	0	2	2	1	2
470.7952	1	1	1	0	0	1	0	1	2	1	1	2
470.7953	1	1	1	0	0	1	1	1	2	0	1	2
470.7954	1	1	1	1	1	2	2	2	2	2	1	1
470.7956	1	1	1	0	0	1	1	1	2	0	1	2
470.7957	1	1	1	0	1	1	1	0	2	1	0	2
470.7958	1	1	1	0	0	1	0	1	2	1	1	2
470.7959	1	1	1	0	1	1	1	1	2	1	1	2
470.7960	1	1	1	2	0	1	0	1	2	1	1	0
470.7961	1	1	1	0	1	1	1	0	2	1	0	2
470.7962	1	1	1	1	1	0	2	2	2	0	1	1
470.7964	1	1	1	0	1	1	0	1	2	1	1	2
470.7965	1	1	1	1	1	2	2	2	2	1	1	1
470.7966	1	1	1	0	1	1	1	1	2	1	1	2
470.7967	1	1	1	0	1	1	1	1	2	0	1	2
470.7968	1	1	1	0	0	1	0	1	2	1	1	2
470.7969	1	1	1	0	0	1	0	1	2	1	1	2
470.7970	1	1	1	0	1	1	2	0	2	1	0	2
470.7971	1	1	1	0	0	1	0	1	2	1	1	2
470.7972	1	1	1	0	1	1	1	1	2	1	1	2
470.7973	1	1	1	0	1	1	1	1	2	1	1	2
470.7974	1	1	1	0	0	1	0	1	2	1	1	2
470.7977	1	1	1	0	0	1	0	1	2	1	1	2
470.7978	1	1	1	0	0	0	1	2	2	0	0	2
470.7979	1	1	1	2	0	1	2	2	2	0	0	0
470.7980	1	1	1	0	0	2	1	2	2	0	0	2
470.7981	1	1	1	0	1	1	1	1	2	0	1	2
470.7982	1	1	1	1	0	1	0	1	2	1	1	1
470.7983	1	1	1	0	1	1	0	1	2	1	1	2
470.7984	1	1	1	1	1	2	2	1	2	1	2	1
470.7985	1	1	1	0	1	1	0	1	2	1	1	2
470.7986	1	1	1	0	0	0	1	2	2	0	0	2
470.7987	1	1	1	0	1	1	1	1	2	0	1	2
470.7988	1	1	1	0	1	1	1	1	2	0	1	2
470.7989	1	1	1	0	1	1	1	1	2	0	1	2
470.7990	1	1	1	0	0	1	0	1	2	1	1	2
470.7991	1	1	1	1	1	0	2	1	2	1	1	1
470.7992	1	1	1	0	1	1	1	1	2	0	1	2
470.7993	1	1	1	0	0	1	0	1	2	1	1	2
470.7994	1	1	0	0	0	1	1	2	2	0	1	2
470.7995	1	1	1	0	1	1	1	1	2	0	1	2
470.7996	1	1	1	0	1	1	1	1	2	0	1	2
470.7997	1	1	1	0	0	1	1	0	2	0	2	2
470.7999	1	1	0	0	0	1	1	0	2	1	1	2
470.8000	1	1	1	0	0	1	0	1	2	1	1	2
470.8001	1	1	1	0	0	1	0	1	2	1	1	2
470.8002	1	1	1	0	0	1	0	1	2	1	1	2
470.8003	1	1	1	0	1	1	1	2	2	0	1	2
470.8004	1	1	0	0	0	1	1	0	2	1	1	2
470.8005	1	1	1	0	0	1	0	1	2	1	1	2
470.8006	1	1	1	0	0	1	0	1	2	1	1	2
470.8007	1	0	1	1	1	1	0	0	2	1	1	1
470.8008	1	1	1	1	0	1	0	1	2	1	1	1
470.8010	1	1	1	0	1	1	0	1	2	1	1	2
470.8011	1	1	1	0	1	1	0	1	2	1	1	2
470.8012	1	1	1	0	0	1	1	1	2	0	1	2
470.8013	1	1	0	0	0	1	1	1	2	0	1	2
470.8014	1	1	1	0	1	1	0	1	2	1	1	2
470.8015	1	1	1	2	0	1	1	1	2	1	1	2
470.8016	1	1	1	0	0	1	0	1	2	1	1	2
470.8017	1	1	1	1	0	1	0	1	2	1	1	1
470.8018	1	0	1	0	0	0	0	2	2	0	1	2
470.8019	1	1	1	0	0	1	0	1	2	1	1	2
470.8020	1	1	1	0	1	1	1	1	2	0	1	0
470.8021	1	0	0	0	0	1	0	1	2	1	1	2
470.8022	1	0	1	0	0	0	0	0	2	2	0	2
470.8023	1	1	1	0	0	1	0	1	2	1	1	2
470.8024	1	1	1	1	1	1	1	1	2	1	2	1
470.8028	1	1	0	0	0	0	1	1	2	0	0	2
470.8029	1	1	0	0	1	1	1	1	2	0	1	2
470.8030	1	1	1	0	0	1	0	1	2	1	1	2
470.8031	1	1	1	1	1	2	2	1	2	2	1	1
470.8032	1	0	1	0	0	1	0	2	2	0	1	2
470.8033	1	1	1	0	0	1	0	1	2	1	1	2
470.8034	1	1	1	0	0	1	0	1	2	1	1	2
470.8035	1	1	1	0	1	1	1	1	2	0	1	2
470.8036	1	1	1	0	0	1	0	1	2	1	1	2
470.8037	1	1	1	0	1	1	2	0	2	1	0	2
470.8038	1	1	1	0	0	1	0	1	2	1	1	2
470.8039	1	1	1	0	0	1	0	1	2	2	1	2
470.8040	1	1	1	0	1	1	1	1	2	0	1	2
470.8041	1	1	1	1	1	1	1	1	2	1	2	1
470.8042	1	1	1	1	0	1	0	1	2	1	1	2
470.8043	1	1	1	0	1	1	2	0	2	1	0	2
470.8044	1	1	0	0	1	1	1	1	2	0	1	2
470.8046	1	1	1	0	0	1	0	1	2	1	1	2
470.8047	1	1	1	1	0	1	0	1	2	1	1	1
470.8048	1	1	1	0	1	1	1	1	2	0	1	2
470.8049	1	1	0	0	1	1	1	1	2	0	1	2
470.8050	1	1	1	0	0	1	1	1	2	0	2	2
470.8051	1	1	1	0	1	1	1	1	2	0	1	2
470.8052	1	1	1	0	0	1	0	1	2	1	1	2
470.8053	1	1	1	0	0	1	1	0	2	2	1	2
470.8054	1	1	1	0	0	1	1	1	2	0	2	2
470.8055	1	1	1	0	1	1	1	1	2	0	1	2
470.8056	1	1	1	0	1	1	2	0	2	1	0	2
470.8057	1	1	1	0	1	1	1	1	2	0	1	2
470.8058	1	1	1	0	0	1	1	1	2	0	2	2
470.8059	1	1	1	0	2	2	2	2	2	0	0	2
470.8060	1	1	1	0	0	1	0	1	2	1	1	2
470.8061	1	1	0	0	0	1	0	1	2	1	1	0
470.8062	1	1	1	0	1	1	1	2	2	1	1	0
470.8063	1	1	1	0	1	1	1	1	2	0	1	0
470.8064	1	1	1	0	0	1	1	1	2	0	2	0
470.8065	1	1	1	1	0	1	0	1	2	1	1	1
470.8066	1	1	1	0	1	1	1	2	2	1	1	0
470.8069	1	1	0	0	0	1	0	1	2	1	1	0
470.8070	1	1	0	0	0	1	0	1	2	1	1	0
470.8071	1	1	1	1	1	0	2	1	2	0	1	1
470.8072	1	1	1	1	1	1	1	1	2	0	1	1
470.8073	1	1	1	1	1	1	1	2	2	2	1	1
470.8074	1	1	1	1	1	1	1	1	2	0	1	1
470.8075	1	1	0	1	2	1	1	1	2	0	1	1
470.8076	1	1	1	1	0	1	2	2	2	1	1	1
470.8077	1	1	1	1	0	1	0	1	2	0	1	1
470.8078	1	1	1	1	0	1	0	1	2	0	1	2
470.8079	1	1	1	0	0	1	0	1	2	1	1	0
470.8080	1	1	1	1	1	1	1	1	2	0	1	1
470.8081	1	1	1	0	1	1	1	1	2	1	1	0
470.8082	1	1	2	1	1	1	1	1	2	2	1	1
470.8083	1	1	1	1	2	1	1	1	2	0	1	1
470.8084	1	1	1	0	1	1	1	1	2	0	1	0
470.8085	1	1	1	0	0	1	0	1	2	0	1	0
470.8086	1	1	2	0	1	1	1	1	2	0	1	0
470.8087	1	1	1	1	1	1	1	1	2	1	0	1
470.8088	1	1	1	2	1	1	1	1	2	0	1	1
470.8089	1	1	1	1	1	1	1	1	2	0	1	1
470.8090	1	1	1	1	1	1	2	1	2	1	0	1
470.8091	1	1	1	2	1	1	1	1	2	0	1	1
470.8092	1	1	1	1	1	1	1	1	2	0	1	1
470.8093	1	1	1	1	2	1	0	1	2	1	2	1
470.8094	1	1	0	0	0	1	1	1	2	0	1	2
470.8095	1	0	1	1	0	1	0	1	2	0	1	1
470.8096	1	1	1	2	2	1	1	1	2	0	1	1
470.8097	1	1	1	0	0	1	1	1	2	0	1	1
470.8098	1	1	1	2	1	1	1	1	2	0	1	1
470.8099	1	1	1	2	2	1	1	1	2	0	1	1
470.8100	1	1	1	2	2	1	1	1	2	0	1	1
470.8101	1	1	1	1	0	0	1	2	2	2	1	1
470.8102	1	1	1	0	2	1	1	1	2	0	1	1
470.8103	1	1	1	2	2	1	1	1	2	0	1	1
470.8104	1	1	1	1	1	1	0	1	2	1	1	1
470.8105	1	1	1	2	2	1	1	1	2	0	1	1
470.8106	1	1	1	1	1	1	2	1	2	1	0	1
470.8107	1	1	1	1	0	1	0	1	2	2	1	1
470.8108	1	1	1	1	0	1	0	1	2	1	2	1
470.8112	1	1	2	2	2	1	1	2	2	2	2	2
470.8113	1	1	2	2	2	1	1	2	2	2	2	2
470.8114	1	1	2	2	2	1	1	2	2	2	2	2
470.8116	1	1	2	2	2	1	1	2	2	2	2	2
470.8117	1	1	2	2	2	1	1	2	2	2	2	2
470.8118	1	1	2	2	2	1	1	2	2	2	2	2
470.8120	1	1	2	2	2	1	1	2	2	2	2	2
470.8121	1	1	2	2	2	1	1	2	2	2	2	2
470.8122	1	1	2	2	2	1	1	2	2	2	2	2
470.8123	1	1	2	2	2	1	1	2	2	2	2	2
470.8124	1	1	2	2	2	1	1	2	2	2	2	2
470.8125	1	1	2	2	2	1	1	2	2	2	2	2
470.8126	1	1	2	2	2	1	1	2	2	2	2	2
470.8127	1	1	2	2	2	1	1	2	2	2	2	2
480119.5	1	1	1	1	0	1	0	2	2	2	1	1
48296.111	1	0	2	1	1	2	2	2	2	2	2	1
48296.149	1	1	2	0	1	2	2	2	2	2	2	2
48296.157	1	1	2	1	1	2	2	2	2	2	2	1
48296.161	1	1	2	1	1	2	2	2	2	2	2	1
509173.8	1	1	1	0	1	1	1	2	2	2	1	0
903889.3	1	1	1	0	1	1	1	1	2	2	1	2
903893.3	1	1	0	0	0	1	1	0	2	2	0	2
903894.3	1	1	1	0	2	1	1	1	2	2	1	2
903895.3	1	1	1	1	2	1	2	1	2	2	1	2
903896.3	1	1	1	0	0	1	0	1	2	2	1	2
903897.3	1	1	1	1	1	1	1	1	2	2	1	2
903898.3	1	1	1	0	1	0	1	1	2	2	1	2
903899.3	1	1	1	0	2	1	1	1	2	2	1	2
903901.3	1	0	1	0	0	1	0	2	2	2	1	2
903902.3	1	1	1	0	0	1	1	2	2	2	1	2
903903.3	1	1	1	0	1	1	1	1	2	2	1	2
903904.3	1	1	1	0	1	1	1	1	2	2	1	2
903905.3	1	1	1	2	1	1	1	2	2	2	0	1
903906.3	1	1	1	1	1	1	1	1	2	2	0	1
903909.3	1	1	1	1	1	1	1	1	2	2	2	2
903920.3	1	1	1	0	1	1	1	1	2	2	1	2
903922.3	1	1	0	0	2	1	1	1	2	2	1	2
903923.3	1	1	1	0	0	1	1	1	2	2	1	2
903925.3	1	1	2	0	0	1	1	1	2	2	2	2
903936.3	1	1	1	0	1	1	1	1	2	2	1	2
1398977.3	0	0	0	2	0	0	0	2	2	0	2	2
470.1555	0	1	1	0	2	2	2	2	2	2	2	0
470.1558	0	1	1	0	0	1	1	0	2	1	1	0
470.1559	0	1	1	1	0	1	1	0	2	1	1	2
470.7416	0	0	0	0	0	0	0	0	2	0	0	2
470.7417	0	0	0	0	0	0	0	0	2	0	0	0
470.7427	0	1	1	0	0	1	0	0	2	1	0	0
470.7429	0	1	1	0	0	0	1	0	2	0	1	0
470.7433	0	0	0	0	0	0	0	0	2	0	0	0
470.7438	0	0	1	0	0	0	0	0	2	0	1	0
470.7445	0	1	1	0	0	1	1	0	2	0	1	0
470.7456	0	0	0	0	0	0	0	0	2	0	0	0
470.7457	0	0	0	0	0	0	0	0	2	0	0	0
470.7458	0	0	1	0	0	0	0	0	2	0	0	0
470.7471	0	0	0	0	0	0	0	0	2	0	0	0
470.7472	0	0	0	0	0	0	0	0	2	0	0	0
470.7477	0	0	0	0	0	2	0	0	2	0	0	0
470.7478	0	0	0	0	0	0	0	0	2	0	0	0
470.7488	0	0	0	0	0	0	0	0	2	0	0	0
470.7497	0	0	0	0	0	0	0	0	2	0	0	0
470.7508	0	0	0	0	0	0	0	0	2	0	0	0
470.7509	0	0	0	0	0	0	0	0	2	0	0	0
470.7512	0	0	1	0	0	0	0	2	2	0	0	0
470.7513	0	0	0	0	0	0	0	0	2	0	0	0
470.7517	0	0	0	0	0	0	0	0	2	0	0	0
470.7519	0	0	0	0	0	0	0	0	2	0	0	0
470.7522	0	0	0	0	0	0	0	0	2	0	0	0
470.7523	0	0	0	0	0	0	0	0	2	0	0	0
470.7524	0	0	0	0	0	2	0	0	2	0	0	0
470.7528	0	1	1	0	0	1	1	0	2	2	2	0
470.7530	0	1	1	2	0	1	1	0	2	0	0	0
470.7533	0	0	0	0	0	0	0	0	2	0	0	0
470.7540	0	1	1	0	0	0	1	0	2	0	1	0
470.7542	0	2	0	0	0	0	0	0	2	0	0	0
470.7546	0	0	0	0	0	0	0	0	2	0	0	0
470.7547	0	0	0	0	0	0	0	0	2	0	2	0
470.7552	0	0	0	0	0	0	0	0	2	0	2	0
470.7553	0	1	0	0	0	0	1	0	2	0	1	0
470.7556	0	1	1	0	1	0	1	0	2	0	1	0
470.7557	0	0	0	0	0	0	0	0	2	0	0	0
470.7559	0	0	0	0	0	0	0	0	2	0	0	0
470.7560	0	0	0	0	0	0	0	0	2	0	0	0
470.7565	0	1	1	0	0	1	0	0	2	1	0	0
470.7571	0	0	0	0	0	0	0	0	2	0	0	0
470.7576	0	0	0	0	0	0	0	0	2	0	2	0
470.7577	0	0	0	0	0	0	0	0	2	0	0	0
470.7583	0	0	1	0	0	0	0	0	2	0	0	0
470.7592	0	1	0	0	0	0	1	0	2	0	1	2
470.7594	0	1	0	0	0	0	1	0	2	0	1	2
470.7598	0	1	1	0	0	0	1	0	2	0	0	2
470.7600	0	1	1	2	0	2	2	0	2	0	1	2
470.7605	0	0	1	0	0	0	0	0	2	0	0	2
470.7613	0	1	1	0	0	2	1	0	2	0	1	2
470.7615	0	1	1	0	0	2	1	0	2	0	0	2
470.7616	0	0	0	0	0	0	0	0	2	0	0	2
470.7633	0	1	0	0	0	0	1	0	2	0	0	2
470.7635	0	0	0	0	0	0	0	0	2	0	0	2
470.7636	0	0	0	0	0	0	0	0	2	0	0	2
470.7660	0	1	1	0	0	1	1	0	2	2	0	2
470.7661	0	1	1	0	0	1	1	0	2	0	1	2
470.7666	0	1	1	0	0	0	1	0	2	0	2	2
470.7674	0	1	1	0	0	1	1	0	2	0	1	2
470.7675	0	1	1	1	2	2	2	0	2	0	1	2
470.7681	0	1	1	1	0	0	2	0	2	0	1	2
470.7684	0	0	1	0	0	2	0	0	2	1	0	2
470.7736	0	0	0	0	0	0	0	0	2	0	0	2
470.7741	0	0	0	0	0	0	0	0	2	0	0	2
470.7758	0	0	0	0	0	0	0	0	2	0	0	2
470.7769	0	0	0	0	0	0	0	0	2	0	0	2
470.7770	0	0	0	0	0	0	0	0	2	0	0	2
470.7771	0	0	0	0	0	0	0	0	2	0	0	0
470.7772	0	0	0	0	0	0	0	0	2	0	0	2
470.7777	0	1	1	0	0	0	1	0	2	0	1	2
470.7791	0	0	0	0	0	0	0	0	2	0	0	2
470.7840	0	0	1	0	0	0	0	0	2	0	0	2
470.7846	0	0	1	0	0	0	0	0	2	0	0	2
470.7854	0	0	1	0	0	0	0	0	2	0	1	0
470.7859	0	1	1	0	0	1	1	0	2	0	2	2
470.7865	0	0	0	0	0	0	0	0	2	0	0	2
470.7872	0	1	1	0	0	0	1	0	2	0	0	2
470.7876	0	0	0	0	0	0	0	0	2	0	0	2
470.7885	0	1	1	0	0	0	1	0	2	0	1	2
470.7887	0	0	0	0	0	0	0	0	2	0	0	2
470.7922	0	0	0	0	0	0	0	0	2	0	0	2
470.7930	0	0	0	0	0	0	0	0	2	0	0	2
470.7947	0	0	0	0	0	0	0	0	2	0	0	2
470.7955	0	0	0	0	0	0	0	0	2	0	0	2
470.7963	0	1	1	0	0	0	1	0	2	0	0	2
470.7975	0	0	0	0	0	0	0	0	2	0	0	0
470.7976	0	0	0	0	0	0	0	0	2	0	0	2
470.8009	0	0	0	0	0	0	0	0	2	0	0	2
470.8025	0	0	0	0	0	0	0	0	2	0	0	2
470.8026	0	0	0	0	0	0	0	0	2	0	0	2
470.8027	0	0	0	0	0	0	0	0	2	0	0	2
470.8045	0	0	0	0	0	2	0	0	2	0	0	2
470.8067	0	1	1	0	1	1	1	0	2	0	0	0
470.8068	0	1	1	0	1	1	1	0	2	0	0	2
471.57	0	0	0	2	2	0	0	0	2	2	0	0
48296.102	0	0	2	1	0	2	2	2	2	2	2	1
48296.104	0	0	2	1	0	2	2	2	2	2	2	2
48296.110	0	0	2	0	0	2	2	2	2	2	2	0
48296.114	0	1	2	1	0	2	2	2	2	2	2	2
48296.117	0	0	2	0	0	2	2	2	2	2	2	0
48296.118	0	0	2	1	1	2	2	2	2	2	2	1
48296.121	0	0	2	0	0	2	2	2	2	2	2	0
48296.127	0	1	2	1	1	2	2	2	2	2	2	1
48296.132	0	0	2	0	0	2	2	2	2	2	2	0
48296.133	0	0	2	0	0	2	2	2	2	2	2	0
48296.134	0	0	2	0	0	2	2	2	2	2	2	0
48296.135	0	0	2	0	0	2	2	2	2	2	2	0
48296.136	0	0	2	1	0	2	2	2	2	2	2	1
48296.137	0	1	2	1	1	2	2	2	2	2	2	2
48296.138	0	0	2	1	0	2	2	2	2	2	2	1
48296.139	0	0	2	1	0	2	2	2	2	2	2	1
48296.140	0	0	2	1	0	2	2	2	2	2	2	1
48296.141	0	0	2	1	1	2	2	2	2	2	2	1
48296.142	0	0	2	0	0	2	2	2	2	2	2	0
48296.143	0	1	2	1	0	2	2	2	2	2	2	1
48296.144	0	0	2	0	0	2	2	2	2	2	2	0
48296.145	0	1	2	2	1	2	2	2	2	2	2	2
48296.146	0	1	2	1	1	2	2	2	2	2	2	1
48296.147	0	1	2	1	0	2	2	2	2	2	2	1
48296.148	0	0	2	0	0	2	2	2	2	2	2	0
48296.151	0	0	2	1	0	2	2	2	2	2	2	1
48296.152	0	0	2	1	0	2	2	2	2	2	2	1
48296.153	0	0	2	0	0	2	2	2	2	2	2	0
48296.154	0	0	2	0	0	2	2	2	2	2	2	0
48296.155	0	0	2	0	0	2	2	2	2	2	2	0
48296.156	0	0	2	0	0	2	2	2	2	2	2	0
48296.159	0	0	2	1	1	2	2	2	2	2	2	1
48296.160	0	0	2	1	1	2	2	2	2	2	2	2
903908.3	0	0	0	0	0	0	0	0	2	2	0	2
903913.3	0	1	1	0	0	1	1	0	2	2	2	0
903915.3	0	0	2	0	0	0	0	0	2	2	2	2
903917.3	0	0	2	0	0	0	0	0	2	2	2	2
903918.3	0	0	2	0	0	0	0	0	2	2	2	0
903919.3	0	0	2	0	0	0	0	0	2	2	2	2
903921.3	0	0	0	2	0	2	0	0	2	2	0	2
903927.3	0	1	1	1	0	1	2	0	2	2	0	2
903931.3	0	0	2	1	0	1	0	0	2	2	2	2
106654.148	2	1	0	2	2	2	2	2	2	2	2	0
470.1752	2	1	2	1	1	1	1	2	2	2	1	1
470.1759	2	1	2	2	1	1	2	2	2	2	1	2
470.7453	2	1	1	0	0	1	0	0	2	0	0	0
470.7470	2	1	1	0	0	2	1	0	2	0	0	0
470.7624	2	1	1	0	0	1	1	0	2	0	0	2
470.7998	2	1	1	0	0	1	1	0	2	2	0	2
470.7510	2	0	0	0	0	2	0	0	2	0	0	0
470.7558	2	0	1	0	0	0	0	0	2	0	1	0
470.7937	2	0	0	0	0	0	0	0	2	0	2	2
903945.3	2	0	2	0	0	1	0	0	2	2	2	2
903916.3	2	2	0	0	0	0	0	0	2	2	2	0
1096996.4	2	2	2	1	2	2	2	2	2	2	2	2
1096997.4	2	2	2	1	2	2	2	2	2	2	2	2
1310554.3	2	2	2	1	2	2	2	2	1	2	2	2
1310555.3	2	2	2	1	2	2	2	2	1	2	2	2
1310556.3	2	2	2	1	2	2	2	2	1	2	2	2
1310557.3	2	2	2	1	2	2	2	2	1	2	2	2
1310558.3	2	2	2	1	2	2	2	2	1	2	2	2
1310559.3	2	2	2	1	2	2	2	2	1	2	2	2
1310560.3	2	2	2	1	2	2	2	2	1	2	2	2
1310561.3	2	2	2	1	2	2	2	2	1	2	2	2
1310564.3	2	2	2	1	2	2	2	2	1	2	2	2
1310567.3	2	2	2	1	2	2	2	2	1	2	2	2
1310568.3	2	2	2	1	2	2	2	2	1	2	2	2
1310569.3	2	2	2	1	2	2	2	2	1	2	2	2
1310570.3	2	2	2	1	2	2	2	2	1	2	2	2
1310571.3	2	2	2	1	2	2	2	2	1	2	2	2
1310572.3	2	2	2	1	2	2	2	2	1	2	2	2
1310573.3	2	2	2	1	2	2	2	2	1	2	2	2
1310574.3	2	2	2	1	2	2	2	2	2	2	2	2
1310575.3	2	2	2	1	2	2	2	2	1	2	2	2
1310577.3	2	2	2	1	2	2	2	2	1	2	2	2
1310578.3	2	2	2	1	2	2	2	2	1	2	2	2
1310579.3	2	2	2	1	2	2	2	2	1	2	2	2
1310580.3	2	2	2	1	2	2	2	2	1	2	2	2
1310584.3	2	2	2	1	2	2	2	2	1	2	2	2
1310585.3	2	2	2	1	2	2	2	2	1	2	2	2
1310586.3	2	2	2	1	2	2	2	2	1	2	2	2
1310587.3	2	2	2	1	2	2	2	2	1	2	2	2
1310588.3	2	2	2	1	2	2	2	2	1	2	2	2
1310589.3	2	2	2	1	2	2	2	2	2	2	2	2
1310591.3	2	2	2	1	2	2	2	2	1	2	2	2
1310592.3	2	2	2	1	2	2	2	2	1	2	2	2
1310593.3	2	2	2	1	2	2	2	2	2	2	2	2
1310595.3	2	2	2	1	2	2	2	2	1	2	2	2
1310596.3	2	2	2	1	2	2	2	2	1	2	2	2
1310597.3	2	2	2	1	2	2	2	2	1	2	2	2
1310598.4	2	2	2	1	2	2	2	2	2	2	2	2
1310600.3	2	2	2	1	2	2	2	2	1	2	2	2
1310602.3	2	2	2	1	2	2	2	2	1	2	2	2
1310610.3	2	2	2	1	2	2	2	2	1	2	2	2
1310614.3	2	2	2	1	2	2	2	2	1	2	2	2
1310616.3	2	2	2	1	2	2	2	2	1	2	2	2
1310617.3	2	2	2	1	2	2	2	2	1	2	2	2
1310620.3	2	2	2	1	2	2	2	2	1	2	2	2
1310624.3	2	2	2	1	2	2	2	2	1	2	2	2
1310625.3	2	2	2	1	2	2	2	2	1	2	2	2
1310627.3	2	2	2	1	2	2	2	2	1	2	2	2
1310629.3	2	2	2	1	2	2	2	2	1	2	2	2
1310631.3	2	2	2	1	2	2	2	2	1	2	2	2
1310633.3	2	2	2	1	2	2	2	2	1	2	2	2
1310644.3	2	2	2	1	2	2	2	2	1	2	2	2
1310646.3	2	2	2	1	2	2	2	2	1	2	2	2
1310648.4	2	2	2	1	2	2	2	2	2	2	2	2
1310649.3	2	2	2	1	2	2	2	2	1	2	2	2
1310650.3	2	2	2	1	2	2	2	2	1	2	2	2
1310653.3	2	2	2	1	2	2	2	2	1	2	2	2
1310656.3	2	2	2	1	2	2	2	2	1	2	2	2
1310663.3	2	2	2	1	2	2	2	2	1	2	2	2
1310666.3	2	2	2	1	2	2	2	2	1	2	2	2
1310668.3	2	2	2	1	2	2	2	2	1	2	2	2
1310673.3	2	2	2	1	2	2	2	2	1	2	2	2
1310675.3	2	2	2	1	2	2	2	2	1	2	2	2
1310676.3	2	2	2	1	2	2	2	2	1	2	2	2
1310686.3	2	2	2	1	2	2	2	2	1	2	2	2
1310691.3	2	2	2	1	2	2	2	2	1	2	2	2
1310698.3	2	2	2	1	2	2	2	2	1	2	2	2
1310699.3	2	2	2	1	2	2	2	2	1	2	2	2
1310708.3	2	2	2	1	2	2	2	2	1	2	2	2
1310709.3	2	2	2	1	2	2	2	2	1	2	2	2
1310712.3	2	2	2	1	2	2	2	2	1	2	2	2
1310713.3	2	2	2	1	2	2	2	2	1	2	2	2
1310716.3	2	2	2	1	2	2	2	2	1	2	2	2
1310717.3	2	2	2	1	2	2	2	2	1	2	2	2
1310718.3	2	2	2	1	2	2	2	2	1	2	2	2
1310720.3	2	2	2	1	2	2	2	2	1	2	2	2
1310721.3	2	2	2	1	2	2	2	2	1	2	2	2
1310725.3	2	2	2	1	2	2	2	2	1	2	2	2
1310727.3	2	2	2	1	2	2	2	2	1	2	2	2
1310729.3	2	2	2	1	2	2	2	2	1	2	2	2
1310730.3	2	2	2	1	2	2	2	2	1	2	2	2
1310731.3	2	2	2	1	2	2	2	2	1	2	2	2
1310732.3	2	2	2	1	2	2	2	2	1	2	2	2
1310735.3	2	2	2	1	2	2	2	2	1	2	2	2
1310737.3	2	2	2	1	2	2	2	2	1	2	2	2
1310738.3	2	2	2	1	2	2	2	2	1	2	2	2
1310739.3	2	2	2	1	2	2	2	2	1	2	2	2
1310740.3	2	2	2	1	2	2	2	2	1	2	2	2
1310741.3	2	2	2	1	2	2	2	2	1	2	2	2
1310742.3	2	2	2	1	2	2	2	2	1	2	2	2
1310743.3	2	2	2	1	2	2	2	2	1	2	2	2
1310744.3	2	2	2	1	2	2	2	2	1	2	2	2
1310745.3	2	2	2	1	2	2	2	2	1	2	2	2
1310746.3	2	2	2	1	2	2	2	2	1	2	2	2
1310747.3	2	2	2	1	2	2	2	2	1	2	2	2
1310749.3	2	2	2	1	2	2	2	2	1	2	2	2
1310751.3	2	2	2	1	2	2	2	2	1	2	2	2
1310753.3	2	2	2	1	2	2	2	2	1	2	2	2
1310754.3	2	2	2	1	2	2	2	2	1	2	2	2
1310755.3	2	2	2	1	2	2	2	2	1	2	2	2
1310757.3	2	2	2	1	2	2	2	2	1	2	2	2
1310758.3	2	2	2	1	2	2	2	2	1	2	2	2
1310760.3	2	2	2	1	2	2	2	2	1	2	2	2
1310763.3	2	2	2	1	2	2	2	2	1	2	2	2
1310765.3	2	2	2	1	2	2	2	2	1	2	2	2
1310767.3	2	2	2	1	2	2	2	2	1	2	2	2
1310768.3	2	2	2	1	2	2	2	2	1	2	2	2
1310769.3	2	2	2	1	2	2	2	2	2	2	2	2
1310771.3	2	2	2	1	2	2	2	2	1	2	2	2
1310774.3	2	2	2	1	2	2	2	2	1	2	2	2
1310775.3	2	2	2	1	2	2	2	2	1	2	2	2
1310776.3	2	2	2	1	2	2	2	2	1	2	2	2
1310777.3	2	2	2	1	2	2	2	2	2	2	2	2
1310780.3	2	2	2	1	2	2	2	2	1	2	2	2
1310782.3	2	2	2	1	2	2	2	2	1	2	2	2
1310783.3	2	2	2	1	2	2	2	2	1	2	2	2
1310785.3	2	2	2	1	2	2	2	2	1	2	2	2
1310792.3	2	2	2	1	2	2	2	2	1	2	2	2
1310794.3	2	2	2	1	2	2	2	2	1	2	2	2
1310796.3	2	2	2	1	2	2	2	2	1	2	2	2
1310798.3	2	2	2	1	2	2	2	2	1	2	2	2
1310799.3	2	2	2	1	2	2	2	2	1	2	2	2
1310805.3	2	2	2	1	2	2	2	2	1	2	2	2
1310806.3	2	2	2	1	2	2	2	2	1	2	2	2
1310808.3	2	2	2	1	2	2	2	2	1	2	2	2
1310809.3	2	2	2	1	2	2	2	2	1	2	2	2
1310810.3	2	2	2	1	2	2	2	2	1	2	2	2
1310811.3	2	2	2	1	2	2	2	2	1	2	2	2
1310813.3	2	2	2	1	2	2	2	2	1	2	2	2
1310815.3	2	2	2	1	2	2	2	2	1	2	2	2
1310825.3	2	2	2	1	2	2	2	2	1	2	2	2
1310826.3	2	2	2	1	2	2	2	2	1	2	2	2
1310828.3	2	2	2	1	2	2	2	2	2	2	2	2
470.3996	2	2	2	1	2	2	2	2	2	2	2	2
470.3997	2	2	2	1	2	2	2	2	2	2	2	2
470.3998	2	2	2	1	2	2	2	2	2	2	2	2
470.3999	2	2	2	1	2	2	2	2	2	2	2	2
470.4000	2	2	2	1	2	2	2	2	2	2	2	2
470.4001	2	2	2	1	2	2	2	2	2	2	2	2
470.4002	2	2	2	1	2	2	2	2	2	2	2	2
470.4003	2	2	2	1	2	2	2	2	2	2	2	2
470.4004	2	2	2	1	2	2	2	2	2	2	2	2
470.4005	2	2	2	1	2	2	2	2	2	2	2	2
470.4006	2	2	2	1	2	2	2	2	2	2	2	2
470.4007	2	2	2	1	2	2	2	2	2	2	2	2
470.4008	2	2	2	1	2	2	2	2	2	2	2	2
470.4009	2	2	2	1	2	2	2	2	2	2	2	2
470.4010	2	2	2	1	2	2	2	2	2	2	2	2
470.4011	2	2	2	1	2	2	2	2	2	2	2	2
470.4012	2	2	2	1	2	2	2	2	2	2	2	2
470.4013	2	2	2	1	2	2	2	2	2	2	2	2
470.4014	2	2	2	1	2	2	2	2	2	2	2	2
470.4015	2	2	2	1	2	2	2	2	2	2	2	2
470.4016	2	2	2	1	2	2	2	2	2	2	2	2
470.4017	2	2	2	1	2	2	2	2	2	2	2	2
470.4063	2	2	2	1	2	2	2	2	2	2	2	2
470.4064	2	2	2	1	2	2	2	2	2	2	2	2
470.4065	2	2	2	1	2	2	2	2	2	2	2	2
470.4066	2	2	2	1	2	2	2	2	2	2	2	2
470.8109	2	2	2	1	2	2	2	2	2	2	2	2
48296.119	2	2	2	1	1	2	2	2	2	2	2	2
497978.4	2	2	2	1	2	2	2	2	2	2	2	2
696749.3	2	2	2	1	2	2	2	2	2	2	2	2
710094.4	2	2	2	1	2	2	2	2	2	2	2	2
710096.4	2	2	2	1	2	2	2	2	2	2	2	2
886888.3	2	2	2	1	2	2	2	2	2	2	2	2
886889.3	2	2	2	1	2	2	2	2	2	2	2	2
889738.3	2	2	2	1	2	2	2	2	2	2	2	2
933263.3	2	2	2	1	2	2	2	2	2	2	2	2
933264.3	2	2	2	1	2	2	2	2	2	2	2	2
980514.3	2	2	2	1	2	2	2	2	2	2	2	2
1310562.3	2	2	2	0	2	2	2	2	2	2	2	2
1310563.3	2	2	2	0	2	2	2	2	0	2	2	2
1310581.3	2	2	2	0	2	2	2	2	0	2	2	2
1310582.3	2	2	2	0	2	2	2	2	2	2	2	2
1310583.3	2	2	2	0	2	2	2	2	0	2	2	2
1310590.3	2	2	2	0	2	2	2	2	0	2	2	2
1310599.3	2	2	2	0	2	2	2	2	0	2	2	2
1310601.3	2	2	2	0	2	2	2	2	0	2	2	2
1310603.3	2	2	2	0	2	2	2	2	0	2	2	2
1310604.3	2	2	2	0	2	2	2	2	0	2	2	2
1310605.3	2	2	2	0	2	2	2	2	0	2	2	2
1310606.3	2	2	2	0	2	2	2	2	0	2	2	2
1310607.3	2	2	2	0	2	2	2	2	0	2	2	2
1310608.3	2	2	2	0	2	2	2	2	0	2	2	2
1310609.3	2	2	2	0	2	2	2	2	0	2	2	2
1310611.3	2	2	2	0	2	2	2	2	0	2	2	2
1310613.3	2	2	2	0	2	2	2	2	0	2	2	2
1310615.3	2	2	2	0	2	2	2	2	0	2	2	2
1310618.3	2	2	2	0	2	2	2	2	0	2	2	2
1310619.3	2	2	2	0	2	2	2	2	0	2	2	2
1310621.3	2	2	2	0	2	2	2	2	0	2	2	2
1310622.6	2	2	2	0	2	2	2	2	0	2	2	2
1310623.3	2	2	2	0	2	2	2	2	0	2	2	2
1310626.3	2	2	2	0	2	2	2	2	0	2	2	2
1310628.3	2	2	2	0	2	2	2	2	0	2	2	2
1310630.3	2	2	2	0	2	2	2	2	0	2	2	2
1310634.3	2	2	2	0	2	2	2	2	0	2	2	2
1310636.3	2	2	2	0	2	2	2	2	0	2	2	2
1310637.3	2	2	2	0	2	2	2	2	0	2	2	2
1310638.3	2	2	2	0	2	2	2	2	0	2	2	2
1310639.3	2	2	2	0	2	2	2	2	0	2	2	2
1310640.3	2	2	2	0	2	2	2	2	0	2	2	2
1310641.3	2	2	2	0	2	2	2	2	0	2	2	2
1310642.3	2	2	2	0	2	2	2	2	0	2	2	2
1310643.3	2	2	2	0	2	2	2	2	0	2	2	2
1310645.3	2	2	2	0	2	2	2	2	0	2	2	2
1310647.3	2	2	2	0	2	2	2	2	0	2	2	2
1310651.3	2	2	2	0	2	2	2	2	0	2	2	2
1310652.3	2	2	2	0	2	2	2	2	0	2	2	2
1310654.3	2	2	2	0	2	2	2	2	0	2	2	2
1310655.3	2	2	2	0	2	2	2	2	0	2	2	2
1310657.3	2	2	2	0	2	2	2	2	0	2	2	2
1310659.3	2	2	2	0	2	2	2	2	0	2	2	2
1310660.3	2	2	2	0	2	2	2	2	0	2	2	2
1310661.3	2	2	2	0	2	2	2	2	0	2	2	2
1310662.3	2	2	2	0	2	2	2	2	0	2	2	2
1310665.3	2	2	2	0	2	2	2	2	0	2	2	2
1310669.3	2	2	2	0	2	2	2	2	0	2	2	2
1310670.3	2	2	2	0	2	2	2	2	0	2	2	2
1310672.3	2	2	2	0	2	2	2	2	0	2	2	2
1310674.3	2	2	2	0	2	2	2	2	0	2	2	2
1310677.3	2	2	2	0	2	2	2	2	0	2	2	2
1310679.3	2	2	2	0	2	2	2	2	0	2	2	2
1310680.3	2	2	2	0	2	2	2	2	0	2	2	2
1310681.3	2	2	2	0	2	2	2	2	0	2	2	2
1310683.3	2	2	2	0	2	2	2	2	0	2	2	2
1310684.3	2	2	2	0	2	2	2	2	0	2	2	2
1310685.3	2	2	2	0	2	2	2	2	0	2	2	2
1310688.3	2	2	2	0	2	2	2	2	0	2	2	2
1310689.3	2	2	2	0	2	2	2	2	0	2	2	2
1310692.3	2	2	2	0	2	2	2	2	0	2	2	2
1310693.4	2	2	2	0	2	2	2	2	2	2	2	2
1310694.3	2	2	2	0	2	2	2	2	0	2	2	2
1310695.3	2	2	2	0	2	2	2	2	0	2	2	2
1310696.88	2	2	2	0	2	2	2	2	2	2	2	2
1310697.3	2	2	2	0	2	2	2	2	0	2	2	2
1310700.3	2	2	2	0	2	2	2	2	0	2	2	2
1310701.3	2	2	2	0	2	2	2	2	0	2	2	2
1310702.3	2	2	2	0	2	2	2	2	0	2	2	2
1310703.3	2	2	2	0	2	2	2	2	0	2	2	2
1310705.3	2	2	2	0	2	2	2	2	0	2	2	2
1310706.3	2	2	2	0	2	2	2	2	0	2	2	2
1310707.3	2	2	2	0	2	2	2	2	0	2	2	2
1310710.3	2	2	2	0	2	2	2	2	0	2	2	2
1310711.3	2	2	2	0	2	2	2	2	0	2	2	2
1310719.3	2	2	2	0	2	2	2	2	0	2	2	2
1310722.3	2	2	2	0	2	2	2	2	0	2	2	2
1310723.3	2	2	2	0	2	2	2	2	0	2	2	2
1310724.3	2	2	2	0	2	2	2	2	0	2	2	2
1310728.3	2	2	2	0	2	2	2	2	0	2	2	2
1310733.4	2	2	2	0	2	2	2	2	2	2	2	2
1310734.3	2	2	2	0	2	2	2	2	0	2	2	2
1310736.3	2	2	2	0	2	2	2	2	0	2	2	2
1310748.3	2	2	2	0	2	2	2	2	0	2	2	2
1310750.3	2	2	2	0	2	2	2	2	0	2	2	2
1310752.3	2	2	2	0	2	2	2	2	0	2	2	2
1310756.3	2	2	2	0	2	2	2	2	0	2	2	2
1310759.3	2	2	2	0	2	2	2	2	0	2	2	2
1310761.3	2	2	2	0	2	2	2	2	0	2	2	2
1310762.3	2	2	2	0	2	2	2	2	0	2	2	2
1310764.3	2	2	2	0	2	2	2	2	0	2	2	2
1310770.3	2	2	2	0	2	2	2	2	0	2	2	2
1310772.3	2	2	2	0	2	2	2	2	0	2	2	2
1310773.3	2	2	2	0	2	2	2	2	0	2	2	2
1310778.3	2	2	2	0	2	2	2	2	0	2	2	2
1310779.3	2	2	2	0	2	2	2	2	0	2	2	2
1310781.3	2	2	2	0	2	2	2	2	0	2	2	2
1310784.3	2	2	2	0	2	2	2	2	0	2	2	2
1310786.3	2	2	2	0	2	2	2	2	0	2	2	2
1310787.3	2	2	2	0	2	2	2	2	0	2	2	2
1310788.3	2	2	2	0	2	2	2	2	0	2	2	2
1310789.3	2	2	2	0	2	2	2	2	0	2	2	2
1310790.3	2	2	2	0	2	2	2	2	0	2	2	2
1310791.3	2	2	2	0	2	2	2	2	0	2	2	2
1310793.3	2	2	2	0	2	2	2	2	0	2	2	2
1310795.3	2	2	2	0	2	2	2	2	0	2	2	2
1310797.3	2	2	2	0	2	2	2	2	0	2	2	2
1310800.122	2	2	2	0	2	2	2	2	2	2	2	2
1310801.3	2	2	2	0	2	2	2	2	0	2	2	2
1310802.3	2	2	2	0	2	2	2	2	0	2	2	2
1310807.3	2	2	2	0	2	2	2	2	0	2	2	2
1310812.3	2	2	2	0	2	2	2	2	0	2	2	2
1310816.3	2	2	2	0	2	2	2	2	0	2	2	2
1310818.3	2	2	2	0	2	2	2	2	0	2	2	2
1310820.3	2	2	2	0	2	2	2	2	0	2	2	2
1310824.3	2	2	2	0	2	2	2	2	0	2	2	2
1310827.3	2	2	2	0	2	2	2	2	2	2	2	2
1310830.3	2	2	2	0	2	2	2	2	2	2	2	2
1310831.3	2	2	2	0	2	2	2	2	2	2	2	2
1310833.3	2	2	2	0	2	2	2	2	2	2	2	2
1310834.3	2	2	2	0	2	2	2	2	2	2	2	2
470.7422	2	2	2	0	2	2	2	2	2	2	2	0
470.663	2	2	2	2	1	2	2	2	2	2	2	2
470.723	2	2	2	2	1	2	2	2	2	2	2	2
470.1760	2	2	2	2	2	2	1	2	2	2	1	2
470.775	2	2	2	2	2	2	2	2	2	2	1	2
