	chloramphenicol	erythromycin	penicillin	trimethoprim_sulfamethoxazole	tetracycline
1313.17170	1	1	0	1	1
1313.17229	1	0	0	0	1
1313.17294	1	1	2	1	1
1313.5430	1	2	2	2	2
1313.5461	1	1	2	2	1
1313.5465	1	1	1	2	1
1313.5466	1	1	2	2	1
1313.5487	1	1	2	2	1
1313.5503	1	1	1	2	0
1313.5529	1	1	2	2	1
1313.5558	1	0	1	2	1
1313.5560	1	1	2	2	1
1313.5572	1	1	1	2	1
1313.5574	1	1	2	2	1
1313.5586	1	1	1	2	1
1313.5588	1	1	2	2	2
1313.5613	1	1	2	2	0
1313.5621	1	1	2	2	1
1313.5624	1	1	2	2	1
1313.5634	1	1	1	2	1
1313.5645	1	1	1	2	1
1313.5662	1	1	2	2	1
1313.5676	1	2	1	2	1
1313.5683	1	1	2	2	1
1313.5685	1	1	2	2	1
1313.5691	1	1	2	2	1
1313.5695	1	1	2	2	1
1313.5707	1	1	2	2	1
1313.5722	1	1	2	2	1
1313.5723	1	1	1	2	0
1313.5729	1	1	1	2	1
1313.5746	1	1	1	2	1
1313.5759	1	1	2	2	1
1313.5766	1	2	2	2	2
1313.5770	1	1	2	2	1
1313.5796	1	1	2	2	1
1313.5838	1	1	2	2	1
1313.5846	1	1	2	2	1
1313.5865	1	0	1	2	1
1313.5870	1	1	2	2	1
1313.5875	1	1	1	2	1
1313.5876	1	1	2	2	1
1313.5900	1	2	2	2	2
1313.5902	1	1	2	2	1
1313.5910	1	1	2	2	1
1313.5947	1	1	2	2	1
1313.5956	1	1	2	2	1
1313.5960	1	1	2	2	1
1313.5982	1	1	2	2	1
1313.5984	1	1	2	2	1
1313.5989	1	1	2	2	1
1313.6002	1	1	1	2	1
1313.6007	1	1	2	2	1
1313.6043	1	1	2	2	1
1313.6068	1	1	1	2	1
1313.6073	1	1	2	2	1
1313.6081	1	1	2	2	1
1313.6084	1	1	2	2	1
1313.6092	1	1	2	2	1
1313.6119	1	1	2	2	1
1313.6121	1	1	2	2	1
1313.6127	1	1	2	2	1
1313.6154	1	0	1	2	1
1313.6155	1	1	2	2	1
1313.6163	1	0	1	2	0
1313.6175	1	1	2	2	1
1313.6178	1	1	2	2	1
1313.6197	1	0	1	2	1
1313.6201	1	1	2	2	1
1313.6212	1	1	1	2	1
1313.6213	1	2	2	2	2
1313.6228	1	1	2	2	1
1313.6230	1	1	2	2	1
1313.6239	1	0	2	2	1
1313.6273	1	1	2	2	1
1313.6279	1	1	2	2	1
1313.6298	1	1	2	2	1
1313.6303	1	1	2	2	1
1313.6308	1	1	2	2	1
1313.6313	1	1	2	2	1
1313.6326	1	1	2	2	1
1313.6344	1	1	2	2	1
1313.6351	1	1	2	2	1
1313.6354	1	0	1	2	1
1313.6377	1	0	1	2	1
1313.6401	1	1	2	2	1
1313.6447	1	1	2	2	1
1313.6455	1	1	2	2	1
1313.6492	1	1	2	2	1
1313.6678	1	1	2	2	1
1313.6682	1	2	2	2	2
1313.6700	1	1	2	2	1
1313.6705	1	2	2	2	2
1313.6708	1	1	2	2	1
1313.6710	1	1	2	2	1
1313.6711	1	1	2	2	1
1313.6713	1	1	2	2	1
1313.6714	1	1	2	2	1
1313.6715	1	1	2	2	1
1313.6716	1	1	2	2	1
1313.6717	1	1	2	2	1
1313.6718	1	1	2	2	1
1313.6720	1	1	2	2	0
1313.6725	1	1	1	2	1
1313.6728	1	1	1	2	1
1313.6741	1	0	1	2	1
1313.6760	1	0	1	2	0
1313.6761	1	0	1	2	0
1313.6762	1	1	1	2	0
1313.6769	1	0	1	2	1
1313.6867	1	1	2	2	1
1313.7156	1	1	2	2	1
1313.9751	1	1	2	2	2
1313.9755	1	1	2	2	1
1313.9756	1	1	2	2	1
1313.9758	1	1	2	2	1
1313.9759	1	1	2	2	1
1313.9760	1	1	2	2	1
1313.9764	1	0	2	2	1
1313.9767	1	0	2	2	1
1313.9768	1	0	2	2	1
1313.9769	1	0	2	2	1
1313.9770	1	0	2	2	1
1313.9775	1	0	2	2	1
1313.9824	1	0	2	2	1
1313.9825	1	0	2	2	1
1313.9827	1	0	2	2	1
1313.9839	1	0	2	2	1
1313.9845	1	0	2	2	1
1313.9851	1	1	2	2	1
1313.9853	1	1	2	2	1
1313.9867	1	0	2	2	1
1313.9936	1	1	2	2	2
1313.9941	1	0	2	2	1
1313.9942	1	0	2	2	1
1313.9943	1	0	2	2	1
1313.9944	1	1	2	2	1
1313.9945	1	1	2	2	0
1313.9946	1	1	2	2	1
760763.3	1	1	1	1	1
760765.3	1	1	1	1	1
760770.3	1	1	2	1	1
760772.3	1	1	0	0	1
760798.3	1	1	0	0	1
760806.3	1	1	0	0	1
760814.3	1	1	2	1	1
760823.3	1	1	1	1	1
760839.3	1	1	2	2	1
760842.3	1	1	0	0	1
760844.3	1	1	1	1	1
760887.3	1	1	1	0	0
760888.3	1	0	0	0	0
1069623.3	0	1	1	1	0
1069624.3	0	1	1	1	0
1069625.3	0	1	1	0	0
1069626.3	0	1	1	2	1
1069627.3	0	1	2	1	0
1069628.3	0	1	1	1	1
1105115.3	0	1	2	0	0
1105116.3	0	1	1	1	0
1105117.3	0	1	0	0	0
1105118.3	0	1	1	1	0
1105119.3	0	1	2	1	0
1105120.3	0	1	2	1	0
1105121.3	0	1	1	1	1
1131627.3	0	1	0	0	1
1131628.3	0	1	0	2	1
1131629.3	0	1	0	0	0
1131630.3	0	1	2	0	0
1311.2189	0	1	0	2	0
1313.17135	0	0	0	0	0
1313.17136	0	0	0	0	0
1313.17137	0	1	2	1	1
1313.17138	0	1	1	1	1
1313.17139	0	1	0	0	0
1313.17140	0	1	0	0	0
1313.17141	0	0	0	0	0
1313.17142	0	0	0	0	0
1313.17143	0	0	0	0	0
1313.17144	0	0	0	0	0
1313.17145	0	0	0	0	0
1313.17146	0	0	0	1	0
1313.17147	0	0	0	0	0
1313.17148	0	0	0	0	0
1313.17149	0	0	0	0	0
1313.17150	0	1	0	0	0
1313.17151	0	0	0	0	0
1313.17152	0	0	0	0	0
1313.17153	0	0	0	0	0
1313.17154	0	0	0	0	0
1313.17155	0	0	0	0	0
1313.17156	0	0	0	0	0
1313.17157	0	0	0	0	0
1313.17158	0	0	0	2	0
1313.17159	0	0	0	0	0
1313.17160	0	0	0	0	0
1313.17161	0	0	0	0	0
1313.17162	0	0	0	0	0
1313.17163	0	0	0	0	0
1313.17164	0	0	0	0	0
1313.17165	0	0	0	0	0
1313.17166	0	1	0	0	0
1313.17167	0	1	0	0	0
1313.17168	0	0	0	2	0
1313.17169	0	0	0	0	0
1313.17171	0	1	0	0	0
1313.17172	0	0	0	2	0
1313.17173	0	0	0	0	0
1313.17174	0	0	0	0	0
1313.17175	0	0	0	0	0
1313.17176	0	0	0	0	0
1313.17177	0	0	0	2	0
1313.17178	0	0	0	2	0
1313.17179	0	0	0	0	0
1313.17180	0	1	0	2	0
1313.17181	0	0	0	0	0
1313.17182	0	1	0	2	0
1313.17183	0	0	0	2	0
1313.17184	0	0	0	2	0
1313.17185	0	1	0	2	0
1313.17186	0	1	0	1	0
1313.17187	0	1	0	1	0
1313.17188	0	1	0	2	0
1313.17189	0	1	0	2	0
1313.17190	0	0	0	0	0
1313.17191	0	1	0	2	0
1313.17192	0	1	0	2	0
1313.17193	0	1	0	2	0
1313.17194	0	1	0	2	0
1313.17195	0	1	0	2	0
1313.17196	0	1	0	2	0
1313.17197	0	1	0	2	0
1313.17198	0	1	0	2	0
1313.17199	0	1	0	2	0
1313.17200	0	1	0	2	0
1313.17201	0	1	0	2	0
1313.17202	0	0	0	0	0
1313.17203	0	1	0	2	0
1313.17204	0	1	0	2	0
1313.17205	0	1	0	1	0
1313.17206	0	1	0	0	2
1313.17207	0	1	0	2	0
1313.17208	0	1	0	2	0
1313.17209	0	0	0	0	0
1313.17210	0	1	0	0	0
1313.17211	0	1	0	0	0
1313.17212	0	0	0	0	0
1313.17213	0	1	0	0	0
1313.17214	0	1	0	0	0
1313.17215	0	1	0	0	0
1313.17216	0	1	0	0	0
1313.17217	0	0	0	0	0
1313.17218	0	1	0	0	0
1313.17219	0	1	0	0	0
1313.17220	0	1	0	0	0
1313.17221	0	0	0	0	0
1313.17222	0	1	0	0	0
1313.17223	0	0	0	0	0
1313.17224	0	0	0	0	0
1313.17225	0	0	0	0	0
1313.17226	0	0	0	0	0
1313.17227	0	0	0	0	0
1313.17228	0	0	0	0	0
1313.17230	0	0	0	0	0
1313.17231	0	0	0	0	0
1313.17232	0	0	0	0	0
1313.17233	0	0	0	0	0
1313.17234	0	0	0	0	0
1313.17235	0	0	0	0	0
1313.17236	0	0	0	0	0
1313.17237	0	0	0	0	0
1313.17238	0	0	0	0	0
1313.17239	0	0	0	0	0
1313.17240	0	0	0	0	0
1313.17241	0	0	0	0	0
1313.17242	0	0	0	0	0
1313.17243	0	0	0	0	0
1313.17244	0	0	0	0	0
1313.17245	0	0	0	0	0
1313.17246	0	0	0	0	0
1313.17247	0	0	0	0	0
1313.17248	0	0	0	0	0
1313.17249	0	0	0	0	0
1313.17250	0	0	0	0	0
1313.17251	0	0	0	0	0
1313.17252	0	0	0	0	0
1313.17253	0	0	0	0	0
1313.17254	0	0	0	0	0
1313.17255	0	0	0	0	0
1313.17256	0	1	0	0	0
1313.17257	0	1	0	1	0
1313.17258	0	0	0	0	0
1313.17259	0	1	0	1	0
1313.17260	0	0	0	2	0
1313.17261	0	0	0	0	0
1313.17262	0	0	0	0	0
1313.17263	0	0	0	0	0
1313.17264	0	0	0	0	0
1313.17265	0	0	0	0	0
1313.17266	0	0	0	0	0
1313.17267	0	1	0	2	0
1313.17268	0	1	0	2	0
1313.17269	0	0	0	0	0
1313.17270	0	1	0	2	1
1313.17271	0	0	0	0	0
1313.17272	0	1	0	0	1
1313.17273	0	0	0	0	0
1313.17274	0	1	0	0	0
1313.17275	0	0	0	0	0
1313.17276	0	0	0	0	0
1313.17277	0	0	0	0	0
1313.17278	0	0	0	0	0
1313.17279	0	0	0	2	0
1313.17280	0	0	0	2	0
1313.17281	0	0	0	0	0
1313.17282	0	0	0	0	0
1313.17283	0	0	0	1	0
1313.17284	0	0	0	0	0
1313.17285	0	0	0	0	0
1313.17286	0	0	0	0	0
1313.17287	0	1	0	2	1
1313.17288	0	1	0	2	1
1313.17289	0	1	0	2	1
1313.17290	0	1	0	2	1
1313.17291	0	1	0	2	1
1313.17292	0	0	0	0	0
1313.17293	0	1	0	2	1
1313.17295	0	0	0	0	0
1313.17296	0	0	0	0	0
1313.17297	0	0	0	0	0
1313.17298	0	0	0	0	0
1313.17299	0	0	0	0	0
1313.17300	0	0	0	2	0
1313.17301	0	0	0	0	0
1313.17302	0	1	0	0	0
1313.17303	0	0	0	0	0
1313.17304	0	0	0	0	0
1313.17305	0	0	0	0	0
1313.17306	0	0	0	0	0
1313.17307	0	0	0	0	0
1313.17308	0	0	0	0	0
1313.17309	0	1	0	0	0
1313.17310	0	0	0	0	0
1313.17311	0	1	0	1	1
1313.17312	0	1	2	1	1
1313.17313	0	1	2	1	1
1313.5440	0	1	2	2	1
1313.5468	0	2	2	2	1
1313.5484	0	2	2	2	1
1313.5491	0	2	2	2	1
1313.5510	0	2	2	2	2
1313.5525	0	2	2	2	1
1313.5530	0	2	2	2	1
1313.5539	0	2	2	2	1
1313.5557	0	2	2	2	1
1313.5563	0	2	2	2	1
1313.5564	0	2	2	2	1
1313.5569	0	2	2	2	1
1313.5577	0	2	2	2	1
1313.5579	0	2	2	2	1
1313.5581	0	2	2	2	1
1313.5582	0	2	2	2	1
1313.5584	0	2	2	2	1
1313.5589	0	2	2	2	1
1313.5599	0	0	2	2	0
1313.5609	0	1	2	2	1
1313.5656	0	2	2	2	1
1313.5669	0	1	1	2	1
1313.5696	0	2	2	2	1
1313.5703	0	2	2	2	1
1313.5725	0	2	2	2	1
1313.5751	0	2	2	2	1
1313.5758	0	2	2	2	1
1313.5781	0	2	2	2	1
1313.5784	0	2	2	2	1
1313.5793	0	2	2	2	1
1313.5807	0	0	1	2	0
1313.5877	0	2	2	2	1
1313.5897	0	2	2	2	1
1313.5903	0	2	2	2	1
1313.5933	0	2	2	2	1
1313.5942	0	2	2	2	1
1313.5944	0	2	2	2	1
1313.5949	0	2	2	2	0
1313.5974	0	1	2	2	1
1313.5978	0	2	2	2	1
1313.6001	0	2	2	2	1
1313.6015	0	2	2	2	1
1313.6027	0	2	2	2	1
1313.6051	0	2	2	2	1
1313.6052	0	2	2	2	2
1313.6059	0	1	1	2	1
1313.6066	0	2	2	2	1
1313.6087	0	2	2	2	1
1313.6093	0	2	2	2	2
1313.6105	0	0	1	2	0
1313.6106	0	2	2	2	1
1313.6113	0	2	2	2	1
1313.6122	0	2	2	2	1
1313.6133	0	2	2	2	1
1313.6135	0	1	2	2	1
1313.6144	0	2	2	2	1
1313.6156	0	2	2	2	1
1313.6159	0	2	2	2	2
1313.6195	0	2	2	2	1
1313.6203	0	2	2	2	2
1313.6221	0	2	2	2	1
1313.6222	0	2	2	2	1
1313.6232	0	2	2	2	1
1313.6253	0	2	2	2	1
1313.6257	0	2	2	2	1
1313.6262	0	2	2	2	1
1313.6271	0	2	2	2	1
1313.6275	0	1	2	2	1
1313.6281	0	2	2	2	1
1313.6282	0	2	2	2	1
1313.6288	0	2	2	2	1
1313.6301	0	2	2	2	1
1313.6334	0	2	2	2	1
1313.6342	0	0	2	2	0
1313.6359	0	2	2	2	2
1313.6369	0	2	2	2	1
1313.6371	0	1	1	2	1
1313.6374	0	2	2	2	1
1313.6390	0	2	2	2	1
1313.6397	0	1	1	2	1
1313.6406	0	2	2	2	1
1313.6409	0	2	2	2	1
1313.6416	0	2	2	2	1
1313.6427	0	2	2	2	1
1313.6434	0	2	2	2	1
1313.6451	0	2	2	2	1
1313.6458	0	2	2	2	1
1313.6466	0	2	2	2	1
1313.6470	0	1	2	2	1
1313.6676	0	0	2	2	1
1313.6680	0	2	2	2	2
1313.6704	0	0	2	2	1
1313.6712	0	1	2	2	1
1313.6719	0	1	2	2	1
1313.6727	0	2	2	2	1
1313.6732	0	2	2	2	1
1313.6733	0	2	2	2	1
1313.6734	0	2	2	2	1
1313.6735	0	2	2	2	1
1313.6740	0	2	2	2	1
1313.6743	0	2	2	2	1
1313.6744	0	2	2	2	1
1313.6745	0	2	2	2	1
1313.6747	0	2	2	2	1
1313.6748	0	2	2	2	1
1313.6749	0	2	2	2	1
1313.6752	0	2	2	2	1
1313.6753	0	2	2	2	1
1313.6754	0	2	2	2	1
1313.6757	0	2	2	2	1
1313.6759	0	2	2	2	1
1313.6765	0	2	2	2	1
1313.6768	0	2	2	2	1
1313.6771	0	0	1	2	1
1313.6772	0	2	2	2	1
1313.6773	0	2	2	2	1
1313.6862	0	1	2	2	1
1313.6939	0	0	0	0	2
1313.6941	0	0	0	0	0
1313.6942	0	1	0	0	2
1313.6944	0	0	0	0	2
1313.6947	0	0	0	0	2
1313.7001	0	1	0	2	0
1313.7002	0	1	0	2	0
1313.7006	0	1	1	1	1
1313.7007	0	0	0	0	2
1313.7009	0	0	0	0	2
1313.7010	0	0	0	1	2
1313.7011	0	0	0	2	2
1313.7012	0	0	0	0	2
1313.7013	0	1	0	0	2
1313.7015	0	0	0	0	2
1313.7016	0	1	1	1	2
1313.7017	0	0	0	0	2
1313.7018	0	1	1	1	2
1313.7019	0	0	0	0	2
1313.7020	0	0	0	2	2
1313.7021	0	0	0	0	2
1313.7022	0	0	0	0	2
760742.3	0	1	0	0	0
760743.3	0	1	0	0	0
760744.3	0	1	2	2	0
760745.3	0	1	2	1	0
760746.3	0	1	2	1	0
760747.3	0	0	0	1	0
760748.3	0	1	2	1	1
760749.3	0	1	1	1	0
760750.3	0	0	2	0	1
760754.3	0	1	0	0	0
760755.3	0	1	0	0	0
760756.3	0	0	0	1	0
760758.3	0	1	2	1	0
760760.3	0	0	0	0	0
760764.3	0	0	0	1	0
760766.3	0	1	1	1	0
760767.3	0	0	0	0	0
760769.3	0	1	1	1	0
760771.3	0	1	1	1	1
760773.3	0	0	0	0	0
760774.3	0	0	0	0	0
760775.3	0	0	0	2	0
760776.3	0	1	1	1	0
760777.3	0	0	1	1	0
760778.3	0	1	1	1	1
760779.3	0	1	2	1	1
760780.3	0	1	2	1	0
760781.3	0	1	2	1	0
760782.3	0	1	2	2	1
760784.3	0	1	0	2	1
760785.3	0	1	2	1	0
760786.3	0	1	1	1	1
760787.3	0	1	0	2	0
760788.3	0	1	2	0	0
760790.3	0	1	1	1	0
760791.3	0	1	2	1	0
760792.3	0	1	1	1	0
760793.3	0	0	0	0	0
760794.3	0	1	0	0	0
760795.3	0	1	1	1	1
760797.3	0	1	1	1	0
760799.3	0	1	1	1	1
760800.3	0	1	0	0	1
760801.3	0	1	1	1	1
760802.3	0	1	1	1	0
760803.3	0	1	0	0	0
760804.3	0	0	1	1	0
760805.3	0	0	1	1	0
760808.3	0	1	2	1	0
760809.3	0	1	2	1	1
760810.3	0	1	0	2	0
760811.3	0	1	2	1	0
760812.3	0	1	2	1	0
760813.3	0	1	1	1	0
760815.3	0	1	1	1	0
760816.3	0	1	1	1	0
760817.3	0	1	2	1	0
760818.3	0	0	1	1	0
760819.3	0	0	0	0	0
760820.3	0	1	1	1	0
760821.3	0	1	2	0	1
760822.3	0	1	1	1	1
760824.3	0	1	1	1	0
760825.3	0	1	1	1	0
760826.3	0	1	2	1	0
760827.3	0	1	1	1	0
760828.3	0	1	2	1	0
760829.3	0	1	2	0	1
760830.3	0	1	2	2	1
760831.3	0	1	1	1	1
760832.3	0	0	0	0	0
760833.3	0	0	0	0	0
760834.3	0	1	1	1	0
760835.3	0	0	0	0	0
760837.3	0	1	1	1	0
760838.3	0	1	2	0	0
760840.3	0	1	2	2	1
760841.3	0	1	0	0	0
760843.3	0	1	1	1	1
760845.3	0	1	1	1	0
760846.3	0	1	0	0	0
760847.3	0	1	1	1	1
760848.3	0	1	2	2	1
760850.3	0	0	0	0	0
760851.3	0	1	1	1	1
760852.3	0	1	0	2	0
760854.3	0	1	1	1	0
760855.3	0	1	1	1	1
760856.3	0	1	1	1	0
760858.3	0	1	2	1	1
760859.3	0	1	1	1	0
760861.3	0	0	0	0	0
760862.3	0	0	1	2	0
760863.3	0	0	2	2	0
760864.3	0	0	1	2	0
760866.3	0	0	1	2	0
760867.3	0	1	1	2	1
760868.3	0	1	1	2	1
760869.3	0	1	1	2	1
760871.3	0	1	1	2	1
760872.3	0	1	1	2	1
760873.3	0	1	1	2	1
760876.3	0	1	1	2	0
886289.3	0	1	1	1	0
1313.17318	2	1	0	0	0
1313.17323	2	1	0	0	0
1313.17326	2	1	0	0	0
1313.17334	2	1	1	0	1
1313.17351	2	1	0	0	0
1313.17352	2	1	0	0	0
1313.17353	2	1	1	1	1
1313.17373	2	1	0	0	0
1313.17376	2	1	0	0	0
1313.17381	2	1	0	0	0
1313.17386	2	1	0	0	0
1313.17389	2	1	0	0	0
1313.17393	2	1	0	0	0
1313.17395	2	1	0	0	0
1313.17397	2	1	0	0	0
1313.17400	2	1	0	0	0
1313.17412	2	1	0	0	0
1313.17415	2	1	0	0	0
1313.17419	2	1	0	0	0
1313.17430	2	1	0	0	0
1313.17438	2	1	0	0	0
1313.17442	2	1	0	0	0
1313.17445	2	1	0	0	0
1313.17447	2	1	0	0	0
1313.17448	2	1	0	0	0
1313.5418	2	1	1	2	2
1313.5499	2	1	1	2	2
1313.5648	2	1	2	2	1
1313.5678	2	1	2	2	1
1313.5881	2	1	2	2	1
1313.5988	2	1	1	2	1
1313.6272	2	1	1	2	1
1313.6293	2	1	1	2	1
1313.6724	2	1	1	2	1
1313.6726	2	1	1	2	1
1313.6729	2	1	1	2	2
760877.3	2	1	2	0	0
760878.3	2	1	1	0	1
760879.3	2	1	0	2	0
760880.3	2	1	1	0	0
760881.3	2	1	0	0	0
1313.17314	2	0	0	0	0
1313.17315	2	0	0	0	0
1313.17316	2	0	0	0	0
1313.17317	2	0	0	0	0
1313.17319	2	0	0	0	0
1313.17320	2	0	0	0	0
1313.17321	2	0	0	0	0
1313.17322	2	0	0	0	0
1313.17324	2	0	0	0	0
1313.17325	2	0	0	0	0
1313.17327	2	0	0	0	0
1313.17328	2	0	0	0	0
1313.17329	2	0	0	0	0
1313.17330	2	0	0	0	0
1313.17331	2	0	0	0	0
1313.17332	2	0	0	0	0
1313.17333	2	0	0	0	0
1313.17335	2	0	0	0	0
1313.17336	2	0	0	0	0
1313.17337	2	0	0	0	0
1313.17338	2	0	0	0	0
1313.17339	2	0	0	0	0
1313.17340	2	0	0	0	0
1313.17341	2	0	0	0	0
1313.17342	2	0	0	0	0
1313.17343	2	0	0	0	0
1313.17344	2	0	0	0	0
1313.17345	2	0	0	0	0
1313.17346	2	0	0	0	0
1313.17347	2	0	0	2	1
1313.17348	2	0	0	0	0
1313.17349	2	0	0	0	0
1313.17350	2	0	0	0	0
1313.17354	2	0	0	0	0
1313.17355	2	0	0	0	0
1313.17356	2	0	0	0	0
1313.17357	2	0	0	0	0
1313.17358	2	0	0	0	0
1313.17359	2	0	0	0	0
1313.17360	2	0	0	0	0
1313.17361	2	0	0	0	0
1313.17362	2	0	0	0	0
1313.17363	2	0	0	0	0
1313.17364	2	0	0	0	0
1313.17365	2	0	0	0	0
1313.17366	2	0	0	0	0
1313.17367	2	0	0	0	0
1313.17368	2	0	0	0	0
1313.17369	2	0	0	0	0
1313.17370	2	0	0	0	0
1313.17371	2	0	0	0	0
1313.17372	2	0	0	0	0
1313.17374	2	0	0	2	0
1313.17375	2	0	0	0	0
1313.17377	2	0	0	0	0
1313.17378	2	0	0	0	0
1313.17379	2	0	0	0	0
1313.17380	2	0	0	0	0
1313.17382	2	0	0	0	0
1313.17383	2	0	0	0	0
1313.17384	2	0	0	0	0
1313.17385	2	0	0	0	0
1313.17387	2	0	0	0	0
1313.17388	2	0	0	0	0
1313.17390	2	0	0	0	0
1313.17391	2	0	0	0	0
1313.17392	2	0	0	0	0
1313.17394	2	0	0	0	0
1313.17396	2	0	0	0	0
1313.17398	2	0	0	0	0
1313.17399	2	0	0	0	0
1313.17401	2	0	0	0	0
1313.17402	2	0	0	0	0
1313.17403	2	0	0	0	0
1313.17404	2	0	0	0	0
1313.17405	2	0	0	0	0
1313.17406	2	0	0	0	0
1313.17407	2	0	0	0	0
1313.17408	2	0	0	0	0
1313.17409	2	0	0	0	0
1313.17410	2	0	0	0	0
1313.17411	2	0	0	0	0
1313.17413	2	0	0	0	0
1313.17414	2	0	0	0	0
1313.17416	2	0	0	0	0
1313.17417	2	0	0	0	0
1313.17418	2	0	0	0	0
1313.17420	2	0	0	0	0
1313.17421	2	0	0	0	0
1313.17422	2	0	0	0	0
1313.17423	2	0	0	0	0
1313.17424	2	0	0	0	0
1313.17425	2	0	0	0	0
1313.17426	2	0	0	0	0
1313.17427	2	0	0	0	0
1313.17428	2	0	0	0	0
1313.17429	2	0	0	0	0
1313.17431	2	0	0	0	0
1313.17432	2	0	0	0	0
1313.17433	2	0	0	0	0
1313.17434	2	0	0	0	0
1313.17435	2	0	0	0	0
1313.17436	2	0	0	0	0
1313.17437	2	0	0	0	0
1313.17439	2	0	0	0	0
1313.17440	2	0	0	0	0
1313.17441	2	0	0	0	0
1313.17443	2	0	0	0	0
1313.17444	2	0	0	0	0
1313.17446	2	0	0	0	0
1313.17449	2	0	0	0	0
1313.17450	2	0	0	0	0
1313.9762	2	0	2	2	1
1313.9852	2	0	2	2	1
760860.3	2	0	0	0	0
1313.5981	2	2	1	2	1
1313.6723	2	2	1	2	1
760865.3	2	2	1	2	2
760870.3	2	2	1	2	2
1313.10000	2	2	2	1	2
1313.10002	2	2	2	1	2
1313.10005	2	2	2	1	2
1313.10007	2	2	2	1	2
1313.10009	2	2	2	1	2
1313.10010	2	2	2	1	2
1313.10012	2	2	2	1	2
1313.10015	2	2	2	1	2
1313.10016	2	2	2	1	2
1313.10017	2	2	2	1	2
1313.10021	2	2	2	1	2
1313.10023	2	2	2	1	2
1313.10024	2	2	2	1	2
1313.10027	2	2	2	1	2
1313.10028	2	2	2	1	2
1313.10030	2	2	2	1	2
1313.10031	2	2	2	1	2
1313.10033	2	2	2	1	2
1313.10034	2	2	2	1	2
1313.10035	2	2	2	1	2
1313.10036	2	2	2	1	2
1313.10037	2	2	2	1	2
1313.10038	2	2	2	1	2
1313.10040	2	2	2	1	2
1313.10041	2	2	2	1	2
1313.10042	2	2	2	1	2
1313.10044	2	2	2	1	2
1313.10045	2	2	2	1	2
1313.10046	2	2	2	1	2
1313.10047	2	2	2	1	2
1313.10048	2	2	2	1	2
1313.10049	2	2	2	1	2
1313.10050	2	2	2	1	2
1313.10051	2	2	2	1	2
1313.10052	2	2	2	1	2
1313.10053	2	2	2	1	2
1313.10054	2	2	2	1	2
1313.10056	2	2	2	1	2
1313.10057	2	2	2	1	2
1313.10058	2	2	2	1	2
1313.10060	2	2	2	1	2
1313.10062	2	2	2	1	2
1313.10063	2	2	2	1	2
1313.10064	2	2	2	1	2
1313.10065	2	2	2	1	2
1313.10066	2	2	2	1	2
1313.10067	2	2	2	1	2
1313.10068	2	2	2	1	2
1313.10071	2	2	2	1	2
1313.10073	2	2	2	1	2
1313.10074	2	2	2	1	2
1313.10075	2	2	2	1	2
1313.10078	2	2	2	1	2
1313.10079	2	2	2	1	2
1313.10081	2	2	2	1	2
1313.10082	2	2	2	1	2
1313.10083	2	2	2	1	2
1313.10084	2	2	2	1	2
1313.10085	2	2	2	1	2
1313.10086	2	2	2	1	2
1313.10087	2	2	2	1	2
1313.10089	2	2	2	1	2
1313.10090	2	2	2	1	2
1313.10092	2	2	2	1	2
1313.10094	2	2	2	1	2
1313.10095	2	2	2	1	2
1313.10098	2	2	2	1	2
1313.10099	2	2	2	1	2
1313.10101	2	2	2	1	2
1313.10102	2	2	2	1	2
1313.10105	2	2	2	1	2
1313.10107	2	2	2	1	2
1313.10108	2	2	2	1	2
1313.10109	2	2	2	1	2
1313.10110	2	2	2	1	2
1313.10111	2	2	2	1	2
1313.10112	2	2	2	1	2
1313.10113	2	2	2	1	2
1313.10115	2	2	2	1	2
1313.10116	2	2	2	1	2
1313.10117	2	2	2	1	2
1313.10119	2	2	2	1	2
1313.10120	2	2	2	1	2
1313.10123	2	2	2	1	2
1313.10124	2	2	2	1	2
1313.10126	2	2	2	1	2
1313.10127	2	2	2	1	2
1313.10129	2	2	2	1	2
1313.10131	2	2	2	1	2
1313.10132	2	2	2	1	2
1313.10133	2	2	2	1	2
1313.10135	2	2	2	1	2
1313.10136	2	2	2	1	2
1313.10137	2	2	2	1	2
1313.10138	2	2	2	1	2
1313.10139	2	2	2	1	2
1313.10141	2	2	2	1	2
1313.10142	2	2	2	1	2
1313.10143	2	2	2	1	2
1313.10144	2	2	2	1	2
1313.10145	2	2	2	1	2
1313.10146	2	2	2	1	2
1313.10147	2	2	2	1	2
1313.10148	2	2	2	1	2
1313.10149	2	2	2	1	2
1313.10151	2	2	2	1	2
1313.10152	2	2	2	1	2
1313.10153	2	2	2	1	2
1313.10154	2	2	2	1	2
1313.10156	2	2	2	1	2
1313.10157	2	2	2	1	2
1313.10158	2	2	2	1	2
1313.10159	2	2	2	1	2
1313.10160	2	2	2	1	2
1313.10161	2	2	2	1	2
1313.10162	2	2	2	1	2
1313.10163	2	2	2	1	2
1313.10166	2	2	2	1	2
1313.10167	2	2	2	1	2
1313.10168	2	2	2	1	2
1313.10170	2	2	2	1	2
1313.10172	2	2	2	1	2
1313.10173	2	2	2	1	2
1313.10174	2	2	2	1	2
1313.10175	2	2	2	1	2
1313.10176	2	2	2	1	2
1313.10178	2	2	2	1	2
1313.10180	2	2	2	1	2
1313.10181	2	2	2	1	2
1313.10183	2	2	2	1	2
1313.10184	2	2	2	1	2
1313.10185	2	2	2	1	2
1313.10187	2	2	2	1	2
1313.10188	2	2	2	1	2
1313.10189	2	2	2	1	2
1313.10190	2	2	2	1	2
1313.10191	2	2	2	1	2
1313.10193	2	2	2	1	2
1313.10194	2	2	2	1	2
1313.10195	2	2	2	1	2
1313.10196	2	2	2	1	2
1313.10197	2	2	2	1	2
1313.10199	2	2	2	1	2
1313.10200	2	2	2	1	2
1313.10201	2	2	2	1	2
1313.10202	2	2	2	1	2
1313.10203	2	2	2	1	2
1313.10204	2	2	2	1	2
1313.10205	2	2	2	1	2
1313.10208	2	2	2	1	2
1313.10210	2	2	2	1	2
1313.10211	2	2	2	1	2
1313.10212	2	2	2	1	2
1313.10213	2	2	2	1	2
1313.10214	2	2	2	1	2
1313.10215	2	2	2	1	2
1313.10220	2	2	2	1	2
1313.10221	2	2	2	1	2
1313.10222	2	2	2	1	2
1313.10223	2	2	2	1	2
1313.10225	2	2	2	1	2
1313.10226	2	2	2	1	2
1313.10227	2	2	2	1	2
1313.10228	2	2	2	1	2
1313.10230	2	2	2	1	2
1313.10231	2	2	2	1	2
1313.10232	2	2	2	1	2
1313.10233	2	2	2	1	2
1313.10235	2	2	2	1	2
1313.10237	2	2	2	1	2
1313.10238	2	2	2	1	2
1313.10239	2	2	2	1	2
1313.10240	2	2	2	1	2
1313.10241	2	2	2	1	2
1313.10242	2	2	2	1	2
1313.10243	2	2	2	1	2
1313.10244	2	2	2	1	2
1313.10246	2	2	2	1	2
1313.10248	2	2	2	1	2
1313.10249	2	2	2	1	2
1313.10250	2	2	2	1	2
1313.10251	2	2	2	1	2
1313.10254	2	2	2	1	2
1313.10255	2	2	2	1	2
1313.10257	2	2	2	1	2
1313.10259	2	2	2	1	2
1313.10261	2	2	2	1	2
1313.10262	2	2	2	1	2
1313.10264	2	2	2	1	2
1313.10266	2	2	2	1	2
1313.10267	2	2	2	1	2
1313.10268	2	2	2	1	2
1313.10269	2	2	2	1	2
1313.10271	2	2	2	1	2
1313.10274	2	2	2	1	2
1313.10276	2	2	2	1	2
1313.10277	2	2	2	1	2
1313.10278	2	2	2	1	2
1313.10279	2	2	2	1	2
1313.10282	2	2	2	1	2
1313.10283	2	2	2	1	2
1313.10284	2	2	2	1	2
1313.10286	2	2	2	1	2
1313.10287	2	2	2	1	2
1313.10290	2	2	2	1	2
1313.10291	2	2	2	1	2
1313.10292	2	2	2	1	2
1313.10294	2	2	2	1	2
1313.10295	2	2	2	1	2
1313.10298	2	2	2	1	2
1313.10301	2	2	2	1	2
1313.10302	2	2	2	1	2
1313.10303	2	2	2	1	2
1313.10305	2	2	2	1	2
1313.10311	2	2	2	1	2
1313.10312	2	2	2	1	2
1313.10313	2	2	2	1	2
1313.10315	2	2	2	1	2
1313.10316	2	2	2	1	2
1313.10318	2	2	2	1	2
1313.10319	2	2	2	1	2
1313.10321	2	2	2	1	2
1313.10322	2	2	2	1	2
1313.10325	2	2	2	1	2
1313.10326	2	2	2	1	2
1313.10327	2	2	2	1	2
1313.10331	2	2	2	1	2
1313.10332	2	2	2	1	2
1313.10333	2	2	2	1	2
1313.10334	2	2	2	1	2
1313.10335	2	2	2	1	2
1313.10336	2	2	2	1	2
1313.10337	2	2	2	1	2
1313.10339	2	2	2	1	2
1313.10340	2	2	2	1	2
1313.10342	2	2	2	1	2
1313.10343	2	2	2	1	2
1313.10344	2	2	2	1	2
1313.10345	2	2	2	1	2
1313.10346	2	2	2	1	2
1313.10347	2	2	2	1	2
1313.10348	2	2	2	1	2
1313.10349	2	2	2	1	2
1313.10352	2	2	2	1	2
1313.10353	2	2	2	1	2
1313.10354	2	2	2	1	2
1313.10355	2	2	2	1	2
1313.10356	2	2	2	1	2
1313.10358	2	2	2	1	2
1313.10359	2	2	2	1	2
1313.10360	2	2	2	1	2
1313.10361	2	2	2	1	2
1313.10362	2	2	2	1	2
1313.10363	2	2	2	1	2
1313.10364	2	2	2	1	2
1313.10365	2	2	2	1	2
1313.10367	2	2	2	1	2
1313.10369	2	2	2	1	2
1313.10370	2	2	2	1	2
1313.10372	2	2	2	1	2
1313.10375	2	2	2	1	2
1313.10376	2	2	2	1	2
1313.10377	2	2	2	1	2
1313.10379	2	2	2	1	2
1313.10380	2	2	2	1	2
1313.10381	2	2	2	1	2
1313.10383	2	2	2	1	2
1313.10385	2	2	2	1	2
1313.10386	2	2	2	1	2
1313.10390	2	2	2	1	2
1313.10393	2	2	2	1	2
1313.10394	2	2	2	1	2
1313.10395	2	2	2	1	2
1313.10397	2	2	2	1	2
1313.10399	2	2	2	1	2
1313.10400	2	2	2	1	2
1313.10401	2	2	2	1	2
1313.10406	2	2	2	1	2
1313.10407	2	2	2	1	2
1313.10410	2	2	2	1	2
1313.10411	2	2	2	1	2
1313.10414	2	2	2	1	2
1313.10416	2	2	2	1	2
1313.10417	2	2	2	1	2
1313.10418	2	2	2	1	2
1313.10421	2	2	2	1	2
1313.10422	2	2	2	1	2
1313.10423	2	2	2	1	2
1313.10425	2	2	2	1	2
1313.10426	2	2	2	1	2
1313.10429	2	2	2	1	2
1313.10430	2	2	2	1	2
1313.10431	2	2	2	1	2
1313.10434	2	2	2	1	2
1313.10436	2	2	2	1	2
1313.10437	2	2	2	1	2
1313.10438	2	2	2	1	2
1313.10439	2	2	2	1	2
1313.10440	2	2	2	1	2
1313.10441	2	2	2	1	2
1313.10442	2	2	2	1	2
1313.10443	2	2	2	1	2
1313.10445	2	2	2	1	2
1313.10447	2	2	2	1	2
1313.10449	2	2	2	1	2
1313.10450	2	2	2	1	2
1313.10451	2	2	2	1	2
1313.10452	2	2	2	1	2
1313.10454	2	2	2	1	2
1313.10456	2	2	2	1	2
1313.10457	2	2	2	1	2
1313.10458	2	2	2	1	2
1313.10459	2	2	2	1	2
1313.10460	2	2	2	1	2
1313.10461	2	2	2	1	2
1313.10462	2	2	2	1	2
1313.10463	2	2	2	1	2
1313.10464	2	2	2	1	2
1313.10465	2	2	2	1	2
1313.10466	2	2	2	1	2
1313.10467	2	2	2	1	2
1313.10468	2	2	2	1	2
1313.10471	2	2	2	1	2
1313.10473	2	2	2	1	2
1313.10475	2	2	2	1	2
1313.10476	2	2	2	1	2
1313.10477	2	2	2	1	2
1313.10478	2	2	2	1	2
1313.10479	2	2	2	1	2
1313.10480	2	2	2	1	2
1313.10481	2	2	2	1	2
1313.10482	2	2	2	1	2
1313.10483	2	2	2	1	2
1313.10484	2	2	2	1	2
1313.10485	2	2	2	1	2
1313.10486	2	2	2	1	2
1313.10487	2	2	2	1	2
1313.10490	2	2	2	1	2
1313.10495	2	2	2	1	2
1313.10496	2	2	2	1	2
1313.10497	2	2	2	1	2
1313.10498	2	2	2	1	2
1313.10500	2	2	2	1	2
1313.10502	2	2	2	1	2
1313.10503	2	2	2	1	2
1313.10508	2	2	2	1	2
1313.10510	2	2	2	1	2
1313.10512	2	2	2	1	2
1313.10513	2	2	2	1	2
1313.10516	2	2	2	1	2
1313.10517	2	2	2	1	2
1313.10518	2	2	2	1	2
1313.10520	2	2	2	1	2
1313.10522	2	2	2	1	2
1313.10525	2	2	2	1	2
1313.10526	2	2	2	1	2
1313.10527	2	2	2	1	2
1313.10528	2	2	2	1	2
1313.10529	2	2	2	1	2
1313.10530	2	2	2	1	2
1313.10533	2	2	2	1	2
1313.10534	2	2	2	1	2
1313.10535	2	2	2	1	2
1313.10536	2	2	2	1	2
1313.10537	2	2	2	1	2
1313.10538	2	2	2	1	2
1313.10539	2	2	2	1	2
1313.10540	2	2	2	1	2
1313.10541	2	2	2	1	2
1313.10542	2	2	2	1	2
1313.10543	2	2	2	1	2
1313.10544	2	2	2	1	2
1313.10546	2	2	2	1	2
1313.10547	2	2	2	1	2
1313.10548	2	2	2	1	2
1313.10549	2	2	2	1	2
1313.10550	2	2	2	1	2
1313.10551	2	2	2	1	2
1313.10552	2	2	2	1	2
1313.10555	2	2	2	1	2
1313.10556	2	2	2	1	2
1313.10557	2	2	2	1	2
1313.10559	2	2	2	1	2
1313.10562	2	2	2	1	2
1313.10563	2	2	2	1	2
1313.10564	2	2	2	1	2
1313.10566	2	2	2	1	2
1313.10568	2	2	2	1	2
1313.10570	2	2	2	1	2
1313.10572	2	2	2	1	2
1313.10573	2	2	2	1	2
1313.10574	2	2	2	1	2
1313.10575	2	2	2	1	2
1313.10578	2	2	2	1	2
1313.10579	2	2	2	1	2
1313.10582	2	2	2	1	2
1313.10584	2	2	2	1	2
1313.10585	2	2	2	1	2
1313.10587	2	2	2	1	2
1313.10589	2	2	2	1	2
1313.10590	2	2	2	1	2
1313.10591	2	2	2	1	2
1313.10592	2	2	2	1	2
1313.10593	2	2	2	1	2
1313.10595	2	2	2	1	2
1313.10596	2	2	2	1	2
1313.10597	2	2	2	1	2
1313.10598	2	2	2	1	2
1313.10599	2	2	2	1	2
1313.10601	2	2	2	1	2
1313.10602	2	2	2	1	2
1313.10605	2	2	2	1	2
1313.10606	2	2	2	1	2
1313.10607	2	2	2	1	2
1313.10608	2	2	2	1	2
1313.10610	2	2	2	1	2
1313.10611	2	2	2	1	2
1313.10612	2	2	2	1	2
1313.10613	2	2	2	1	2
1313.10616	2	2	2	1	2
1313.10617	2	2	2	1	2
1313.10618	2	2	2	1	2
1313.10619	2	2	2	1	2
1313.10621	2	2	2	1	2
1313.10623	2	2	2	1	2
1313.10625	2	2	2	1	2
1313.10626	2	2	2	1	2
1313.10627	2	2	2	1	2
1313.10628	2	2	2	1	2
1313.10629	2	2	2	1	2
1313.10630	2	2	2	1	2
1313.10634	2	2	2	1	2
1313.10635	2	2	2	1	2
1313.10636	2	2	2	1	2
1313.10637	2	2	2	1	2
1313.10638	2	2	2	1	2
1313.10639	2	2	2	1	2
1313.10641	2	2	2	1	2
1313.10642	2	2	2	1	2
1313.10643	2	2	2	1	2
1313.10644	2	2	2	1	2
1313.10646	2	2	2	1	2
1313.10647	2	2	2	1	2
1313.10649	2	2	2	1	2
1313.10650	2	2	2	1	2
1313.10653	2	2	2	1	2
1313.10654	2	2	2	1	2
1313.10657	2	2	2	1	2
1313.10658	2	2	2	1	2
1313.10659	2	2	2	1	2
1313.10660	2	2	2	1	2
1313.10661	2	2	2	1	2
1313.10662	2	2	2	1	2
1313.10664	2	2	2	1	2
1313.10665	2	2	2	1	2
1313.10666	2	2	2	1	2
1313.10667	2	2	2	1	2
1313.10668	2	2	2	1	2
1313.10670	2	2	2	1	2
1313.10671	2	2	2	1	2
1313.10674	2	2	2	1	2
1313.10675	2	2	2	1	2
1313.10676	2	2	2	1	2
1313.10677	2	2	2	1	2
1313.10678	2	2	2	1	2
1313.10679	2	2	2	1	2
1313.10680	2	2	2	1	2
1313.10681	2	2	2	1	2
1313.10682	2	2	2	1	2
1313.10683	2	2	2	1	2
1313.10684	2	2	2	1	2
1313.10685	2	2	2	1	2
1313.10686	2	2	2	1	2
1313.10687	2	2	2	1	2
1313.10689	2	2	2	1	2
1313.10690	2	2	2	1	2
1313.10692	2	2	2	1	2
1313.10694	2	2	2	1	2
1313.10695	2	2	2	1	2
1313.10696	2	2	2	1	2
1313.10698	2	2	2	1	2
1313.10700	2	2	2	1	2
1313.10701	2	2	2	1	2
1313.10703	2	2	2	1	2
1313.10704	2	2	2	1	2
1313.10706	2	2	2	1	2
1313.10707	2	2	2	1	2
1313.10708	2	2	2	1	2
1313.10709	2	2	2	1	2
1313.10710	2	2	2	1	2
1313.10713	2	2	2	1	2
1313.10714	2	2	2	1	2
1313.10715	2	2	2	1	2
1313.10717	2	2	2	1	2
1313.10718	2	2	2	1	2
1313.10720	2	2	2	1	2
1313.10721	2	2	2	1	2
1313.10722	2	2	2	1	2
1313.10724	2	2	2	1	2
1313.10727	2	2	2	1	2
1313.10729	2	2	2	1	2
1313.10730	2	2	2	1	2
1313.10731	2	2	2	1	2
1313.10732	2	2	2	1	2
1313.10733	2	2	2	1	2
1313.10734	2	2	2	1	2
1313.10735	2	2	2	1	2
1313.10741	2	2	2	1	2
1313.10742	2	2	2	1	2
1313.10743	2	2	2	1	2
1313.10745	2	2	2	1	2
1313.10749	2	2	2	1	2
1313.10750	2	2	2	1	2
1313.10751	2	2	2	1	2
1313.10753	2	2	2	1	2
1313.10755	2	2	2	1	2
1313.10757	2	2	2	1	2
1313.10758	2	2	2	1	2
1313.10759	2	2	2	1	2
1313.10760	2	2	2	1	2
1313.10761	2	2	2	1	2
1313.10762	2	2	2	1	2
1313.10763	2	2	2	1	2
1313.10765	2	2	2	1	2
1313.10766	2	2	2	1	2
1313.10767	2	2	2	1	2
1313.10769	2	2	2	1	2
1313.10770	2	2	2	1	2
1313.10772	2	2	2	1	2
1313.10774	2	2	2	1	2
1313.10775	2	2	2	1	2
1313.10778	2	2	2	1	2
1313.10780	2	2	2	1	2
1313.10781	2	2	2	1	2
1313.10782	2	2	2	1	2
1313.10783	2	2	2	1	2
1313.10784	2	2	2	1	2
1313.10789	2	2	2	1	2
1313.10792	2	2	2	1	2
1313.10793	2	2	2	1	2
1313.10794	2	2	2	1	2
1313.10795	2	2	2	1	2
1313.10796	2	2	2	1	2
1313.10797	2	2	2	1	2
1313.10798	2	2	2	1	2
1313.10800	2	2	2	1	2
1313.10802	2	2	2	1	2
1313.10803	2	2	2	1	2
1313.10804	2	2	2	1	2
1313.10805	2	2	2	1	2
1313.10806	2	2	2	1	2
1313.10807	2	2	2	1	2
1313.10808	2	2	2	1	2
1313.10810	2	2	2	1	2
1313.10811	2	2	2	1	2
1313.10813	2	2	2	1	2
1313.10815	2	2	2	1	2
1313.10817	2	2	2	1	2
1313.10818	2	2	2	1	2
1313.10819	2	2	2	1	2
1313.10821	2	2	2	1	2
1313.10823	2	2	2	1	2
1313.10825	2	2	2	1	2
1313.10827	2	2	2	1	2
1313.10828	2	2	2	1	2
1313.10829	2	2	2	1	2
1313.10830	2	2	2	1	2
1313.10831	2	2	2	1	2
1313.10832	2	2	2	1	2
1313.10833	2	2	2	1	2
1313.10835	2	2	2	1	2
1313.10836	2	2	2	1	2
1313.10837	2	2	2	1	2
1313.10840	2	2	2	1	2
1313.10848	2	2	2	1	2
1313.10849	2	2	2	1	2
1313.10850	2	2	2	1	2
1313.10851	2	2	2	1	2
1313.10852	2	2	2	1	2
1313.10853	2	2	2	1	2
1313.10854	2	2	2	1	2
1313.10857	2	2	2	1	2
1313.10858	2	2	2	1	2
1313.10859	2	2	2	1	2
1313.10862	2	2	2	1	2
1313.10863	2	2	2	1	2
1313.10864	2	2	2	1	2
1313.10865	2	2	2	1	2
1313.10867	2	2	2	1	2
1313.10869	2	2	2	1	2
1313.10870	2	2	2	1	2
1313.10871	2	2	2	1	2
1313.10872	2	2	2	1	2
1313.10873	2	2	2	1	2
1313.10874	2	2	2	1	2
1313.10875	2	2	2	1	2
1313.10876	2	2	2	1	2
1313.10877	2	2	2	1	2
1313.10878	2	2	2	1	2
1313.10879	2	2	2	1	2
1313.10880	2	2	2	1	2
1313.10881	2	2	2	1	2
1313.10882	2	2	2	1	2
1313.10883	2	2	2	1	2
1313.10884	2	2	2	1	2
1313.10885	2	2	2	1	2
1313.10886	2	2	2	1	2
1313.10888	2	2	2	1	2
1313.10889	2	2	2	1	2
1313.10891	2	2	2	1	2
1313.10893	2	2	2	1	2
1313.10894	2	2	2	1	2
1313.10896	2	2	2	1	2
1313.10898	2	2	2	1	2
1313.10899	2	2	2	1	2
1313.10900	2	2	2	1	2
1313.10901	2	2	2	1	2
1313.10903	2	2	2	1	2
1313.10904	2	2	2	1	2
1313.10905	2	2	2	1	2
1313.10906	2	2	2	1	2
1313.10909	2	2	2	1	2
1313.10910	2	2	2	1	2
1313.10914	2	2	2	1	2
1313.10915	2	2	2	1	2
1313.10917	2	2	2	1	2
1313.10919	2	2	2	1	2
1313.10920	2	2	2	1	2
1313.10922	2	2	2	1	2
1313.10923	2	2	2	1	2
1313.10924	2	2	2	1	2
1313.10925	2	2	2	1	2
1313.10926	2	2	2	1	2
1313.10928	2	2	2	1	2
1313.10929	2	2	2	1	2
1313.10932	2	2	2	1	2
1313.10933	2	2	2	1	2
1313.10934	2	2	2	1	2
1313.10935	2	2	2	1	2
1313.10937	2	2	2	1	2
1313.10938	2	2	2	1	2
1313.10939	2	2	2	1	2
1313.10940	2	2	2	1	2
1313.10942	2	2	2	1	2
1313.10943	2	2	2	1	2
1313.10944	2	2	2	1	2
1313.10946	2	2	2	1	2
1313.10948	2	2	2	1	2
1313.10950	2	2	2	1	2
1313.10953	2	2	2	1	2
1313.10954	2	2	2	1	2
1313.10960	2	2	2	1	2
1313.10961	2	2	2	1	2
1313.10964	2	2	2	1	2
1313.10966	2	2	2	1	2
1313.10967	2	2	2	1	2
1313.10968	2	2	2	1	2
1313.10970	2	2	2	1	2
1313.10971	2	2	2	1	2
1313.10972	2	2	2	1	2
1313.10975	2	2	2	1	2
1313.10976	2	2	2	1	2
1313.10978	2	2	2	1	2
1313.10979	2	2	2	1	2
1313.10980	2	2	2	1	2
1313.10982	2	2	2	1	2
1313.10983	2	2	2	1	2
1313.10984	2	2	2	1	2
1313.10985	2	2	2	1	2
1313.10986	2	2	2	1	2
1313.10991	2	2	2	1	2
1313.10992	2	2	2	1	2
1313.10993	2	2	2	1	2
1313.10995	2	2	2	1	2
1313.10997	2	2	2	1	2
1313.10999	2	2	2	1	2
1313.11003	2	2	2	1	2
1313.11004	2	2	2	1	2
1313.11005	2	2	2	1	2
1313.11007	2	2	2	1	2
1313.11008	2	2	2	1	2
1313.11009	2	2	2	1	2
1313.11010	2	2	2	1	2
1313.11011	2	2	2	1	2
1313.11013	2	2	2	1	2
1313.11015	2	2	2	1	2
1313.11016	2	2	2	1	2
1313.11017	2	2	2	1	2
1313.11019	2	2	2	1	2
1313.11021	2	2	2	1	2
1313.11022	2	2	2	1	2
1313.11023	2	2	2	1	2
1313.11024	2	2	2	1	2
1313.11025	2	2	2	1	2
1313.11028	2	2	2	1	2
1313.11032	2	2	2	1	2
1313.11033	2	2	2	1	2
1313.11034	2	2	2	1	2
1313.11036	2	2	2	1	2
1313.11038	2	2	2	1	2
1313.11039	2	2	2	1	2
1313.11040	2	2	2	1	2
1313.11041	2	2	2	1	2
1313.11042	2	2	2	1	2
1313.11043	2	2	2	1	2
1313.11044	2	2	2	1	2
1313.11045	2	2	2	1	2
1313.11048	2	2	2	1	2
1313.11049	2	2	2	1	2
1313.11051	2	2	2	1	2
1313.11052	2	2	2	1	2
1313.11053	2	2	2	1	2
1313.11054	2	2	2	1	2
1313.11056	2	2	2	1	2
1313.11057	2	2	2	1	2
1313.11058	2	2	2	1	2
1313.11061	2	2	2	1	2
1313.11063	2	2	2	1	2
1313.11064	2	2	2	1	2
1313.11066	2	2	2	1	2
1313.11067	2	2	2	1	2
1313.11068	2	2	2	1	2
1313.11069	2	2	2	1	2
1313.11070	2	2	2	1	2
1313.11072	2	2	2	1	2
1313.11078	2	2	2	1	2
1313.11080	2	2	2	1	2
1313.11084	2	2	2	1	2
1313.11085	2	2	2	1	2
1313.11086	2	2	2	1	2
1313.11087	2	2	2	1	2
1313.11088	2	2	2	1	2
1313.11089	2	2	2	1	2
1313.11091	2	2	2	1	2
1313.11092	2	2	2	1	2
1313.11093	2	2	2	1	2
1313.11094	2	2	2	1	2
1313.11095	2	2	2	1	2
1313.11096	2	2	2	1	2
1313.11097	2	2	2	1	2
1313.11098	2	2	2	1	2
1313.11100	2	2	2	1	2
1313.11102	2	2	2	1	2
1313.11103	2	2	2	1	2
1313.11104	2	2	2	1	2
1313.11105	2	2	2	1	2
1313.11108	2	2	2	1	2
1313.11109	2	2	2	1	2
1313.11111	2	2	2	1	2
1313.11112	2	2	2	1	2
1313.11114	2	2	2	1	2
1313.11116	2	2	2	1	2
1313.11117	2	2	2	1	2
1313.11118	2	2	2	1	2
1313.11122	2	2	2	1	2
1313.11124	2	2	2	1	2
1313.11125	2	2	2	1	2
1313.11126	2	2	2	1	2
1313.11127	2	2	2	1	2
1313.11128	2	2	2	1	2
1313.11129	2	2	2	1	2
1313.11130	2	2	2	1	2
1313.11134	2	2	2	1	2
1313.11136	2	2	2	1	2
1313.11137	2	2	2	1	2
1313.11138	2	2	2	1	2
1313.11139	2	2	2	1	2
1313.11140	2	2	2	1	2
1313.11141	2	2	2	1	2
1313.11142	2	2	2	1	2
1313.11143	2	2	2	1	2
1313.11145	2	2	2	1	2
1313.11146	2	2	2	1	2
1313.11147	2	2	2	1	2
1313.11150	2	2	2	1	2
1313.11151	2	2	2	1	2
1313.11153	2	2	2	1	2
1313.11154	2	2	2	1	2
1313.11155	2	2	2	1	2
1313.11157	2	2	2	1	2
1313.11158	2	2	2	1	2
1313.11160	2	2	2	1	2
1313.11161	2	2	2	1	2
1313.11162	2	2	2	1	2
1313.11163	2	2	2	1	2
1313.11164	2	2	2	1	2
1313.11166	2	2	2	1	2
1313.11167	2	2	2	1	2
1313.11168	2	2	2	1	2
1313.11169	2	2	2	1	2
1313.11170	2	2	2	1	2
1313.11171	2	2	2	1	2
1313.11172	2	2	2	1	2
1313.11173	2	2	2	1	2
1313.11174	2	2	2	1	2
1313.11175	2	2	2	1	2
1313.11176	2	2	2	1	2
1313.11177	2	2	2	1	2
1313.11178	2	2	2	1	2
1313.11179	2	2	2	1	2
1313.11180	2	2	2	1	2
1313.11181	2	2	2	1	2
1313.11183	2	2	2	1	2
1313.11184	2	2	2	1	2
1313.11185	2	2	2	1	2
1313.11186	2	2	2	1	2
1313.11187	2	2	2	1	2
1313.11188	2	2	2	1	2
1313.11190	2	2	2	1	2
1313.11191	2	2	2	1	2
1313.11192	2	2	2	1	2
1313.11193	2	2	2	1	2
1313.11194	2	2	2	1	2
1313.11195	2	2	2	1	2
1313.11197	2	2	2	1	2
1313.11199	2	2	2	1	2
1313.11200	2	2	2	1	2
1313.11201	2	2	2	1	2
1313.11202	2	2	2	1	2
1313.11203	2	2	2	1	2
1313.11205	2	2	2	1	2
1313.11207	2	2	2	1	2
1313.11208	2	2	2	1	2
1313.11213	2	2	2	1	2
1313.11217	2	2	2	1	2
1313.11218	2	2	2	1	2
1313.11219	2	2	2	1	2
1313.11220	2	2	2	1	2
1313.11223	2	2	2	1	2
1313.11224	2	2	2	1	2
1313.11225	2	2	2	1	2
1313.11226	2	2	2	1	2
1313.11228	2	2	2	1	2
1313.11231	2	2	2	1	2
1313.11232	2	2	2	1	2
1313.11233	2	2	2	1	2
1313.11234	2	2	2	1	2
1313.11237	2	2	2	1	2
1313.11238	2	2	2	1	2
1313.11240	2	2	2	1	2
1313.11243	2	2	2	1	2
1313.11244	2	2	2	1	2
1313.11245	2	2	2	1	2
1313.11246	2	2	2	1	2
1313.11247	2	2	2	1	2
1313.11249	2	2	2	1	2
1313.11250	2	2	2	1	2
1313.11251	2	2	2	1	2
1313.11252	2	2	2	1	2
1313.11253	2	2	2	1	2
1313.11254	2	2	2	1	2
1313.11255	2	2	2	1	2
1313.11257	2	2	2	1	2
1313.11258	2	2	2	1	2
1313.11259	2	2	2	1	2
1313.11260	2	2	2	1	2
1313.11261	2	2	2	1	2
1313.11262	2	2	2	1	2
1313.11263	2	2	2	1	2
1313.11264	2	2	2	1	2
1313.11266	2	2	2	1	2
1313.11267	2	2	2	1	2
1313.11268	2	2	2	1	2
1313.11269	2	2	2	1	2
1313.11271	2	2	2	1	2
1313.11272	2	2	2	1	2
1313.11273	2	2	2	1	2
1313.11276	2	2	2	1	2
1313.11278	2	2	2	1	2
1313.11279	2	2	2	1	2
1313.11280	2	2	2	1	2
1313.11281	2	2	2	1	2
1313.11282	2	2	2	1	2
1313.11284	2	2	2	1	2
1313.11286	2	2	2	1	2
1313.11288	2	2	2	1	2
1313.11289	2	2	2	1	2
1313.11290	2	2	2	1	2
1313.11293	2	2	2	1	2
1313.11294	2	2	2	1	2
1313.11295	2	2	2	1	2
1313.11297	2	2	2	1	2
1313.11299	2	2	2	1	2
1313.11300	2	2	2	1	2
1313.11306	2	2	2	1	2
1313.11307	2	2	2	1	2
1313.11308	2	2	2	1	2
1313.11309	2	2	2	1	2
1313.11311	2	2	2	1	2
1313.11312	2	2	2	1	2
1313.11314	2	2	2	1	2
1313.11316	2	2	2	1	2
1313.11317	2	2	2	1	2
1313.11318	2	2	2	1	2
1313.11319	2	2	2	1	2
1313.11320	2	2	2	1	2
1313.11322	2	2	2	1	2
1313.11324	2	2	2	1	2
1313.11325	2	2	2	1	2
1313.11326	2	2	2	1	2
1313.11327	2	2	2	1	2
1313.11329	2	2	2	1	2
1313.11330	2	2	2	1	2
1313.11331	2	2	2	1	2
1313.11333	2	2	2	1	2
1313.11335	2	2	2	1	2
1313.11337	2	2	2	1	2
1313.11338	2	2	2	1	2
1313.11339	2	2	2	1	2
1313.11341	2	2	2	1	2
1313.11342	2	2	2	1	2
1313.11343	2	2	2	1	2
1313.11344	2	2	2	1	2
1313.11345	2	2	2	1	2
1313.11346	2	2	2	1	2
1313.11347	2	2	2	1	2
1313.11349	2	2	2	1	2
1313.11350	2	2	2	1	2
1313.11351	2	2	2	1	2
1313.11352	2	2	2	1	2
1313.11353	2	2	2	1	2
1313.11355	2	2	2	1	2
1313.11357	2	2	2	1	2
1313.11358	2	2	2	1	2
1313.11359	2	2	2	1	2
1313.11360	2	2	2	1	2
1313.11361	2	2	2	1	2
1313.11362	2	2	2	1	2
1313.11363	2	2	2	1	2
1313.11364	2	2	2	1	2
1313.11365	2	2	2	1	2
1313.11366	2	2	2	1	2
1313.11367	2	2	2	1	2
1313.11368	2	2	2	1	2
1313.11369	2	2	2	1	2
1313.11371	2	2	2	1	2
1313.11372	2	2	2	1	2
1313.11374	2	2	2	1	2
1313.11375	2	2	2	1	2
1313.11376	2	2	2	1	2
1313.11378	2	2	2	1	2
1313.11379	2	2	2	1	2
1313.11381	2	2	2	1	2
1313.11382	2	2	2	1	2
1313.11383	2	2	2	1	2
1313.11384	2	2	2	1	2
1313.11385	2	2	2	1	2
1313.11387	2	2	2	1	2
1313.11388	2	2	2	1	2
1313.11389	2	2	2	1	2
1313.11390	2	2	2	1	2
1313.11391	2	2	2	1	2
1313.11392	2	2	2	1	2
1313.11394	2	2	2	1	2
1313.11395	2	2	2	1	2
1313.11396	2	2	2	1	2
1313.11397	2	2	2	1	2
1313.11398	2	2	2	1	2
1313.11399	2	2	2	1	2
1313.11402	2	2	2	1	2
1313.11404	2	2	2	1	2
1313.11406	2	2	2	1	2
1313.11407	2	2	2	1	2
1313.11410	2	2	2	1	2
1313.11414	2	2	2	1	2
1313.11415	2	2	2	1	2
1313.11416	2	2	2	1	2
1313.11419	2	2	2	1	2
1313.11421	2	2	2	1	2
1313.11422	2	2	2	1	2
1313.11423	2	2	2	1	2
1313.11424	2	2	2	1	2
1313.11426	2	2	2	1	2
1313.11427	2	2	2	1	2
1313.11428	2	2	2	1	2
1313.11429	2	2	2	1	2
1313.11431	2	2	2	1	2
1313.11432	2	2	2	1	2
1313.11433	2	2	2	1	2
1313.11436	2	2	2	1	2
1313.11437	2	2	2	1	2
1313.11438	2	2	2	1	2
1313.11439	2	2	2	1	2
1313.11440	2	2	2	1	2
1313.11442	2	2	2	1	2
1313.11443	2	2	2	1	2
1313.11445	2	2	2	1	2
1313.11448	2	2	2	1	2
1313.11449	2	2	2	1	2
1313.11450	2	2	2	1	2
1313.11452	2	2	2	1	2
1313.11455	2	2	2	1	2
1313.11457	2	2	2	1	2
1313.11458	2	2	2	1	2
1313.11461	2	2	2	1	2
1313.11462	2	2	2	1	2
1313.11464	2	2	2	1	2
1313.11465	2	2	2	1	2
1313.11468	2	2	2	1	2
1313.11470	2	2	2	1	2
1313.11474	2	2	2	1	2
1313.11475	2	2	2	1	2
1313.11477	2	2	2	1	2
1313.11478	2	2	2	1	2
1313.11479	2	2	2	1	2
1313.11480	2	2	2	1	2
1313.11481	2	2	2	1	2
1313.11484	2	2	2	1	2
1313.11485	2	2	2	1	2
1313.11487	2	2	2	1	2
1313.11491	2	2	2	1	2
1313.11492	2	2	2	1	2
1313.11495	2	2	2	1	2
1313.11497	2	2	2	1	2
1313.11498	2	2	2	1	2
1313.11501	2	2	2	1	2
1313.11502	2	2	2	1	2
1313.11507	2	2	2	1	2
1313.11508	2	2	2	1	2
1313.11509	2	2	2	1	2
1313.11510	2	2	2	1	2
1313.11511	2	2	2	1	2
1313.11512	2	2	2	1	2
1313.11514	2	2	2	1	2
1313.11516	2	2	2	1	2
1313.11518	2	2	2	1	2
1313.11520	2	2	2	1	2
1313.11522	2	2	2	1	2
1313.11523	2	2	2	1	2
1313.11524	2	2	2	1	2
1313.11525	2	2	2	1	2
1313.11526	2	2	2	1	2
1313.11527	2	2	2	1	2
1313.11529	2	2	2	1	2
1313.11533	2	2	2	1	2
1313.11536	2	2	2	1	2
1313.11537	2	2	2	1	2
1313.11538	2	2	2	1	2
1313.11539	2	2	2	1	2
1313.11540	2	2	2	1	2
1313.11541	2	2	2	1	2
1313.11542	2	2	2	1	2
1313.11543	2	2	2	1	2
1313.11544	2	2	2	1	2
1313.11547	2	2	2	1	2
1313.11548	2	2	2	1	2
1313.11550	2	2	2	1	2
1313.11551	2	2	2	1	2
1313.11552	2	2	2	1	2
1313.11553	2	2	2	1	2
1313.11559	2	2	2	1	2
1313.11562	2	2	2	1	2
1313.11565	2	2	2	1	2
1313.11566	2	2	2	1	2
1313.11567	2	2	2	1	2
1313.11568	2	2	2	1	2
1313.11569	2	2	2	1	2
1313.11570	2	2	2	1	2
1313.11571	2	2	2	1	2
1313.11572	2	2	2	1	2
1313.11573	2	2	2	1	2
1313.11575	2	2	2	1	2
1313.11576	2	2	2	1	2
1313.11577	2	2	2	1	2
1313.11580	2	2	2	1	2
1313.11581	2	2	2	1	2
1313.11583	2	2	2	1	2
1313.11584	2	2	2	1	2
1313.11585	2	2	2	1	2
1313.11586	2	2	2	1	2
1313.11587	2	2	2	1	2
1313.11590	2	2	2	1	2
1313.11591	2	2	2	1	2
1313.11593	2	2	2	1	2
1313.11595	2	2	2	1	2
1313.11596	2	2	2	1	2
1313.11597	2	2	2	1	2
1313.11598	2	2	2	1	2
1313.11599	2	2	2	1	2
1313.11600	2	2	2	1	2
1313.11601	2	2	2	1	2
1313.11604	2	2	2	1	2
1313.11605	2	2	2	1	2
1313.11606	2	2	2	1	2
1313.11607	2	2	2	1	2
1313.11608	2	2	2	1	2
1313.11610	2	2	2	1	2
1313.11613	2	2	2	1	2
1313.11614	2	2	2	1	2
1313.11615	2	2	2	1	2
1313.11616	2	2	2	1	2
1313.11617	2	2	2	1	2
1313.11618	2	2	2	1	2
1313.11620	2	2	2	1	2
1313.11621	2	2	2	1	2
1313.11622	2	2	2	1	2
1313.11624	2	2	2	1	2
1313.11625	2	2	2	1	2
1313.11626	2	2	2	1	2
1313.11627	2	2	2	1	2
1313.11628	2	2	2	1	2
1313.11629	2	2	2	1	2
1313.11630	2	2	2	1	2
1313.11631	2	2	2	1	2
1313.11633	2	2	2	1	2
1313.11635	2	2	2	1	2
1313.11636	2	2	2	1	2
1313.11638	2	2	2	1	2
1313.11640	2	2	2	1	2
1313.11641	2	2	2	1	2
1313.11642	2	2	2	1	2
1313.11643	2	2	2	1	2
1313.11644	2	2	2	1	2
1313.11646	2	2	2	1	2
1313.11648	2	2	2	1	2
1313.11649	2	2	2	1	2
1313.11650	2	2	2	1	2
1313.11652	2	2	2	1	2
1313.11653	2	2	2	1	2
1313.11655	2	2	2	1	2
1313.11656	2	2	2	1	2
1313.11657	2	2	2	1	2
1313.11659	2	2	2	1	2
1313.11661	2	2	2	1	2
1313.11663	2	2	2	1	2
1313.11664	2	2	2	1	2
1313.11666	2	2	2	1	2
1313.11668	2	2	2	1	2
1313.11671	2	2	2	1	2
1313.11672	2	2	2	1	2
1313.11673	2	2	2	1	2
1313.11674	2	2	2	1	2
1313.11676	2	2	2	1	2
1313.11677	2	2	2	1	2
1313.11678	2	2	2	1	2
1313.11679	2	2	2	1	2
1313.11680	2	2	2	1	2
1313.11681	2	2	2	1	2
1313.11682	2	2	2	1	2
1313.11683	2	2	2	1	2
1313.11684	2	2	2	1	2
1313.11685	2	2	2	1	2
1313.11686	2	2	2	1	2
1313.11687	2	2	2	1	2
1313.11688	2	2	2	1	2
1313.11689	2	2	2	1	2
1313.11690	2	2	2	1	2
1313.11691	2	2	2	1	2
1313.11692	2	2	2	1	2
1313.11693	2	2	2	1	2
1313.11696	2	2	2	1	2
1313.11697	2	2	2	1	2
1313.11698	2	2	2	1	2
1313.11700	2	2	2	1	2
1313.11701	2	2	2	1	2
1313.11702	2	2	2	1	2
1313.11703	2	2	2	1	2
1313.11704	2	2	2	1	2
1313.11705	2	2	2	1	2
1313.11706	2	2	2	1	2
1313.11707	2	2	2	1	2
1313.11708	2	2	2	1	2
1313.11713	2	2	2	1	2
1313.11714	2	2	2	1	2
1313.11715	2	2	2	1	2
1313.11718	2	2	2	1	2
1313.11721	2	2	2	1	2
1313.11722	2	2	2	1	2
1313.11723	2	2	2	1	2
1313.11724	2	2	2	1	2
1313.11725	2	2	2	1	2
1313.11727	2	2	2	1	2
1313.11728	2	2	2	1	2
1313.11729	2	2	2	1	2
1313.11730	2	2	2	1	2
1313.11731	2	2	2	1	2
1313.11732	2	2	2	1	2
1313.11733	2	2	2	1	2
1313.11736	2	2	2	1	2
1313.11738	2	2	2	1	2
1313.11742	2	2	2	1	2
1313.11744	2	2	2	1	2
1313.11746	2	2	2	1	2
1313.11747	2	2	2	1	2
1313.11749	2	2	2	1	2
1313.11752	2	2	2	1	2
1313.11754	2	2	2	1	2
1313.11755	2	2	2	1	2
1313.11757	2	2	2	1	2
1313.11758	2	2	2	1	2
1313.11762	2	2	2	1	2
1313.11763	2	2	2	1	2
1313.11765	2	2	2	1	2
1313.11766	2	2	2	1	2
1313.11767	2	2	2	1	2
1313.11768	2	2	2	1	2
1313.11769	2	2	2	1	2
1313.11770	2	2	2	1	2
1313.11771	2	2	2	1	2
1313.11774	2	2	2	1	2
1313.11777	2	2	2	1	2
1313.11778	2	2	2	1	2
1313.11780	2	2	2	1	2
1313.11781	2	2	2	1	2
1313.11782	2	2	2	1	2
1313.11783	2	2	2	1	2
1313.11785	2	2	2	1	2
1313.11787	2	2	2	1	2
1313.11788	2	2	2	1	2
1313.11789	2	2	2	1	2
1313.11790	2	2	2	1	2
1313.11791	2	2	2	1	2
1313.11792	2	2	2	1	2
1313.11794	2	2	2	1	2
1313.11796	2	2	2	1	2
1313.11798	2	2	2	1	2
1313.11799	2	2	2	1	2
1313.11801	2	2	2	1	2
1313.11802	2	2	2	1	2
1313.11803	2	2	2	1	2
1313.11805	2	2	2	1	2
1313.11806	2	2	2	1	2
1313.11808	2	2	2	1	2
1313.11809	2	2	2	1	2
1313.11810	2	2	2	1	2
1313.11811	2	2	2	1	2
1313.11812	2	2	2	1	2
1313.11814	2	2	2	1	2
1313.11816	2	2	2	1	2
1313.11817	2	2	2	1	2
1313.11818	2	2	2	1	2
1313.11820	2	2	2	1	2
1313.11821	2	2	2	1	2
1313.11822	2	2	2	1	2
1313.11823	2	2	2	1	2
1313.11828	2	2	2	1	2
1313.11829	2	2	2	1	2
1313.11830	2	2	2	1	2
1313.11831	2	2	2	1	2
1313.11833	2	2	2	1	2
1313.11834	2	2	2	1	2
1313.11835	2	2	2	1	2
1313.11836	2	2	2	1	2
1313.11838	2	2	2	1	2
1313.11839	2	2	2	1	2
1313.11841	2	2	2	1	2
1313.11842	2	2	2	1	2
1313.11844	2	2	2	1	2
1313.11845	2	2	2	1	2
1313.11846	2	2	2	1	2
1313.11848	2	2	2	1	2
1313.11849	2	2	2	1	2
1313.11850	2	2	2	1	2
1313.11851	2	2	2	1	2
1313.11853	2	2	2	1	2
1313.11856	2	2	2	1	2
1313.11858	2	2	2	1	2
1313.11859	2	2	2	1	2
1313.11865	2	2	2	1	2
1313.11866	2	2	2	1	2
1313.11867	2	2	2	1	2
1313.11868	2	2	2	1	2
1313.11869	2	2	2	1	2
1313.11870	2	2	2	1	2
1313.11871	2	2	2	1	2
1313.11872	2	2	2	1	2
1313.11875	2	2	2	1	2
1313.11876	2	2	2	1	2
1313.11877	2	2	2	1	2
1313.11878	2	2	2	1	2
1313.11879	2	2	2	1	2
1313.11882	2	2	2	1	2
1313.11884	2	2	2	1	2
1313.11886	2	2	2	1	2
1313.11887	2	2	2	1	2
1313.11888	2	2	2	1	2
1313.11889	2	2	2	1	2
1313.11890	2	2	2	1	2
1313.11891	2	2	2	1	2
1313.11892	2	2	2	1	2
1313.11894	2	2	2	1	2
1313.11895	2	2	2	1	2
1313.11896	2	2	2	1	2
1313.11897	2	2	2	1	2
1313.11898	2	2	2	1	2
1313.11899	2	2	2	1	2
1313.11900	2	2	2	1	2
1313.11901	2	2	2	1	2
1313.11903	2	2	2	1	2
1313.11904	2	2	2	1	2
1313.11905	2	2	2	1	2
1313.11906	2	2	2	1	2
1313.11907	2	2	2	1	2
1313.11909	2	2	2	1	2
1313.11910	2	2	2	1	2
1313.11911	2	2	2	1	2
1313.11913	2	2	2	1	2
1313.11914	2	2	2	1	2
1313.11917	2	2	2	1	2
1313.11919	2	2	2	1	2
1313.11920	2	2	2	1	2
1313.11923	2	2	2	1	2
1313.11925	2	2	2	1	2
1313.11926	2	2	2	1	2
1313.11930	2	2	2	1	2
1313.11931	2	2	2	1	2
1313.11932	2	2	2	1	2
1313.11933	2	2	2	1	2
1313.11934	2	2	2	1	2
1313.11936	2	2	2	1	2
1313.11937	2	2	2	1	2
1313.11940	2	2	2	1	2
1313.11941	2	2	2	1	2
1313.11944	2	2	2	1	2
1313.11946	2	2	2	1	2
1313.11948	2	2	2	1	2
1313.11951	2	2	2	1	2
1313.11952	2	2	2	1	2
1313.11953	2	2	2	1	2
1313.11955	2	2	2	1	2
1313.11956	2	2	2	1	2
1313.11957	2	2	2	1	2
1313.11961	2	2	2	1	2
1313.11962	2	2	2	1	2
1313.11963	2	2	2	1	2
1313.11964	2	2	2	1	2
1313.11965	2	2	2	1	2
1313.11969	2	2	2	1	2
1313.11970	2	2	2	1	2
1313.11971	2	2	2	1	2
1313.11972	2	2	2	1	2
1313.11973	2	2	2	1	2
1313.11974	2	2	2	1	2
1313.11975	2	2	2	1	2
1313.11976	2	2	2	1	2
1313.11977	2	2	2	1	2
1313.11980	2	2	2	1	2
1313.11981	2	2	2	1	2
1313.11982	2	2	2	1	2
1313.11983	2	2	2	1	2
1313.11984	2	2	2	1	2
1313.11987	2	2	2	1	2
1313.11988	2	2	2	1	2
1313.11989	2	2	2	1	2
1313.11990	2	2	2	1	2
1313.11991	2	2	2	1	2
1313.11992	2	2	2	1	2
1313.11993	2	2	2	1	2
1313.11994	2	2	2	1	2
1313.11995	2	2	2	1	2
1313.11996	2	2	2	1	2
1313.11997	2	2	2	1	2
1313.11998	2	2	2	1	2
1313.11999	2	2	2	1	2
1313.12000	2	2	2	1	2
1313.12004	2	2	2	1	2
1313.12005	2	2	2	1	2
1313.12006	2	2	2	1	2
1313.12008	2	2	2	1	2
1313.12011	2	2	2	1	2
1313.12012	2	2	2	1	2
1313.12015	2	2	2	1	2
1313.12016	2	2	2	1	2
1313.12017	2	2	2	1	2
1313.12018	2	2	2	1	2
1313.12019	2	2	2	1	2
1313.12020	2	2	2	1	2
1313.12022	2	2	2	1	2
1313.12023	2	2	2	1	2
1313.12025	2	2	2	1	2
1313.12026	2	2	2	1	2
1313.12027	2	2	2	1	2
1313.12028	2	2	2	1	2
1313.12029	2	2	2	1	2
1313.12032	2	2	2	1	2
1313.12033	2	2	2	1	2
1313.12034	2	2	2	1	2
1313.12035	2	2	2	1	2
1313.12036	2	2	2	1	2
1313.12037	2	2	2	1	2
1313.12039	2	2	2	1	2
1313.12040	2	2	2	1	2
1313.12042	2	2	2	1	2
1313.12043	2	2	2	1	2
1313.12044	2	2	2	1	2
1313.12046	2	2	2	1	2
1313.12047	2	2	2	1	2
1313.12048	2	2	2	1	2
1313.12049	2	2	2	1	2
1313.12051	2	2	2	1	2
1313.12052	2	2	2	1	2
1313.12053	2	2	2	1	2
1313.12054	2	2	2	1	2
1313.12055	2	2	2	1	2
1313.12056	2	2	2	1	2
1313.12058	2	2	2	1	2
1313.12059	2	2	2	1	2
1313.12061	2	2	2	1	2
1313.12062	2	2	2	1	2
1313.12064	2	2	2	1	2
1313.12065	2	2	2	1	2
1313.12066	2	2	2	1	2
1313.12067	2	2	2	1	2
1313.12068	2	2	2	1	2
1313.12069	2	2	2	1	2
1313.12070	2	2	2	1	2
1313.12071	2	2	2	1	2
1313.12072	2	2	2	1	2
1313.12075	2	2	2	1	2
1313.12076	2	2	2	1	2
1313.12077	2	2	2	1	2
1313.12078	2	2	2	1	2
1313.12079	2	2	2	1	2
1313.12080	2	2	2	1	2
1313.12081	2	2	2	1	2
1313.12082	2	2	2	1	2
1313.12083	2	2	2	1	2
1313.12084	2	2	2	1	2
1313.12085	2	2	2	1	2
1313.12087	2	2	2	1	2
1313.12088	2	2	2	1	2
1313.12089	2	2	2	1	2
1313.12091	2	2	2	1	2
1313.12092	2	2	2	1	2
1313.12093	2	2	2	1	2
1313.12095	2	2	2	1	2
1313.12096	2	2	2	1	2
1313.12097	2	2	2	1	2
1313.12098	2	2	2	1	2
1313.12099	2	2	2	1	2
1313.12100	2	2	2	1	2
1313.12101	2	2	2	1	2
1313.12102	2	2	2	1	2
1313.12103	2	2	2	1	2
1313.12105	2	2	2	1	2
1313.12106	2	2	2	1	2
1313.12107	2	2	2	1	2
1313.12112	2	2	2	1	2
1313.12113	2	2	2	1	2
1313.12114	2	2	2	1	2
1313.12115	2	2	2	1	2
1313.12116	2	2	2	1	2
1313.12118	2	2	2	1	2
1313.12119	2	2	2	1	2
1313.12120	2	2	2	1	2
1313.12121	2	2	2	1	2
1313.12122	2	2	2	1	2
1313.12124	2	2	2	1	2
1313.12125	2	2	2	1	2
1313.12126	2	2	2	1	2
1313.12127	2	2	2	1	2
1313.12130	2	2	2	1	2
1313.12131	2	2	2	1	2
1313.12132	2	2	2	1	2
1313.12133	2	2	2	1	2
1313.12135	2	2	2	1	2
1313.12137	2	2	2	1	2
1313.12139	2	2	2	1	2
1313.12140	2	2	2	1	2
1313.12141	2	2	2	1	2
1313.12142	2	2	2	1	2
1313.12143	2	2	2	1	2
1313.12145	2	2	2	1	2
1313.12146	2	2	2	1	2
1313.12147	2	2	2	1	2
1313.12148	2	2	2	1	2
1313.12150	2	2	2	1	2
1313.12151	2	2	2	1	2
1313.12153	2	2	2	1	2
1313.12154	2	2	2	1	2
1313.12157	2	2	2	1	2
1313.12158	2	2	2	1	2
1313.12159	2	2	2	1	2
1313.12161	2	2	2	1	2
1313.12162	2	2	2	1	2
1313.12163	2	2	2	1	2
1313.12165	2	2	2	1	2
1313.12166	2	2	2	1	2
1313.12167	2	2	2	1	2
1313.12169	2	2	2	1	2
1313.12175	2	2	2	1	2
1313.12176	2	2	2	1	2
1313.12178	2	2	2	1	2
1313.12180	2	2	2	1	2
1313.12181	2	2	2	1	2
1313.12183	2	2	2	1	2
1313.12186	2	2	2	1	2
1313.12188	2	2	2	1	2
1313.12190	2	2	2	1	2
1313.12192	2	2	2	1	2
1313.12193	2	2	2	1	2
1313.12194	2	2	2	1	2
1313.12196	2	2	2	1	2
1313.12197	2	2	2	1	2
1313.12198	2	2	2	1	2
1313.12200	2	2	2	1	2
1313.12201	2	2	2	1	2
1313.12203	2	2	2	1	2
1313.12204	2	2	2	1	2
1313.12205	2	2	2	1	2
1313.12206	2	2	2	1	2
1313.12209	2	2	2	1	2
1313.12212	2	2	2	1	2
1313.12213	2	2	2	1	2
1313.12214	2	2	2	1	2
1313.12216	2	2	2	1	2
1313.12217	2	2	2	1	2
1313.12219	2	2	2	1	2
1313.12220	2	2	2	1	2
1313.12221	2	2	2	1	2
1313.12222	2	2	2	1	2
1313.12224	2	2	2	1	2
1313.12225	2	2	2	1	2
1313.12228	2	2	2	1	2
1313.12229	2	2	2	1	2
1313.12230	2	2	2	1	2
1313.12231	2	2	2	1	2
1313.12234	2	2	2	1	2
1313.12235	2	2	2	1	2
1313.12236	2	2	2	1	2
1313.12238	2	2	2	1	2
1313.12240	2	2	2	1	2
1313.12241	2	2	2	1	2
1313.12243	2	2	2	1	2
1313.12245	2	2	2	1	2
1313.12246	2	2	2	1	2
1313.12247	2	2	2	1	2
1313.12248	2	2	2	1	2
1313.12251	2	2	2	1	2
1313.12252	2	2	2	1	2
1313.12254	2	2	2	1	2
1313.12256	2	2	2	1	2
1313.12259	2	2	2	1	2
1313.12261	2	2	2	1	2
1313.12262	2	2	2	1	2
1313.12265	2	2	2	1	2
1313.12266	2	2	2	1	2
1313.12267	2	2	2	1	2
1313.12268	2	2	2	1	2
1313.12269	2	2	2	1	2
1313.12271	2	2	2	1	2
1313.12273	2	2	2	1	2
1313.12274	2	2	2	1	2
1313.12275	2	2	2	1	2
1313.12276	2	2	2	1	2
1313.12277	2	2	2	1	2
1313.12279	2	2	2	1	2
1313.12280	2	2	2	1	2
1313.12281	2	2	2	1	2
1313.12282	2	2	2	1	2
1313.12283	2	2	2	1	2
1313.12284	2	2	2	1	2
1313.12286	2	2	2	1	2
1313.12287	2	2	2	1	2
1313.12289	2	2	2	1	2
1313.12292	2	2	2	1	2
1313.12293	2	2	2	1	2
1313.12294	2	2	2	1	2
1313.12295	2	2	2	1	2
1313.12297	2	2	2	1	2
1313.12299	2	2	2	1	2
1313.12300	2	2	2	1	2
1313.12301	2	2	2	1	2
1313.12302	2	2	2	1	2
1313.12303	2	2	2	1	2
1313.12305	2	2	2	1	2
1313.12306	2	2	2	1	2
1313.12307	2	2	2	1	2
1313.12308	2	2	2	1	2
1313.12309	2	2	2	1	2
1313.12311	2	2	2	1	2
1313.12316	2	2	2	1	2
1313.12317	2	2	2	1	2
1313.12318	2	2	2	1	2
1313.12319	2	2	2	1	2
1313.12320	2	2	2	1	2
1313.12321	2	2	2	1	2
1313.12323	2	2	2	1	2
1313.12325	2	2	2	1	2
1313.12327	2	2	2	1	2
1313.12328	2	2	2	1	2
1313.12329	2	2	2	1	2
1313.12330	2	2	2	1	2
1313.12332	2	2	2	1	2
1313.12333	2	2	2	1	2
1313.12334	2	2	2	1	2
1313.12335	2	2	2	1	2
1313.12337	2	2	2	1	2
1313.12338	2	2	2	1	2
1313.12339	2	2	2	1	2
1313.12340	2	2	2	1	2
1313.12342	2	2	2	1	2
1313.12343	2	2	2	1	2
1313.12345	2	2	2	1	2
1313.12346	2	2	2	1	2
1313.12348	2	2	2	1	2
1313.12349	2	2	2	1	2
1313.12350	2	2	2	1	2
1313.12353	2	2	2	1	2
1313.12354	2	2	2	1	2
1313.12355	2	2	2	1	2
1313.12356	2	2	2	1	2
1313.12357	2	2	2	1	2
1313.12358	2	2	2	1	2
1313.12360	2	2	2	1	2
1313.12361	2	2	2	1	2
1313.12363	2	2	2	1	2
1313.12364	2	2	2	1	2
1313.12365	2	2	2	1	2
1313.12367	2	2	2	1	2
1313.12368	2	2	2	1	2
1313.12369	2	2	2	1	2
1313.12371	2	2	2	1	2
1313.12372	2	2	2	1	2
1313.12373	2	2	2	1	2
1313.12374	2	2	2	1	2
1313.12375	2	2	2	1	2
1313.12376	2	2	2	1	2
1313.12378	2	2	2	1	2
1313.12379	2	2	2	1	2
1313.12380	2	2	2	1	2
1313.12382	2	2	2	1	2
1313.12383	2	2	2	1	2
1313.12384	2	2	2	1	2
1313.12385	2	2	2	1	2
1313.12387	2	2	2	1	2
1313.12388	2	2	2	1	2
1313.12389	2	2	2	1	2
1313.12390	2	2	2	1	2
1313.12391	2	2	2	1	2
1313.12397	2	2	2	1	2
1313.12399	2	2	2	1	2
1313.12401	2	2	2	1	2
1313.12402	2	2	2	1	2
1313.12403	2	2	2	1	2
1313.12407	2	2	2	1	2
1313.12410	2	2	2	1	2
1313.12411	2	2	2	1	2
1313.12413	2	2	2	1	2
1313.12416	2	2	2	1	2
1313.12418	2	2	2	1	2
1313.12422	2	2	2	1	2
1313.12424	2	2	2	1	2
1313.12425	2	2	2	1	2
1313.12426	2	2	2	1	2
1313.12429	2	2	2	1	2
1313.12430	2	2	2	1	2
1313.12431	2	2	2	1	2
1313.12432	2	2	2	1	2
1313.12433	2	2	2	1	2
1313.12434	2	2	2	1	2
1313.12435	2	2	2	1	2
1313.12437	2	2	2	1	2
1313.12438	2	2	2	1	2
1313.12439	2	2	2	1	2
1313.12440	2	2	2	1	2
1313.12441	2	2	2	1	2
1313.12444	2	2	2	1	2
1313.12445	2	2	2	1	2
1313.12446	2	2	2	1	2
1313.12447	2	2	2	1	2
1313.12448	2	2	2	1	2
1313.12449	2	2	2	1	2
1313.12450	2	2	2	1	2
1313.12451	2	2	2	1	2
1313.12452	2	2	2	1	2
1313.12453	2	2	2	1	2
1313.12455	2	2	2	1	2
1313.12456	2	2	2	1	2
1313.12457	2	2	2	1	2
1313.12459	2	2	2	1	2
1313.12460	2	2	2	1	2
1313.12462	2	2	2	1	2
1313.12464	2	2	2	1	2
1313.12465	2	2	2	1	2
1313.12467	2	2	2	1	2
1313.12468	2	2	2	1	2
1313.12469	2	2	2	1	2
1313.12470	2	2	2	1	2
1313.12472	2	2	2	1	2
1313.12473	2	2	2	1	2
1313.12474	2	2	2	1	2
1313.12475	2	2	2	1	2
1313.12476	2	2	2	1	2
1313.12478	2	2	2	1	2
1313.12482	2	2	2	1	2
1313.12483	2	2	2	1	2
1313.12484	2	2	2	1	2
1313.12486	2	2	2	1	2
1313.12487	2	2	2	1	2
1313.12488	2	2	2	1	2
1313.12490	2	2	2	1	2
1313.12492	2	2	2	1	2
1313.12493	2	2	2	1	2
1313.12494	2	2	2	1	2
1313.12495	2	2	2	1	2
1313.12498	2	2	2	1	2
1313.12500	2	2	2	1	2
1313.12501	2	2	2	1	2
1313.12503	2	2	2	1	2
1313.12504	2	2	2	1	2
1313.12505	2	2	2	1	2
1313.12507	2	2	2	1	2
1313.12508	2	2	2	1	2
1313.12510	2	2	2	1	2
1313.12512	2	2	2	1	2
1313.12513	2	2	2	1	2
1313.12514	2	2	2	1	2
1313.12515	2	2	2	1	2
1313.12516	2	2	2	1	2
1313.12518	2	2	2	1	2
1313.12519	2	2	2	1	2
1313.12521	2	2	2	1	2
1313.12522	2	2	2	1	2
1313.12523	2	2	2	1	2
1313.12525	2	2	2	1	2
1313.12526	2	2	2	1	2
1313.12528	2	2	2	1	2
1313.12530	2	2	2	1	2
1313.12531	2	2	2	1	2
1313.12532	2	2	2	1	2
1313.12533	2	2	2	1	2
1313.12535	2	2	2	1	2
1313.12536	2	2	2	1	2
1313.12537	2	2	2	1	2
1313.12538	2	2	2	1	2
1313.12539	2	2	2	1	2
1313.12540	2	2	2	1	2
1313.12541	2	2	2	1	2
1313.12542	2	2	2	1	2
1313.12543	2	2	2	1	2
1313.12544	2	2	2	1	2
1313.12545	2	2	2	1	2
1313.12546	2	2	2	1	2
1313.12547	2	2	2	1	2
1313.12548	2	2	2	1	2
1313.12549	2	2	2	1	2
1313.12550	2	2	2	1	2
1313.12551	2	2	2	1	2
1313.12552	2	2	2	1	2
1313.12553	2	2	2	1	2
1313.12556	2	2	2	1	2
1313.12557	2	2	2	1	2
1313.12558	2	2	2	1	2
1313.12560	2	2	2	1	2
1313.12561	2	2	2	1	2
1313.12563	2	2	2	1	2
1313.12564	2	2	2	1	2
1313.12565	2	2	2	1	2
1313.12566	2	2	2	1	2
1313.12568	2	2	2	1	2
1313.12569	2	2	2	1	2
1313.12570	2	2	2	1	2
1313.12571	2	2	2	1	2
1313.12572	2	2	2	1	2
1313.12573	2	2	2	1	2
1313.12575	2	2	2	1	2
1313.12577	2	2	2	1	2
1313.12578	2	2	2	1	2
1313.12580	2	2	2	1	2
1313.12581	2	2	2	1	2
1313.12582	2	2	2	1	2
1313.12583	2	2	2	1	2
1313.12584	2	2	2	1	2
1313.12585	2	2	2	1	2
1313.12586	2	2	2	1	2
1313.12587	2	2	2	1	2
1313.12590	2	2	2	1	2
1313.12591	2	2	2	1	2
1313.12592	2	2	2	1	2
1313.12593	2	2	2	1	2
1313.12594	2	2	2	1	2
1313.12595	2	2	2	1	2
1313.12596	2	2	2	1	2
1313.12597	2	2	2	1	2
1313.12598	2	2	2	1	2
1313.12599	2	2	2	1	2
1313.12600	2	2	2	1	2
1313.12601	2	2	2	1	2
1313.12603	2	2	2	1	2
1313.12604	2	2	2	1	2
1313.12605	2	2	2	1	2
1313.12606	2	2	2	1	2
1313.12607	2	2	2	1	2
1313.12608	2	2	2	1	2
1313.12609	2	2	2	1	2
1313.12610	2	2	2	1	2
1313.12614	2	2	2	1	2
1313.12615	2	2	2	1	2
1313.12616	2	2	2	1	2
1313.12618	2	2	2	1	2
1313.12619	2	2	2	1	2
1313.12626	2	2	2	1	2
1313.12627	2	2	2	1	2
1313.12628	2	2	2	1	2
1313.12629	2	2	2	1	2
1313.12630	2	2	2	1	2
1313.12631	2	2	2	1	2
1313.12632	2	2	2	1	2
1313.12633	2	2	2	1	2
1313.12634	2	2	2	1	2
1313.12635	2	2	2	1	2
1313.12636	2	2	2	1	2
1313.12637	2	2	2	1	2
1313.12639	2	2	2	1	2
1313.12640	2	2	2	1	2
1313.12641	2	2	2	1	2
1313.12642	2	2	2	1	2
1313.12643	2	2	2	1	2
1313.12644	2	2	2	1	2
1313.12646	2	2	2	1	2
1313.12647	2	2	2	1	2
1313.12648	2	2	2	1	2
1313.12649	2	2	2	1	2
1313.12650	2	2	2	1	2
1313.12653	2	2	2	1	2
1313.12655	2	2	2	1	2
1313.12656	2	2	2	1	2
1313.12657	2	2	2	1	2
1313.12658	2	2	2	1	2
1313.12659	2	2	2	1	2
1313.12660	2	2	2	1	2
1313.12661	2	2	2	1	2
1313.12662	2	2	2	1	2
1313.12663	2	2	2	1	2
1313.12664	2	2	2	1	2
1313.12665	2	2	2	1	2
1313.12666	2	2	2	1	2
1313.12668	2	2	2	1	2
1313.12669	2	2	2	1	2
1313.12670	2	2	2	1	2
1313.12671	2	2	2	1	2
1313.12672	2	2	2	1	2
1313.12674	2	2	2	1	2
1313.12675	2	2	2	1	2
1313.12677	2	2	2	1	2
1313.12678	2	2	2	1	2
1313.12679	2	2	2	1	2
1313.12683	2	2	2	1	2
1313.12684	2	2	2	1	2
1313.12685	2	2	2	1	2
1313.12687	2	2	2	1	2
1313.12689	2	2	2	1	2
1313.12690	2	2	2	1	2
1313.12691	2	2	2	1	2
1313.12692	2	2	2	1	2
1313.12693	2	2	2	1	2
1313.12694	2	2	2	1	2
1313.12695	2	2	2	1	2
1313.12696	2	2	2	1	2
1313.12697	2	2	2	1	2
1313.12698	2	2	2	1	2
1313.12699	2	2	2	1	2
1313.12702	2	2	2	1	2
1313.12703	2	2	2	1	2
1313.12706	2	2	2	1	2
1313.12707	2	2	2	1	2
1313.12708	2	2	2	1	2
1313.12709	2	2	2	1	2
1313.12711	2	2	2	1	2
1313.12712	2	2	2	1	2
1313.12713	2	2	2	1	2
1313.12714	2	2	2	1	2
1313.12715	2	2	2	1	2
1313.12716	2	2	2	1	2
1313.12717	2	2	2	1	2
1313.12719	2	2	2	1	2
1313.12722	2	2	2	1	2
1313.12723	2	2	2	1	2
1313.12724	2	2	2	1	2
1313.12726	2	2	2	1	2
1313.12728	2	2	2	1	2
1313.12729	2	2	2	1	2
1313.12731	2	2	2	1	2
1313.12732	2	2	2	1	2
1313.12734	2	2	2	1	2
1313.12735	2	2	2	1	2
1313.12736	2	2	2	1	2
1313.12737	2	2	2	1	2
1313.12739	2	2	2	1	2
1313.12740	2	2	2	1	2
1313.12741	2	2	2	1	2
1313.12742	2	2	2	1	2
1313.12743	2	2	2	1	2
1313.12744	2	2	2	1	2
1313.12745	2	2	2	1	2
1313.12746	2	2	2	1	2
1313.12747	2	2	2	1	2
1313.12748	2	2	2	1	2
1313.12750	2	2	2	1	2
1313.12752	2	2	2	1	2
1313.12753	2	2	2	1	2
1313.12754	2	2	2	1	2
1313.12756	2	2	2	1	2
1313.12758	2	2	2	1	2
1313.12760	2	2	2	1	2
1313.12762	2	2	2	1	2
1313.12763	2	2	2	1	2
1313.12766	2	2	2	1	2
1313.12767	2	2	2	1	2
1313.12768	2	2	2	1	2
1313.12769	2	2	2	1	2
1313.12770	2	2	2	1	2
1313.12773	2	2	2	1	2
1313.12774	2	2	2	1	2
1313.12775	2	2	2	1	2
1313.12776	2	2	2	1	2
1313.12778	2	2	2	1	2
1313.12779	2	2	2	1	2
1313.12781	2	2	2	1	2
1313.12783	2	2	2	1	2
1313.12785	2	2	2	1	2
1313.12786	2	2	2	1	2
1313.12787	2	2	2	1	2
1313.12788	2	2	2	1	2
1313.12792	2	2	2	1	2
1313.12794	2	2	2	1	2
1313.12795	2	2	2	1	2
1313.12796	2	2	2	1	2
1313.12797	2	2	2	1	2
1313.12798	2	2	2	1	2
1313.12799	2	2	2	1	2
1313.12800	2	2	2	1	2
1313.12802	2	2	2	1	2
1313.12803	2	2	2	1	2
1313.12804	2	2	2	1	2
1313.12806	2	2	2	1	2
1313.12810	2	2	2	1	2
1313.12813	2	2	2	1	2
1313.12815	2	2	2	1	2
1313.12816	2	2	2	1	2
1313.12818	2	2	2	1	2
1313.12819	2	2	2	1	2
1313.12820	2	2	2	1	2
1313.12821	2	2	2	1	2
1313.12822	2	2	2	1	2
1313.12825	2	2	2	1	2
1313.12826	2	2	2	1	2
1313.12827	2	2	2	1	2
1313.12828	2	2	2	1	2
1313.12830	2	2	2	1	2
1313.12831	2	2	2	1	2
1313.12832	2	2	2	1	2
1313.12835	2	2	2	1	2
1313.12836	2	2	2	1	2
1313.12837	2	2	2	1	2
1313.12838	2	2	2	1	2
1313.12841	2	2	2	1	2
1313.12843	2	2	2	1	2
1313.12846	2	2	2	1	2
1313.12847	2	2	2	1	2
1313.12848	2	2	2	1	2
1313.12849	2	2	2	1	2
1313.12851	2	2	2	1	2
1313.12856	2	2	2	1	2
1313.12857	2	2	2	1	2
1313.12858	2	2	2	1	2
1313.12859	2	2	2	1	2
1313.12864	2	2	2	1	2
1313.12865	2	2	2	1	2
1313.12867	2	2	2	1	2
1313.12869	2	2	2	1	2
1313.12870	2	2	2	1	2
1313.12873	2	2	2	1	2
1313.12874	2	2	2	1	2
1313.12875	2	2	2	1	2
1313.12876	2	2	2	1	2
1313.12878	2	2	2	1	2
1313.12879	2	2	2	1	2
1313.12880	2	2	2	1	2
1313.12882	2	2	2	1	2
1313.12883	2	2	2	1	2
1313.12884	2	2	2	1	2
1313.12885	2	2	2	1	2
1313.12886	2	2	2	1	2
1313.12887	2	2	2	1	2
1313.12888	2	2	2	1	2
1313.12889	2	2	2	1	2
1313.12890	2	2	2	1	2
1313.12892	2	2	2	1	2
1313.12893	2	2	2	1	2
1313.12895	2	2	2	1	2
1313.12897	2	2	2	1	2
1313.12900	2	2	2	1	2
1313.12903	2	2	2	1	2
1313.12904	2	2	2	1	2
1313.12905	2	2	2	1	2
1313.12906	2	2	2	1	2
1313.12907	2	2	2	1	2
1313.12908	2	2	2	1	2
1313.12909	2	2	2	1	2
1313.12911	2	2	2	1	2
1313.12912	2	2	2	1	2
1313.12913	2	2	2	1	2
1313.12914	2	2	2	1	2
1313.12916	2	2	2	1	2
1313.12917	2	2	2	1	2
1313.12918	2	2	2	1	2
1313.12919	2	2	2	1	2
1313.12920	2	2	2	1	2
1313.12922	2	2	2	1	2
1313.12924	2	2	2	1	2
1313.12925	2	2	2	1	2
1313.12929	2	2	2	1	2
1313.12931	2	2	2	1	2
1313.12932	2	2	2	1	2
1313.12934	2	2	2	1	2
1313.12935	2	2	2	1	2
1313.12936	2	2	2	1	2
1313.12937	2	2	2	1	2
1313.12939	2	2	2	1	2
1313.12941	2	2	2	1	2
1313.12943	2	2	2	1	2
1313.12945	2	2	2	1	2
1313.12946	2	2	2	1	2
1313.12947	2	2	2	1	2
1313.12948	2	2	2	1	2
1313.12949	2	2	2	1	2
1313.12950	2	2	2	1	2
1313.12951	2	2	2	1	2
1313.12954	2	2	2	1	2
1313.12955	2	2	2	1	2
1313.12957	2	2	2	1	2
1313.12958	2	2	2	1	2
1313.12959	2	2	2	1	2
1313.12961	2	2	2	1	2
1313.12962	2	2	2	1	2
1313.12964	2	2	2	1	2
1313.12965	2	2	2	1	2
1313.12968	2	2	2	1	2
1313.12971	2	2	2	1	2
1313.12972	2	2	2	1	2
1313.12974	2	2	2	1	2
1313.12976	2	2	2	1	2
1313.12980	2	2	2	1	2
1313.12981	2	2	2	1	2
1313.12982	2	2	2	1	2
1313.12983	2	2	2	1	2
1313.12988	2	2	2	1	2
1313.12989	2	2	2	1	2
1313.12992	2	2	2	1	2
1313.12993	2	2	2	1	2
1313.12994	2	2	2	1	2
1313.12995	2	2	2	1	2
1313.12996	2	2	2	1	2
1313.12997	2	2	2	1	2
1313.12998	2	2	2	1	2
1313.13001	2	2	2	1	2
1313.13002	2	2	2	1	2
1313.13005	2	2	2	1	2
1313.13006	2	2	2	1	2
1313.13007	2	2	2	1	2
1313.13008	2	2	2	1	2
1313.13010	2	2	2	1	2
1313.13012	2	2	2	1	2
1313.13015	2	2	2	1	2
1313.13016	2	2	2	1	2
1313.13017	2	2	2	1	2
1313.13018	2	2	2	1	2
1313.13019	2	2	2	1	2
1313.13020	2	2	2	1	2
1313.13021	2	2	2	1	2
1313.13022	2	2	2	1	2
1313.13023	2	2	2	1	2
1313.13024	2	2	2	1	2
1313.13026	2	2	2	1	2
1313.13028	2	2	2	1	2
1313.13029	2	2	2	1	2
1313.13030	2	2	2	1	2
1313.13032	2	2	2	1	2
1313.13035	2	2	2	1	2
1313.13036	2	2	2	1	2
1313.13037	2	2	2	1	2
1313.13038	2	2	2	1	2
1313.13039	2	2	2	1	2
1313.13041	2	2	2	1	2
1313.13043	2	2	2	1	2
1313.13045	2	2	2	1	2
1313.13046	2	2	2	1	2
1313.13049	2	2	2	1	2
1313.13050	2	2	2	1	2
1313.13053	2	2	2	1	2
1313.13054	2	2	2	1	2
1313.13057	2	2	2	1	2
1313.13058	2	2	2	1	2
1313.13059	2	2	2	1	2
1313.13060	2	2	2	1	2
1313.13061	2	2	2	1	2
1313.13063	2	2	2	1	2
1313.13064	2	2	2	1	2
1313.13065	2	2	2	1	2
1313.13066	2	2	2	1	2
1313.13067	2	2	2	1	2
1313.13069	2	2	2	1	2
1313.13070	2	2	2	1	2
1313.13071	2	2	2	1	2
1313.6428	2	2	2	1	2
1313.9977	2	2	2	1	2
1313.9978	2	2	2	1	2
1313.9980	2	2	2	1	2
1313.9984	2	2	2	1	2
1313.9985	2	2	2	1	2
1313.9986	2	2	2	1	2
1313.9988	2	2	2	1	2
1313.9991	2	2	2	1	2
1313.9992	2	2	2	1	2
1313.9994	2	2	2	1	2
1313.9995	2	2	2	1	2
1313.9996	2	2	2	1	2
1313.9998	2	2	2	1	2
1313.10003	2	2	2	0	2
1313.10006	2	2	2	0	2
1313.10011	2	2	2	0	2
1313.10013	2	2	2	0	2
1313.10014	2	2	2	0	2
1313.10018	2	2	2	0	2
1313.10019	2	2	2	0	2
1313.10020	2	2	2	0	2
1313.10025	2	2	2	0	2
1313.10029	2	2	2	0	2
1313.10032	2	2	2	0	2
1313.10039	2	2	2	0	2
1313.10043	2	2	2	0	2
1313.10055	2	2	2	0	2
1313.10061	2	2	2	0	2
1313.10069	2	2	2	0	2
1313.10070	2	2	2	0	2
1313.10072	2	2	2	0	2
1313.10076	2	2	2	0	2
1313.10080	2	2	2	0	2
1313.10088	2	2	2	0	2
1313.10096	2	2	2	0	2
1313.10097	2	2	2	0	2
1313.10103	2	2	2	0	2
1313.10104	2	2	2	0	2
1313.10106	2	2	2	0	2
1313.10118	2	2	2	0	2
1313.10121	2	2	2	0	2
1313.10122	2	2	2	0	2
1313.10130	2	2	2	0	2
1313.10134	2	2	2	0	2
1313.10155	2	2	2	0	2
1313.10164	2	2	2	0	2
1313.10165	2	2	2	0	2
1313.10171	2	2	2	0	2
1313.10177	2	2	2	0	2
1313.10182	2	2	2	0	2
1313.10186	2	2	2	0	2
1313.10206	2	2	2	0	2
1313.10217	2	2	2	0	2
1313.10218	2	2	2	0	2
1313.10219	2	2	2	0	2
1313.10229	2	2	2	0	2
1313.10234	2	2	2	0	2
1313.10245	2	2	2	0	2
1313.10258	2	2	2	0	2
1313.10260	2	2	2	0	2
1313.10263	2	2	2	0	2
1313.10265	2	2	2	0	2
1313.10272	2	2	2	0	2
1313.10273	2	2	2	0	2
1313.10280	2	2	2	0	2
1313.10288	2	2	2	0	2
1313.10289	2	2	2	0	2
1313.10293	2	2	2	0	2
1313.10296	2	2	2	0	2
1313.10297	2	2	2	0	2
1313.10299	2	2	2	0	2
1313.10304	2	2	2	0	2
1313.10306	2	2	2	0	2
1313.10307	2	2	2	0	2
1313.10314	2	2	2	0	2
1313.10320	2	2	2	0	2
1313.10329	2	2	2	0	2
1313.10338	2	2	2	0	2
1313.10351	2	2	2	0	2
1313.10368	2	2	2	0	2
1313.10374	2	2	2	0	2
1313.10382	2	2	2	0	2
1313.10387	2	2	2	0	2
1313.10388	2	2	2	0	2
1313.10389	2	2	2	0	2
1313.10391	2	2	2	0	2
1313.10392	2	2	2	0	2
1313.10396	2	2	2	0	2
1313.10402	2	2	2	0	2
1313.10405	2	2	2	0	2
1313.10408	2	2	2	0	2
1313.10409	2	2	2	0	2
1313.10412	2	2	2	0	2
1313.10413	2	2	2	0	2
1313.10415	2	2	2	0	2
1313.10420	2	2	2	0	2
1313.10424	2	2	2	0	2
1313.10428	2	2	2	0	2
1313.10432	2	2	2	0	2
1313.10433	2	2	2	0	2
1313.10435	2	2	2	0	2
1313.10444	2	2	2	0	2
1313.10453	2	2	2	0	2
1313.10455	2	2	2	0	2
1313.10469	2	2	2	0	2
1313.10474	2	2	2	0	2
1313.10489	2	2	2	0	2
1313.10492	2	2	2	0	2
1313.10494	2	2	2	0	2
1313.10499	2	2	2	0	2
1313.10504	2	2	2	0	2
1313.10505	2	2	2	0	2
1313.10506	2	2	2	0	2
1313.10507	2	2	2	0	2
1313.10509	2	2	2	0	2
1313.10511	2	2	2	0	2
1313.10514	2	2	2	0	2
1313.10515	2	2	2	0	2
1313.10521	2	2	2	0	2
1313.10523	2	2	2	0	2
1313.10524	2	2	2	0	2
1313.10554	2	2	2	0	2
1313.10558	2	2	2	0	2
1313.10560	2	2	2	0	2
1313.10561	2	2	2	0	2
1313.10565	2	2	2	0	2
1313.10567	2	2	2	0	2
1313.10569	2	2	2	0	2
1313.10576	2	2	2	0	2
1313.10577	2	2	2	0	2
1313.10583	2	2	2	0	2
1313.10588	2	2	2	0	2
1313.10600	2	2	2	0	2
1313.10603	2	2	2	0	2
1313.10604	2	2	2	0	2
1313.10620	2	2	2	0	2
1313.10624	2	2	2	0	2
1313.10645	2	2	2	0	2
1313.10648	2	2	2	0	2
1313.10652	2	2	2	0	2
1313.10655	2	2	2	0	2
1313.10656	2	2	2	0	2
1313.10669	2	2	2	0	2
1313.10673	2	2	2	0	2
1313.10688	2	2	2	0	2
1313.10691	2	2	2	0	2
1313.10697	2	2	2	0	2
1313.10699	2	2	2	0	2
1313.10702	2	2	2	0	2
1313.10705	2	2	2	0	2
1313.10711	2	2	2	0	2
1313.10738	2	2	2	0	2
1313.10739	2	2	2	0	2
1313.10746	2	2	2	0	2
1313.10748	2	2	2	0	2
1313.10756	2	2	2	0	2
1313.10771	2	2	2	0	2
1313.10773	2	2	2	0	2
1313.10777	2	2	2	0	2
1313.10788	2	2	2	0	2
1313.10790	2	2	2	0	2
1313.10799	2	2	2	0	2
1313.10801	2	2	2	0	2
1313.10809	2	2	2	0	2
1313.10812	2	2	2	0	2
1313.10814	2	2	2	0	2
1313.10816	2	2	2	0	2
1313.10820	2	2	2	0	2
1313.10822	2	2	2	0	2
1313.10824	2	2	2	0	2
1313.10826	2	2	2	0	2
1313.10834	2	2	2	0	2
1313.10838	2	2	2	0	2
1313.10841	2	2	2	0	2
1313.10844	2	2	2	0	2
1313.10845	2	2	2	0	2
1313.10847	2	2	2	0	2
1313.10861	2	2	2	0	2
1313.10868	2	2	2	0	2
1313.10887	2	2	2	0	2
1313.10890	2	2	2	0	2
1313.10892	2	2	2	0	2
1313.10902	2	2	2	0	2
1313.10907	2	2	2	0	2
1313.10908	2	2	2	0	2
1313.10911	2	2	2	0	2
1313.10912	2	2	2	0	2
1313.10916	2	2	2	0	2
1313.10918	2	2	2	0	2
1313.10927	2	2	2	0	2
1313.10931	2	2	2	0	2
1313.10941	2	2	2	0	2
1313.10945	2	2	2	0	2
1313.10951	2	2	2	0	2
1313.10955	2	2	2	0	2
1313.10956	2	2	2	0	2
1313.10957	2	2	2	0	2
1313.10959	2	2	2	0	2
1313.10962	2	2	2	0	2
1313.10965	2	2	2	0	2
1313.10969	2	2	2	0	2
1313.10973	2	2	2	0	2
1313.10977	2	2	2	0	2
1313.10990	2	2	2	0	2
1313.10994	2	2	2	0	2
1313.10996	2	2	2	0	2
1313.11006	2	2	2	0	2
1313.11012	2	2	2	0	2
1313.11018	2	2	2	0	2
1313.11020	2	2	2	0	2
1313.11026	2	2	2	0	2
1313.11027	2	2	2	0	2
1313.11030	2	2	2	0	2
1313.11031	2	2	2	0	2
1313.11035	2	2	2	0	2
1313.11037	2	2	2	0	2
1313.11046	2	2	2	0	2
1313.11047	2	2	2	0	2
1313.11055	2	2	2	0	2
1313.11059	2	2	2	0	2
1313.11062	2	2	2	0	2
1313.11071	2	2	2	0	2
1313.11074	2	2	2	0	2
1313.11075	2	2	2	0	2
1313.11079	2	2	2	0	2
1313.11081	2	2	2	0	2
1313.11082	2	2	2	0	2
1313.11083	2	2	2	0	2
1313.11106	2	2	2	0	2
1313.11110	2	2	2	0	2
1313.11113	2	2	2	0	2
1313.11119	2	2	2	0	2
1313.11131	2	2	2	0	2
1313.11133	2	2	2	0	2
1313.11135	2	2	2	0	2
1313.11144	2	2	2	0	2
1313.11148	2	2	2	0	2
1313.11152	2	2	2	0	2
1313.11156	2	2	2	0	2
1313.11165	2	2	2	0	2
1313.11182	2	2	2	0	2
1313.11204	2	2	2	0	2
1313.11211	2	2	2	0	2
1313.11212	2	2	2	0	2
1313.11214	2	2	2	0	2
1313.11215	2	2	2	0	2
1313.11221	2	2	2	0	2
1313.11227	2	2	2	0	2
1313.11229	2	2	2	0	2
1313.11235	2	2	2	0	2
1313.11236	2	2	2	0	2
1313.11248	2	2	2	0	2
1313.11265	2	2	2	0	2
1313.11270	2	2	2	0	2
1313.11275	2	2	2	0	2
1313.11277	2	2	2	0	2
1313.11283	2	2	2	0	2
1313.11285	2	2	2	0	2
1313.11287	2	2	2	0	2
1313.11291	2	2	2	0	2
1313.11296	2	2	2	0	2
1313.11298	2	2	2	0	2
1313.11302	2	2	2	0	2
1313.11303	2	2	2	0	2
1313.11304	2	2	2	0	2
1313.11305	2	2	2	0	2
1313.11310	2	2	2	0	2
1313.11315	2	2	2	0	2
1313.11321	2	2	2	0	2
1313.11328	2	2	2	0	2
1313.11332	2	2	2	0	2
1313.11334	2	2	2	0	2
1313.11340	2	2	2	0	2
1313.11354	2	2	2	0	2
1313.11370	2	2	2	0	2
1313.11377	2	2	2	0	2
1313.11380	2	2	2	0	2
1313.11393	2	2	2	0	2
1313.11400	2	2	2	0	2
1313.11405	2	2	2	0	2
1313.11408	2	2	2	0	2
1313.11409	2	2	2	0	2
1313.11412	2	2	2	0	2
1313.11417	2	2	2	0	2
1313.11420	2	2	2	0	2
1313.11435	2	2	2	0	2
1313.11441	2	2	2	0	2
1313.11444	2	2	2	0	2
1313.11446	2	2	2	0	2
1313.11447	2	2	2	0	2
1313.11453	2	2	2	0	2
1313.11454	2	2	2	0	2
1313.11456	2	2	2	0	2
1313.11460	2	2	2	0	2
1313.11463	2	2	2	0	2
1313.11466	2	2	2	0	2
1313.11469	2	2	2	0	2
1313.11471	2	2	2	0	2
1313.11472	2	2	2	0	2
1313.11473	2	2	2	0	2
1313.11482	2	2	2	0	2
1313.11486	2	2	2	0	2
1313.11488	2	2	2	0	2
1313.11493	2	2	2	0	2
1313.11494	2	2	2	0	2
1313.11496	2	2	2	0	2
1313.11499	2	2	2	0	2
1313.11503	2	2	2	0	2
1313.11505	2	2	2	0	2
1313.11506	2	2	2	0	2
1313.11513	2	2	2	0	2
1313.11519	2	2	2	0	2
1313.11521	2	2	2	0	2
1313.11528	2	2	2	0	2
1313.11530	2	2	2	0	2
1313.11531	2	2	2	0	2
1313.11534	2	2	2	0	2
1313.11535	2	2	2	0	2
1313.11545	2	2	2	0	2
1313.11549	2	2	2	0	2
1313.11554	2	2	2	0	2
1313.11557	2	2	2	0	2
1313.11563	2	2	2	0	2
1313.11574	2	2	2	0	2
1313.11579	2	2	2	0	2
1313.11589	2	2	2	0	2
1313.11592	2	2	2	0	2
1313.11602	2	2	2	0	2
1313.11603	2	2	2	0	2
1313.11609	2	2	2	0	2
1313.11623	2	2	2	0	2
1313.11637	2	2	2	0	2
1313.11639	2	2	2	0	2
1313.11647	2	2	2	0	2
1313.11651	2	2	2	0	2
1313.11654	2	2	2	0	2
1313.11658	2	2	2	0	2
1313.11662	2	2	2	0	2
1313.11669	2	2	2	0	2
1313.11670	2	2	2	0	2
1313.11675	2	2	2	0	2
1313.11709	2	2	2	0	2
1313.11712	2	2	2	0	2
1313.11716	2	2	2	0	2
1313.11719	2	2	2	0	2
1313.11726	2	2	2	0	2
1313.11734	2	2	2	0	2
1313.11737	2	2	2	0	2
1313.11739	2	2	2	0	2
1313.11740	2	2	2	0	2
1313.11743	2	2	2	0	2
1313.11745	2	2	2	0	2
1313.11748	2	2	2	0	2
1313.11750	2	2	2	0	2
1313.11753	2	2	2	0	2
1313.11760	2	2	2	0	2
1313.11761	2	2	2	0	2
1313.11772	2	2	2	0	2
1313.11773	2	2	2	0	2
1313.11775	2	2	2	0	2
1313.11779	2	2	2	0	2
1313.11786	2	2	2	0	2
1313.11793	2	2	2	0	2
1313.11795	2	2	2	0	2
1313.11800	2	2	2	0	2
1313.11804	2	2	2	0	2
1313.11813	2	2	2	0	2
1313.11815	2	2	2	0	2
1313.11826	2	2	2	0	2
1313.11827	2	2	2	0	2
1313.11832	2	2	2	0	2
1313.11843	2	2	2	0	2
1313.11847	2	2	2	0	2
1313.11860	2	2	2	0	2
1313.11861	2	2	2	0	2
1313.11863	2	2	2	0	2
1313.11873	2	2	2	0	2
1313.11881	2	2	2	0	2
1313.11883	2	2	2	0	2
1313.11893	2	2	2	0	2
1313.11912	2	2	2	0	2
1313.11922	2	2	2	0	2
1313.11924	2	2	2	0	2
1313.11927	2	2	2	0	2
1313.11928	2	2	2	0	2
1313.11929	2	2	2	0	2
1313.11938	2	2	2	0	2
1313.11942	2	2	2	0	2
1313.11943	2	2	2	0	2
1313.11945	2	2	2	0	2
1313.11950	2	2	2	0	2
1313.11959	2	2	2	0	2
1313.11960	2	2	2	0	2
1313.11967	2	2	2	0	2
1313.11968	2	2	2	0	2
1313.11978	2	2	2	0	2
1313.11985	2	2	2	0	2
1313.11986	2	2	2	0	2
1313.12001	2	2	2	0	2
1313.12002	2	2	2	0	2
1313.12003	2	2	2	0	2
1313.12007	2	2	2	0	2
1313.12021	2	2	2	0	2
1313.12024	2	2	2	0	2
1313.12030	2	2	2	0	2
1313.12038	2	2	2	0	2
1313.12045	2	2	2	0	2
1313.12074	2	2	2	0	2
1313.12086	2	2	2	0	2
1313.12094	2	2	2	0	2
1313.12110	2	2	2	0	2
1313.12111	2	2	2	0	2
1313.12129	2	2	2	0	2
1313.12144	2	2	2	0	2
1313.12149	2	2	2	0	2
1313.12155	2	2	2	0	2
1313.12156	2	2	2	0	2
1313.12164	2	2	2	0	2
1313.12174	2	2	2	0	2
1313.12177	2	2	2	0	2
1313.12179	2	2	2	0	2
1313.12182	2	2	2	0	2
1313.12184	2	2	2	0	2
1313.12185	2	2	2	0	2
1313.12187	2	2	2	0	2
1313.12189	2	2	2	0	2
1313.12202	2	2	2	0	2
1313.12207	2	2	2	0	2
1313.12208	2	2	2	0	2
1313.12218	2	2	2	0	2
1313.12226	2	2	2	0	2
1313.12227	2	2	2	0	2
1313.12232	2	2	2	0	2
1313.12244	2	2	2	0	2
1313.12250	2	2	2	0	2
1313.12253	2	2	2	0	2
1313.12255	2	2	2	0	2
1313.12258	2	2	2	0	2
1313.12260	2	2	2	0	2
1313.12263	2	2	2	0	2
1313.12264	2	2	2	0	2
1313.12270	2	2	2	0	2
1313.12272	2	2	2	0	2
1313.12278	2	2	2	0	2
1313.12291	2	2	2	0	2
1313.12296	2	2	2	0	2
1313.12304	2	2	2	0	2
1313.12310	2	2	2	0	2
1313.12312	2	2	2	0	2
1313.12314	2	2	2	0	2
1313.12315	2	2	2	0	2
1313.12324	2	2	2	0	2
1313.12347	2	2	2	0	2
1313.12351	2	2	2	0	2
1313.12352	2	2	2	0	2
1313.12366	2	2	2	0	2
1313.12377	2	2	2	0	2
1313.12381	2	2	2	0	2
1313.12393	2	2	2	0	2
1313.12395	2	2	2	0	2
1313.12396	2	2	2	0	2
1313.12404	2	2	2	0	2
1313.12409	2	2	2	0	2
1313.12419	2	2	2	0	2
1313.12423	2	2	2	0	2
1313.12427	2	2	2	0	2
1313.12436	2	2	2	0	2
1313.12454	2	2	2	0	2
1313.12458	2	2	2	0	2
1313.12463	2	2	2	0	2
1313.12471	2	2	2	0	2
1313.12479	2	2	2	0	2
1313.12480	2	2	2	0	2
1313.12481	2	2	2	0	2
1313.12485	2	2	2	0	2
1313.12489	2	2	2	0	2
1313.12496	2	2	2	0	2
1313.12497	2	2	2	0	2
1313.12499	2	2	2	0	2
1313.12506	2	2	2	0	2
1313.12509	2	2	2	0	2
1313.12511	2	2	2	0	2
1313.12517	2	2	2	0	2
1313.12520	2	2	2	0	2
1313.12524	2	2	2	0	2
1313.12527	2	2	2	0	2
1313.12529	2	2	2	0	2
1313.12534	2	2	2	0	2
1313.12555	2	2	2	0	2
1313.12562	2	2	2	0	2
1313.12574	2	2	2	0	2
1313.12579	2	2	2	0	2
1313.12622	2	2	2	0	2
1313.12624	2	2	2	0	2
1313.12625	2	2	2	0	2
1313.12638	2	2	2	0	2
1313.12652	2	2	2	0	2
1313.12667	2	2	2	0	2
1313.12682	2	2	2	0	2
1313.12688	2	2	2	0	2
1313.12701	2	2	2	0	2
1313.12710	2	2	2	0	2
1313.12718	2	2	2	0	2
1313.12720	2	2	2	0	2
1313.12727	2	2	2	0	2
1313.12730	2	2	2	0	2
1313.12733	2	2	2	0	2
1313.12738	2	2	2	0	2
1313.12749	2	2	2	0	2
1313.12751	2	2	2	0	2
1313.12755	2	2	2	0	2
1313.12757	2	2	2	0	2
1313.12765	2	2	2	0	2
1313.12777	2	2	2	0	2
1313.12780	2	2	2	0	2
1313.12782	2	2	2	0	2
1313.12784	2	2	2	0	2
1313.12789	2	2	2	0	2
1313.12790	2	2	2	0	2
1313.12791	2	2	2	0	2
1313.12793	2	2	2	0	2
1313.12801	2	2	2	0	2
1313.12807	2	2	2	0	2
1313.12808	2	2	2	0	2
1313.12809	2	2	2	0	2
1313.12811	2	2	2	0	2
1313.12812	2	2	2	0	2
1313.12814	2	2	2	0	2
1313.12817	2	2	2	0	2
1313.12823	2	2	2	0	2
1313.12829	2	2	2	0	2
1313.12833	2	2	2	0	2
1313.12834	2	2	2	0	2
1313.12839	2	2	2	0	2
1313.12850	2	2	2	0	2
1313.12852	2	2	2	0	2
1313.12853	2	2	2	0	2
1313.12854	2	2	2	0	2
1313.12860	2	2	2	0	2
1313.12861	2	2	2	0	2
1313.12862	2	2	2	0	2
1313.12866	2	2	2	0	2
1313.12868	2	2	2	0	2
1313.12871	2	2	2	0	2
1313.12872	2	2	2	0	2
1313.12877	2	2	2	0	2
1313.12881	2	2	2	0	2
1313.12896	2	2	2	0	2
1313.12899	2	2	2	0	2
1313.12901	2	2	2	0	2
1313.12910	2	2	2	0	2
1313.12921	2	2	2	0	2
1313.12927	2	2	2	0	2
1313.12933	2	2	2	0	2
1313.12952	2	2	2	0	2
1313.12956	2	2	2	0	2
1313.12960	2	2	2	0	2
1313.12963	2	2	2	0	2
1313.12966	2	2	2	0	2
1313.12967	2	2	2	0	2
1313.12969	2	2	2	0	2
1313.12973	2	2	2	0	2
1313.12975	2	2	2	0	2
1313.12978	2	2	2	0	2
1313.12984	2	2	2	0	2
1313.12986	2	2	2	0	2
1313.12990	2	2	2	0	2
1313.12991	2	2	2	0	2
1313.13000	2	2	2	0	2
1313.13004	2	2	2	0	2
1313.13011	2	2	2	0	2
1313.13025	2	2	2	0	2
1313.13027	2	2	2	0	2
1313.13031	2	2	2	0	2
1313.13034	2	2	2	0	2
1313.13042	2	2	2	0	2
1313.13047	2	2	2	0	2
1313.13048	2	2	2	0	2
1313.13051	2	2	2	0	2
1313.13055	2	2	2	0	2
1313.13056	2	2	2	0	2
1313.13062	2	2	2	0	2
1313.13068	2	2	2	0	2
1313.13072	2	2	2	0	2
1313.13085	2	2	2	0	2
1313.5261	2	2	2	0	2
1313.9975	2	2	2	0	2
1313.9976	2	2	2	0	2
1313.9979	2	2	2	0	2
1313.9981	2	2	2	0	2
1313.9982	2	2	2	0	2
1313.9983	2	2	2	0	2
1313.9990	2	2	2	0	2
1313.9993	2	2	2	0	2
1313.9997	2	2	2	0	2
1313.9999	2	2	2	0	2
