	chloramphenicol	gentamicin	ceftiofur	sulfisoxazole	streptomycin	ampicillin	cefoxitin	ceftriaxone	tetracycline
108619.101	1	2	1	1	1	1	1	1	1
108619.160	1	1	0	1	1	1	0	0	1
108619.172	1	0	1	1	1	1	1	1	1
108619.38	1	2	1	1	1	1	1	1	1
108619.39	1	2	1	1	1	1	1	1	1
108619.40	1	2	1	1	1	1	1	1	1
108619.41	1	2	1	1	1	1	1	1	1
108619.42	1	2	1	1	1	1	1	1	1
108619.43	1	2	1	1	1	1	1	1	1
108619.44	1	2	1	1	1	1	1	1	1
108619.45	1	2	1	1	1	1	1	1	1
108619.46	1	2	1	1	1	1	1	1	1
108619.47	1	2	1	1	1	1	1	1	1
108619.48	1	2	1	1	1	1	1	1	1
108619.49	1	2	1	1	1	1	1	1	1
108619.50	1	2	1	1	1	1	1	1	1
108619.51	1	2	1	1	1	1	1	1	1
108619.84	1	2	1	1	1	1	1	1	1
108619.85	1	2	1	1	1	1	1	1	1
108619.86	1	2	1	1	1	1	1	1	1
108619.87	1	2	1	1	1	1	1	1	1
108619.88	1	2	1	1	1	1	1	1	1
108619.89	1	2	1	1	1	1	1	1	1
108619.90	1	2	1	1	1	1	1	1	1
108619.91	1	2	1	1	1	1	1	1	1
108619.92	1	2	1	1	1	1	1	1	1
108619.93	1	2	1	1	1	1	1	1	1
108619.94	1	2	1	1	1	1	1	1	1
108619.95	1	2	1	1	1	1	1	1	1
108619.96	1	2	1	1	1	1	1	1	1
108619.97	1	2	1	1	1	1	1	1	1
108619.98	1	2	1	1	1	1	1	1	1
149539.889	1	2	2	0	1	1	2	2	1
149539.896	1	2	2	1	1	1	2	2	1
1620419.55	1	0	0	1	1	1	0	0	1
1620419.59	1	0	0	1	1	1	0	0	1
1620419.60	1	0	0	1	1	1	0	0	1
1620419.62	1	0	0	1	1	1	0	0	1
1620419.67	1	0	0	1	1	1	0	0	1
28147.40	1	1	1	1	1	1	1	1	1
28150.17	1	0	1	1	1	1	1	1	0
28901.761	1	0	0	0	0	0	0	0	1
28901.762	1	1	0	1	1	1	0	0	1
28901.765	1	0	0	1	1	1	0	0	1
28901.766	1	0	0	1	0	0	0	0	1
28901.767	1	0	0	1	1	0	0	0	1
28901.776	1	1	1	1	1	1	1	1	0
28901.783	1	0	0	0	0	0	0	0	1
28901.787	1	1	1	1	0	1	0	1	1
28901.791	1	0	0	1	0	1	0	0	1
28901.792	1	0	1	1	1	1	1	1	1
28901.808	1	0	0	1	1	1	0	0	1
28901.817	1	1	0	1	1	1	1	0	1
28901.8200	1	1	0	1	1	1	0	0	1
28901.8205	1	0	0	1	1	1	0	0	1
28901.8206	1	0	1	1	1	1	1	1	1
28901.8220	1	0	0	1	1	1	0	0	1
28901.8224	1	0	0	1	1	1	0	0	1
28901.8225	1	0	0	1	0	1	0	0	1
28901.8226	1	0	0	1	1	0	0	0	1
28901.822	1	0	1	1	1	1	1	1	1
28901.8236	1	1	0	1	1	1	0	0	1
28901.8240	1	1	0	1	1	0	0	0	1
28901.8243	1	0	0	1	1	1	0	0	1
28901.8244	1	0	1	1	1	1	1	1	1
28901.824	1	0	0	1	1	0	0	0	1
28901.8253	1	0	0	1	1	1	0	0	1
28901.8255	1	0	1	1	1	1	0	1	1
28901.825	1	0	1	1	1	1	1	1	1
28901.8263	1	0	0	1	1	1	0	0	1
28901.8268	1	1	0	1	1	1	0	0	1
28901.827	1	0	1	1	1	1	0	1	1
28901.8281	1	0	0	1	1	1	0	0	1
28901.8288	1	0	0	1	1	1	0	0	1
28901.8290	1	0	1	1	1	1	1	1	1
28901.8295	1	0	0	1	1	0	0	0	1
28901.8296	1	0	0	1	1	0	0	0	1
28901.8298	1	0	1	1	1	1	1	1	1
28901.8299	1	1	0	1	1	1	0	0	1
28901.8302	1	0	0	1	1	1	0	0	1
28901.8315	1	0	0	1	0	1	0	0	1
28901.8329	1	0	0	1	1	1	0	0	1
28901.8331	1	1	0	1	1	1	0	0	1
28901.8332	1	1	0	1	1	1	0	0	1
28901.8334	1	0	1	1	1	1	1	1	1
28901.8346	1	0	0	1	1	1	0	0	1
28901.835	1	0	0	1	1	1	0	0	1
28901.8363	1	0	1	1	1	1	1	1	1
28901.8364	1	0	1	1	1	1	1	1	1
28901.8366	1	0	0	1	0	1	0	0	2
28901.8380	1	2	1	1	0	1	0	1	1
28901.8388	1	0	0	1	1	1	0	0	1
28901.838	1	0	0	1	1	1	0	0	1
28901.8391	1	0	1	1	1	1	1	1	1
28901.8393	1	0	1	1	1	1	1	1	1
28901.8397	1	0	0	1	1	1	0	0	1
28901.839	1	0	1	1	1	1	1	1	1
28901.8400	1	2	1	1	0	1	0	1	1
28901.8405	1	0	1	1	1	1	1	1	1
28901.8417	1	0	1	1	1	1	1	1	1
28901.8418	1	0	1	1	1	1	1	1	1
28901.841	1	0	0	1	1	1	0	0	1
28901.8420	1	0	1	1	1	1	1	1	1
28901.8422	1	0	0	1	1	1	0	0	1
28901.8427	1	0	0	1	0	1	0	0	1
28901.8448	1	0	1	1	1	1	1	1	1
28901.847	1	0	0	1	0	1	0	0	1
28901.848	1	0	1	1	1	1	1	1	1
28901.850	1	0	1	1	1	1	1	1	1
28901.8517	1	1	1	1	1	1	1	1	1
28901.8522	1	0	0	1	1	1	0	0	1
28901.8529	1	1	1	1	1	1	1	1	1
28901.860	1	1	1	1	1	1	1	1	1
28901.861	1	1	1	1	1	1	1	1	1
28901.8896	1	1	1	1	1	1	1	1	1
28901.8915	1	1	1	1	1	1	1	1	1
28901.8966	1	1	0	1	1	1	0	0	1
28901.8973	1	2	0	1	1	1	0	0	1
28901.8982	1	1	1	1	1	1	1	1	0
28901.9000	1	1	0	1	1	0	0	0	1
28901.9049	1	1	1	1	1	1	1	1	1
28901.9087	1	1	1	1	1	1	1	1	1
28901.9088	1	1	1	1	1	1	1	1	1
28901.9090	1	1	1	1	0	1	1	1	0
28901.9149	1	0	1	1	1	1	1	1	1
28901.9150	1	0	1	1	1	1	1	1	1
28901.9168	1	0	1	1	1	1	1	1	1
28901.9194	1	1	1	1	1	1	1	1	1
353569.5	1	1	1	1	1	1	0	1	1
46626.40	1	1	1	1	1	1	1	1	0
58095.45	1	1	1	1	1	1	0	1	1
58095.46	1	1	1	1	1	1	0	1	1
58095.47	1	1	1	1	1	1	0	1	1
58095.48	1	1	1	1	1	1	0	1	1
58712.80	1	1	0	1	0	1	0	0	1
58712.82	1	1	0	1	1	1	0	1	1
58712.97	1	1	1	1	1	1	0	1	1
595.34	1	1	1	1	1	1	1	1	1
595.44	1	1	1	1	1	1	1	1	1
595.45	1	1	1	1	1	1	1	1	1
595.68	1	2	1	0	0	1	0	1	1
598.25	1	1	1	1	1	1	0	1	1
598.34	1	1	1	1	1	1	0	1	1
611.23	1	1	0	1	1	1	0	0	1
611.75	1	1	1	1	1	1	1	1	1
682797.9	1	1	1	1	1	1	1	1	1
70803.17	1	0	1	1	1	1	1	1	1
82689.79	1	0	0	1	1	0	0	0	1
82689.80	1	0	0	1	1	0	0	0	1
85569.101	1	0	2	2	1	1	2	2	1
85569.106	1	2	2	2	1	1	2	2	1
85569.107	1	0	2	2	1	1	2	2	1
85569.108	1	2	2	2	1	1	2	2	1
85569.109	1	0	2	2	1	1	2	2	1
85569.10	1	2	2	2	1	1	2	2	1
85569.111	1	0	2	2	1	1	2	2	1
85569.112	1	0	2	2	1	1	2	2	0
85569.113	1	0	2	2	1	1	2	2	1
85569.114	1	0	2	2	1	1	2	2	1
85569.115	1	2	2	2	1	1	2	2	1
85569.116	1	0	2	2	1	1	2	2	1
85569.117	1	2	2	2	1	1	2	2	1
85569.119	1	2	2	2	1	1	2	2	1
85569.11	1	2	2	2	1	1	2	2	1
85569.120	1	0	2	2	1	1	2	2	1
85569.121	1	0	2	2	1	1	2	2	1
85569.122	1	0	2	2	1	1	2	2	1
85569.123	1	0	2	2	0	1	2	2	1
85569.124	1	0	2	2	1	1	2	2	1
85569.129	1	0	2	2	1	1	2	2	1
85569.12	1	2	2	2	1	1	2	2	1
85569.130	1	0	2	2	1	1	2	2	1
85569.133	1	0	2	2	1	1	2	2	1
85569.134	1	0	2	2	1	1	2	2	1
85569.135	1	0	2	2	1	1	2	2	1
85569.136	1	0	2	2	1	1	2	2	1
85569.137	1	0	2	2	1	1	2	2	1
85569.138	1	2	2	2	1	1	2	2	1
85569.139	1	0	2	2	1	1	2	2	1
85569.13	1	2	2	2	1	1	2	2	1
85569.140	1	1	2	2	1	1	2	2	1
85569.142	1	0	2	2	1	1	2	2	1
85569.146	1	0	2	2	1	1	2	2	1
85569.148	1	0	2	2	1	1	2	2	1
85569.149	1	0	2	2	1	1	2	2	1
85569.14	1	2	2	2	1	1	2	2	1
85569.151	1	0	2	2	1	1	2	2	1
85569.152	1	0	2	2	1	1	2	2	1
85569.153	1	0	2	2	1	1	2	2	1
85569.154	1	1	2	2	1	1	2	2	1
85569.155	1	0	2	2	1	1	2	2	1
85569.156	1	0	2	2	1	1	2	2	1
85569.157	1	0	2	2	0	1	2	2	1
85569.158	1	0	2	2	1	1	2	2	1
85569.161	1	0	2	2	1	1	2	2	1
85569.162	1	0	2	2	1	1	2	2	1
85569.163	1	0	2	2	0	1	2	2	0
85569.168	1	0	2	2	1	1	2	2	1
85569.16	1	2	2	2	1	1	2	2	1
85569.172	1	0	2	2	1	1	2	2	1
85569.173	1	0	2	2	1	1	2	2	1
85569.174	1	0	2	2	1	1	2	2	1
85569.175	1	0	2	2	1	1	2	2	1
85569.176	1	1	2	2	1	1	2	2	1
85569.177	1	0	2	2	1	1	2	2	1
85569.178	1	0	2	2	1	1	2	2	1
85569.179	1	0	2	2	1	1	2	2	1
85569.17	1	2	2	2	1	1	2	2	1
85569.180	1	0	2	2	1	1	2	2	1
85569.182	1	0	2	2	1	1	2	2	1
85569.183	1	2	2	2	1	1	2	2	1
85569.184	1	0	2	2	1	1	2	2	1
85569.185	1	0	2	2	1	1	2	2	1
85569.186	1	1	2	2	1	1	2	2	1
85569.189	1	0	2	2	1	1	2	2	1
85569.190	1	0	2	2	1	1	2	2	1
85569.191	1	0	2	2	1	1	2	2	1
85569.192	1	0	2	2	1	1	2	2	1
85569.194	1	0	2	2	1	1	2	2	1
85569.195	1	0	2	2	1	1	2	2	1
85569.196	1	0	2	2	1	1	2	2	1
85569.19	1	2	2	2	1	1	2	2	1
85569.201	1	0	2	2	1	1	2	2	1
85569.203	1	0	2	2	1	1	2	2	1
85569.204	1	0	2	2	1	1	2	2	1
85569.205	1	0	2	2	1	1	2	2	1
85569.206	1	0	2	2	1	1	2	2	0
85569.207	1	0	2	2	1	1	2	2	1
85569.20	1	2	2	2	1	1	2	2	1
85569.211	1	0	2	2	1	1	2	2	1
85569.212	1	0	2	2	1	1	2	2	1
85569.213	1	0	2	2	1	1	2	2	1
85569.214	1	0	2	2	1	1	2	2	1
85569.216	1	1	2	2	1	1	2	2	1
85569.217	1	2	2	2	1	1	2	2	1
85569.21	1	2	2	2	1	1	2	2	1
85569.220	1	0	2	2	1	1	2	2	1
85569.221	1	0	2	2	1	1	2	2	1
85569.223	1	0	2	2	1	0	2	2	1
85569.224	1	1	2	2	1	1	2	2	1
85569.226	1	0	2	2	1	1	2	2	1
85569.227	1	0	2	2	1	1	2	2	1
85569.229	1	0	2	2	1	1	2	2	1
85569.230	1	0	2	2	1	1	2	2	1
85569.232	1	0	2	2	1	1	2	2	1
85569.234	1	0	2	2	1	1	2	2	1
85569.235	1	0	2	2	1	1	2	2	1
85569.237	1	0	2	2	1	1	2	2	1
85569.239	1	0	2	2	1	1	2	2	1
85569.23	1	2	2	2	1	1	2	2	1
85569.241	1	0	2	2	1	1	2	2	1
85569.242	1	0	2	2	1	1	2	2	1
85569.244	1	0	2	2	0	1	2	2	1
85569.245	1	0	2	2	1	1	2	2	1
85569.246	1	0	2	2	1	1	2	2	1
85569.247	1	0	2	2	1	1	2	2	1
85569.248	1	0	2	2	1	1	2	2	1
85569.249	1	0	2	2	1	1	2	2	1
85569.250	1	0	2	2	1	1	2	2	1
85569.251	1	0	2	2	1	1	2	2	1
85569.252	1	0	2	2	1	1	2	2	1
85569.253	1	0	2	2	1	1	2	2	1
85569.257	1	0	2	2	1	1	2	2	1
85569.25	1	2	2	2	1	1	2	2	1
85569.261	1	0	2	2	1	1	2	2	1
85569.262	1	0	2	2	1	1	2	2	1
85569.263	1	0	2	2	1	1	2	2	1
85569.264	1	0	2	2	1	1	2	2	1
85569.265	1	0	2	2	1	1	2	2	1
85569.266	1	0	2	2	1	1	2	2	1
85569.267	1	2	2	2	1	1	2	2	1
85569.268	1	0	2	2	1	1	2	2	1
85569.269	1	0	2	2	1	1	2	2	1
85569.26	1	2	2	2	1	1	2	2	1
85569.270	1	0	2	2	1	1	2	2	1
85569.271	1	0	2	2	1	1	2	2	1
85569.272	1	0	2	2	1	1	2	2	1
85569.275	1	0	2	2	1	1	2	2	1
85569.276	1	2	2	2	1	1	2	2	1
85569.278	1	0	2	2	1	1	2	2	1
85569.279	1	0	2	2	1	1	2	2	1
85569.27	1	2	2	2	1	1	2	2	1
85569.280	1	0	2	2	1	1	2	2	1
85569.281	1	0	2	2	1	1	2	2	1
85569.282	1	0	2	2	1	1	2	2	1
85569.284	1	0	2	2	1	1	2	2	1
85569.286	1	0	2	2	1	1	2	2	1
85569.287	1	0	2	2	1	1	2	2	1
85569.288	1	0	2	2	1	1	2	2	1
85569.289	1	0	2	2	1	1	2	2	1
85569.28	1	2	2	2	1	1	2	2	1
85569.290	1	0	2	2	1	1	2	2	1
85569.291	1	0	2	2	1	1	2	2	1
85569.292	1	0	2	2	1	1	2	2	1
85569.293	1	0	2	2	1	1	2	2	1
85569.294	1	0	2	2	1	1	2	2	1
85569.295	1	0	2	2	1	1	2	2	1
85569.29	1	2	2	2	1	1	2	2	1
85569.300	1	0	2	2	1	1	2	2	1
85569.302	1	0	2	2	1	1	2	2	1
85569.303	1	0	2	2	1	1	2	2	1
85569.304	1	0	2	2	1	1	2	2	1
85569.305	1	1	2	2	1	1	2	2	1
85569.306	1	0	2	2	1	1	2	2	1
85569.308	1	0	2	2	1	1	2	2	1
85569.309	1	0	2	2	1	1	2	2	1
85569.30	1	2	2	2	1	1	2	2	1
85569.310	1	0	2	2	1	1	2	2	1
85569.312	1	0	2	2	1	1	2	2	1
85569.313	1	0	2	2	1	1	2	2	1
85569.314	1	0	2	2	1	0	2	2	1
85569.315	1	1	2	2	1	1	2	2	1
85569.316	1	0	2	2	1	1	2	2	1
85569.317	1	0	2	2	1	1	2	2	1
85569.318	1	0	2	2	1	1	2	2	1
85569.319	1	0	2	2	1	1	2	2	1
85569.31	1	2	2	2	1	1	2	2	1
85569.321	1	0	2	2	1	1	2	2	1
85569.322	1	0	2	2	1	1	2	2	1
85569.325	1	0	2	2	1	1	2	2	1
85569.326	1	0	2	2	1	1	2	2	1
85569.327	1	0	2	2	1	1	2	2	1
85569.328	1	0	2	2	1	1	2	2	1
85569.329	1	0	2	2	1	1	2	2	1
85569.32	1	2	2	2	1	1	2	2	1
85569.330	1	0	2	2	1	1	2	2	0
85569.331	1	0	2	2	1	1	2	2	1
85569.332	1	0	2	2	1	1	2	2	1
85569.334	1	0	2	2	1	1	2	2	1
85569.336	1	0	2	2	1	1	2	2	1
85569.337	1	0	2	2	1	1	2	2	1
85569.339	1	0	2	2	1	1	2	2	1
85569.33	1	2	2	2	1	1	2	2	1
85569.340	1	2	2	2	1	1	2	2	1
85569.341	1	2	2	2	1	1	2	2	1
85569.344	1	2	2	2	1	1	2	2	1
85569.346	1	0	2	2	1	1	2	2	1
85569.349	1	2	2	2	1	1	2	2	1
85569.34	1	2	2	2	1	1	2	2	1
85569.350	1	2	2	2	1	1	2	2	1
85569.352	1	2	2	2	1	1	2	2	1
85569.356	1	2	2	2	1	1	2	2	1
85569.357	1	2	2	2	1	1	2	2	1
85569.358	1	2	2	2	1	1	2	2	1
85569.361	1	2	2	2	1	1	2	2	1
85569.36	1	2	2	2	1	1	2	2	1
85569.370	1	2	2	2	1	1	2	2	1
85569.371	1	0	2	2	1	1	2	2	1
85569.372	1	0	2	2	1	1	2	2	1
85569.373	1	2	2	2	1	1	2	2	1
85569.374	1	0	2	2	1	1	2	2	1
85569.375	1	0	2	2	1	1	2	2	1
85569.376	1	0	2	2	1	1	2	2	1
85569.378	1	0	2	2	1	1	2	2	1
85569.379	1	0	2	2	1	1	2	2	1
85569.41	1	2	2	2	1	1	2	2	1
85569.42	1	2	2	2	1	1	2	2	1
85569.43	1	2	2	2	1	1	2	2	1
85569.45	1	1	2	2	1	1	2	2	1
85569.46	1	0	2	2	1	1	2	2	1
85569.47	1	0	2	2	1	1	2	2	1
85569.48	1	0	2	2	1	1	2	2	1
85569.49	1	0	2	2	1	1	2	2	1
85569.50	1	0	2	2	1	1	2	2	1
85569.51	1	0	2	2	1	1	2	2	1
85569.52	1	0	2	2	1	1	2	2	1
85569.54	1	2	2	2	1	1	2	2	1
85569.55	1	0	2	2	1	1	2	2	1
85569.57	1	0	2	2	1	1	2	2	1
85569.58	1	0	2	2	1	1	2	2	1
85569.59	1	0	2	2	1	1	2	2	1
85569.60	1	0	2	2	1	1	2	2	1
85569.61	1	0	2	2	1	1	2	2	1
85569.64	1	0	2	2	1	1	2	2	1
85569.67	1	0	2	2	1	1	2	2	1
85569.68	1	0	2	2	1	1	2	2	1
85569.69	1	0	2	2	1	1	2	2	1
85569.70	1	0	2	2	1	1	2	2	1
85569.71	1	0	2	2	1	1	2	2	1
85569.72	1	0	2	2	1	1	2	2	1
85569.73	1	0	2	2	1	1	2	2	1
85569.75	1	0	2	2	1	1	2	2	1
85569.76	1	0	2	2	1	1	2	2	1
85569.77	1	0	2	2	1	1	2	2	1
85569.78	1	1	2	2	1	1	2	2	1
85569.80	1	0	2	2	1	1	2	2	1
85569.82	1	0	2	2	1	1	2	2	1
85569.83	1	2	2	2	1	1	2	2	1
85569.85	1	0	2	2	1	1	2	2	1
85569.87	1	1	2	2	1	1	2	2	1
85569.88	1	0	2	2	1	1	2	2	1
85569.89	1	0	2	2	1	1	2	2	1
85569.91	1	0	2	2	1	1	2	2	1
85569.92	1	0	2	2	0	0	2	2	1
85569.94	1	0	2	2	1	1	2	2	1
85569.95	1	0	2	2	1	1	2	2	1
85569.96	1	0	2	2	1	1	2	2	1
85569.98	1	0	2	2	1	1	2	2	1
85569.99	1	0	2	2	1	1	2	2	1
90371.2127	1	2	0	1	1	1	0	0	1
90371.2128	1	2	0	1	1	1	0	0	1
90371.2129	1	2	0	1	1	1	0	0	1
90371.2130	1	2	1	1	1	1	1	1	1
90371.2136	1	2	1	1	1	1	1	1	1
90371.2137	1	2	0	1	1	1	0	0	1
90371.2139	1	2	0	1	1	1	0	0	1
90371.2470	1	2	0	1	1	1	0	0	1
90371.2471	1	2	0	1	1	1	0	0	1
90371.2472	1	2	1	1	1	1	1	1	1
90371.2473	1	2	0	1	1	1	0	0	1
90371.2476	1	2	0	1	1	1	0	0	1
90371.2477	1	2	0	1	1	1	0	0	1
90371.2478	1	2	1	1	1	1	0	1	1
90371.2479	1	2	1	1	1	1	1	1	1
90371.2480	1	2	1	1	1	1	1	1	1
90371.2481	1	2	1	1	1	1	1	1	1
90371.2483	1	2	0	1	1	1	0	0	1
90371.2484	1	2	0	1	1	1	0	0	1
90371.2486	1	2	1	1	1	1	0	1	1
90371.2487	1	2	0	1	1	1	0	0	1
90371.2488	1	2	0	1	1	1	0	0	1
90371.2489	1	2	1	1	1	1	1	1	1
90371.2942	1	0	1	1	1	1	1	1	1
90371.3117	1	2	2	2	2	1	2	0	2
98360.273	1	0	1	1	1	1	1	1	1
98360.39	1	0	1	1	1	1	1	1	1
98360.40	1	1	1	1	0	1	1	1	1
98360.41	1	0	1	1	1	1	1	1	1
98360.42	1	0	1	1	1	1	1	1	1
98360.43	1	0	0	1	1	1	0	1	1
98360.47	1	0	0	1	1	1	0	0	1
98360.49	1	0	1	1	1	1	1	1	1
98360.50	1	0	1	1	1	1	1	1	1
98360.71	1	2	1	1	1	1	1	1	1
98360.72	1	2	1	1	0	1	1	1	1
98360.73	1	2	1	1	0	1	1	1	1
98360.74	1	2	1	1	0	1	1	1	1
98360.75	1	2	1	1	0	1	1	1	1
98360.76	1	2	1	1	1	1	1	1	1
98360.77	1	2	1	1	0	1	1	1	1
98360.78	1	2	1	1	0	1	1	1	1
98360.79	1	2	1	1	0	1	1	1	1
98360.89	1	2	1	1	1	1	1	1	1
98360.91	1	2	1	1	1	1	1	1	1
98360.92	1	2	1	1	1	1	1	1	1
98360.93	1	2	1	1	1	1	1	1	1
98360.94	1	2	1	1	1	1	1	1	1
98360.95	1	2	1	1	0	1	1	1	1
98360.96	1	2	1	1	1	1	1	1	1
98360.97	1	2	1	1	0	1	1	1	1
98360.98	1	2	1	1	1	1	1	1	1
98360.99	1	2	1	1	0	1	1	1	0
1079901.3	0	0	1	0	0	1	0	1	1
108619.100	0	2	1	1	1	1	1	1	1
108619.140	0	0	0	0	0	0	0	0	0
108619.141	0	0	0	0	0	0	0	0	0
108619.142	0	0	0	0	0	0	0	0	0
108619.143	0	0	0	0	0	0	0	0	0
108619.144	0	0	0	0	0	0	0	0	0
108619.145	0	0	0	0	0	0	0	0	0
108619.146	0	0	0	0	0	0	0	0	0
108619.147	0	0	0	0	0	0	0	0	0
108619.148	0	0	0	0	0	0	0	0	0
108619.149	0	0	0	0	0	0	0	0	0
108619.150	0	0	0	0	0	0	0	0	0
108619.151	0	0	0	0	0	0	0	0	0
108619.152	0	0	0	0	0	0	0	0	0
108619.153	0	0	0	0	0	0	0	0	0
108619.154	0	0	0	0	0	0	0	0	0
108619.155	0	0	0	0	0	0	0	0	0
108619.156	0	0	0	0	0	0	0	0	0
108619.157	0	0	0	0	0	0	0	0	0
108619.158	0	0	0	0	0	0	0	0	0
108619.159	0	0	0	0	0	0	0	0	0
108619.161	0	0	0	0	0	0	0	0	0
108619.162	0	0	0	0	0	0	0	0	0
108619.163	0	0	0	0	0	0	0	0	0
108619.164	0	0	0	0	0	0	0	0	0
108619.165	0	0	0	0	0	0	0	0	0
108619.166	0	0	0	0	0	0	0	0	0
108619.167	0	0	0	0	0	0	0	0	0
108619.168	0	0	0	0	0	0	0	0	0
108619.169	0	0	0	0	0	0	0	0	0
108619.170	0	0	0	0	0	0	0	0	0
108619.171	0	0	0	0	0	0	0	0	0
108619.173	0	0	0	0	0	0	0	0	0
108619.174	0	0	0	0	0	0	0	0	0
108619.175	0	0	0	0	0	0	0	0	0
108619.176	0	0	0	0	0	0	0	0	0
108619.177	0	0	0	0	0	0	0	0	0
108619.178	0	0	0	0	0	0	0	0	0
108619.179	0	0	0	0	0	0	0	0	0
108619.17	0	0	0	0	0	0	0	0	0
108619.180	0	0	0	0	0	0	0	0	0
108619.181	0	0	0	1	1	0	0	0	0
108619.182	0	0	0	1	0	0	0	0	0
108619.183	0	0	0	0	0	0	0	0	0
108619.184	0	0	0	0	0	0	0	0	0
108619.185	0	0	0	0	0	0	0	0	0
108619.186	0	0	0	0	0	0	0	0	0
108619.18	0	0	0	0	0	0	0	0	0
108619.19	0	1	1	1	1	1	1	1	1
108619.20	0	0	0	0	0	0	0	0	0
108619.99	0	2	1	1	1	1	1	1	1
1151173.3	0	0	0	0	0	0	0	0	0
1151179.3	0	0	0	0	0	0	0	0	0
1151179.4	0	0	0	0	0	0	0	0	0
115981.15	0	0	0	0	0	0	0	0	1
115981.16	0	0	0	0	0	0	0	0	0
115981.17	0	0	0	0	0	0	0	0	0
115981.18	0	0	0	0	0	0	0	0	0
115981.19	0	0	0	0	0	0	0	0	0
115981.22	0	0	0	0	1	0	0	0	0
115981.23	0	0	1	0	0	1	1	1	0
115981.54	0	0	0	0	0	0	0	0	0
115981.55	0	0	0	0	0	0	0	0	0
115981.57	0	0	0	0	0	0	0	0	0
115981.58	0	0	0	0	0	0	0	0	1
115981.59	0	0	0	0	0	0	0	0	0
115981.60	0	0	0	0	0	0	0	0	0
1160739.3	0	0	0	0	0	0	0	0	0
1160769.3	0	0	0	0	0	0	0	0	0
1160769.4	0	0	0	0	0	0	0	0	0
1160769.5	0	0	0	0	0	0	0	0	0
1160769.6	0	0	0	0	0	0	0	0	0
1160769.7	0	0	0	0	0	0	0	0	0
1160769.8	0	0	0	0	0	0	0	0	0
117541.3	0	0	0	0	0	0	0	0	0
117541.4	0	0	0	0	0	0	1	0	0
1192839.3	0	0	0	0	0	0	0	0	0
1192839.4	0	0	0	0	0	0	0	0	0
1192839.5	0	0	0	0	0	0	0	0	0
1194162.3	0	0	0	0	0	0	0	0	0
1243597.3	0	0	0	0	0	0	0	0	0
1243597.4	0	0	0	0	0	0	0	0	0
134047.3	0	0	0	0	1	0	0	0	1
134047.4	0	1	1	0	0	1	1	1	0
1395121.3	0	0	0	0	1	1	0	0	1
149385.10	0	0	0	0	1	0	0	0	1
149385.11	0	0	0	0	0	0	0	0	0
149385.12	0	0	0	0	1	0	0	0	1
149385.13	0	0	0	0	1	1	0	0	1
149385.14	0	0	0	0	1	0	0	0	1
149385.15	0	0	0	0	1	0	0	0	1
149385.16	0	0	0	0	1	0	0	0	1
149385.17	0	0	0	0	1	0	0	0	1
149385.18	0	0	0	0	1	0	0	0	1
149385.19	0	0	0	0	1	0	0	0	1
149385.20	0	1	0	0	1	1	0	0	1
149385.21	0	1	0	0	1	1	0	0	1
149385.22	0	0	0	1	1	1	0	0	1
149385.23	0	0	0	0	1	0	0	0	1
149385.24	0	1	0	1	1	0	0	0	0
149385.25	0	0	0	0	1	1	0	0	0
149385.26	0	1	0	1	1	0	0	0	1
149385.27	0	0	0	0	1	0	0	0	1
149385.28	0	1	0	1	1	1	0	0	1
149385.6	0	0	0	0	1	0	0	0	1
149385.7	0	0	0	0	1	0	0	0	1
149385.8	0	0	0	0	1	0	0	0	1
149385.9	0	0	0	0	1	0	0	0	1
149387.5	0	1	0	1	1	0	0	0	0
149387.6	0	0	0	0	0	0	0	0	0
149387.7	0	0	1	0	0	1	1	1	0
149387.8	0	0	0	0	0	0	0	0	0
149390.3	0	0	0	0	0	0	0	0	1
149391.20	0	0	0	0	0	0	0	0	0
149391.21	0	0	0	0	0	0	0	0	0
149391.22	0	0	0	0	0	0	0	0	0
149391.23	0	0	0	0	0	0	0	0	0
149391.24	0	1	1	1	0	1	1	1	0
149391.25	0	0	0	0	0	0	0	0	0
149391.26	0	1	1	1	0	1	1	1	0
149391.27	0	0	0	0	0	0	0	0	0
149391.28	0	0	0	0	0	0	0	0	0
149391.29	0	0	0	0	0	0	0	0	0
149391.30	0	0	0	0	0	0	0	0	0
149391.31	0	0	0	0	0	0	0	0	0
149391.32	0	0	0	0	0	0	0	0	0
149391.33	0	0	0	0	0	0	0	0	0
149391.34	0	0	0	0	0	0	0	0	0
149391.35	0	0	0	0	0	0	0	0	0
149391.36	0	0	0	0	0	0	0	0	0
149391.37	0	0	0	0	0	0	0	0	0
149391.38	0	0	0	0	0	0	0	0	0
149391.39	0	0	0	0	0	0	0	0	0
149391.3	0	0	0	0	0	0	0	0	0
149391.40	0	0	0	0	0	0	0	0	0
149391.41	0	0	0	0	0	0	0	0	0
149391.42	0	0	1	0	0	1	0	1	0
149391.43	0	0	0	0	0	0	0	0	0
149391.44	0	0	0	0	0	0	0	0	0
149391.45	0	1	1	1	0	1	1	1	0
149391.46	0	0	0	0	0	0	0	0	0
149391.47	0	0	0	0	0	0	0	0	0
149391.48	0	1	1	1	0	1	1	1	0
149391.49	0	0	0	0	0	0	0	0	0
149391.4	0	0	0	0	0	0	0	0	0
149391.5	0	0	0	0	0	0	0	0	0
149391.6	0	0	0	0	0	0	0	0	1
149539.341	0	0	0	0	0	0	0	0	0
149539.342	0	0	0	0	0	0	0	0	0
149539.343	0	0	0	0	0	0	0	0	0
149539.344	0	0	0	0	0	0	0	0	0
149539.345	0	0	0	0	0	0	0	0	0
149539.346	0	0	0	0	0	0	0	0	0
149539.347	0	0	0	0	0	0	0	0	0
149539.348	0	0	0	0	0	0	0	0	0
149539.349	0	0	0	0	0	0	0	0	0
149539.350	0	0	0	0	0	0	0	0	0
149539.351	0	0	0	0	0	0	0	0	0
149539.352	0	0	0	0	0	0	0	0	0
149539.353	0	0	0	0	0	0	0	0	0
149539.354	0	0	0	0	0	0	0	0	0
149539.355	0	0	0	0	0	0	0	0	0
149539.356	0	0	0	0	0	0	0	0	0
149539.357	0	0	0	0	0	1	0	0	1
149539.358	0	0	0	0	0	0	0	0	0
149539.359	0	0	0	0	0	0	0	0	0
149539.360	0	0	0	0	0	0	0	0	0
149539.361	0	0	0	0	0	0	0	0	0
149539.362	0	0	0	0	0	0	0	0	0
149539.363	0	0	0	0	0	0	0	0	0
149539.364	0	0	0	0	0	0	0	0	0
149539.365	0	0	0	0	0	0	0	0	0
149539.366	0	0	0	0	0	0	0	0	0
149539.367	0	0	0	0	0	0	0	0	0
149539.388	0	0	0	0	0	0	0	0	0
149539.389	0	0	0	0	0	0	0	0	0
149539.390	0	0	0	0	0	1	0	0	1
149539.391	0	0	0	0	1	0	0	0	1
149539.883	0	2	2	0	1	0	2	2	0
149539.884	0	2	2	0	1	0	2	2	0
149539.885	0	2	2	0	1	1	2	2	1
149539.887	0	2	2	0	1	1	2	2	0
149539.890	0	2	2	1	1	1	2	2	1
149539.891	0	2	2	0	0	0	2	2	0
149539.892	0	2	2	0	0	1	2	2	1
149539.893	0	2	2	0	0	0	2	2	0
149539.894	0	2	2	1	0	1	2	2	0
149539.895	0	2	2	1	1	1	2	2	1
1620418.3	0	0	0	0	0	0	0	0	1
1620419.10	0	0	0	1	0	0	0	0	1
1620419.11	0	0	1	1	0	1	1	1	1
1620419.12	0	0	1	1	0	1	1	1	1
1620419.131	0	0	0	1	0	0	0	0	1
1620419.13	0	1	0	1	0	1	0	0	1
1620419.14	0	0	0	1	0	0	0	0	1
1620419.15	0	0	1	1	0	1	1	1	1
1620419.16	0	0	0	1	0	0	0	0	1
1620419.17	0	0	1	1	0	1	0	1	1
1620419.18	0	0	1	1	0	1	1	1	1
1620419.19	0	0	1	1	0	1	1	1	1
1620419.20	0	0	1	1	0	1	0	1	1
1620419.21	0	0	1	1	0	1	1	1	1
1620419.22	0	0	1	1	0	1	1	1	1
1620419.23	0	0	0	1	0	0	0	0	1
1620419.24	0	0	1	1	0	1	1	1	1
1620419.25	0	0	0	1	0	0	0	0	1
1620419.26	0	0	1	1	0	1	1	1	1
1620419.27	0	0	0	1	0	0	0	0	1
1620419.28	0	0	1	1	0	1	0	1	1
1620419.29	0	0	1	1	0	1	1	1	1
1620419.30	0	0	1	1	0	1	1	1	1
1620419.31	0	0	0	1	0	0	0	0	1
1620419.32	0	0	1	1	0	1	1	1	1
1620419.33	0	0	0	1	0	0	0	0	1
1620419.34	0	0	0	1	0	0	0	0	1
1620419.35	0	0	0	1	0	0	0	0	1
1620419.36	0	0	1	1	0	1	1	1	1
1620419.37	0	0	1	1	0	1	1	1	1
1620419.38	0	0	0	1	0	0	0	0	1
1620419.39	0	0	0	1	0	0	0	0	1
1620419.3	0	0	1	1	0	1	1	1	1
1620419.40	0	1	0	1	0	0	0	0	1
1620419.41	0	0	0	1	0	1	0	0	1
1620419.42	0	0	0	1	0	0	0	0	1
1620419.43	0	0	1	1	0	1	1	1	1
1620419.44	0	0	0	1	0	0	0	0	1
1620419.45	0	0	0	1	0	0	0	0	1
1620419.46	0	0	0	1	0	0	0	0	1
1620419.47	0	0	1	1	0	1	1	1	1
1620419.48	0	0	1	1	0	1	1	1	1
1620419.49	0	0	1	1	0	1	1	1	1
1620419.4	0	0	0	1	0	0	0	0	1
1620419.50	0	0	1	1	1	1	1	1	1
1620419.51	0	0	1	1	0	1	1	1	1
1620419.52	0	0	1	1	0	1	1	1	1
1620419.53	0	0	0	1	0	0	0	0	1
1620419.54	0	1	0	1	0	1	0	0	1
1620419.56	0	0	1	1	0	1	0	1	1
1620419.57	0	0	1	1	0	1	1	1	1
1620419.58	0	0	0	1	0	0	0	0	1
1620419.5	0	0	0	1	0	0	0	0	1
1620419.61	0	0	0	1	1	0	0	0	1
1620419.63	0	0	1	1	0	1	1	1	1
1620419.64	0	0	0	0	0	0	0	0	0
1620419.65	0	0	0	0	0	0	0	0	0
1620419.66	0	0	1	1	1	1	1	1	1
1620419.68	0	0	0	1	0	1	0	0	1
1620419.69	0	0	0	1	1	0	0	0	1
1620419.6	0	0	0	1	1	0	0	0	1
1620419.70	0	0	0	0	0	0	0	0	0
1620419.71	0	1	0	1	1	0	0	0	0
1620419.72	0	0	0	1	0	0	0	0	1
1620419.73	0	0	0	1	1	0	0	0	1
1620419.74	0	0	1	1	0	1	0	1	1
1620419.75	0	0	0	1	0	0	0	0	1
1620419.76	0	0	1	1	0	1	1	1	1
1620419.77	0	0	0	1	0	1	0	0	1
1620419.78	0	0	0	1	0	1	1	1	1
1620419.79	0	0	1	1	1	1	0	1	1
1620419.7	0	0	0	1	0	0	0	0	1
1620419.80	0	0	0	0	0	0	0	0	0
1620419.81	0	0	1	1	1	1	1	1	1
1620419.82	0	0	0	1	1	1	0	0	1
1620419.83	0	0	1	1	1	1	0	1	1
1620419.84	0	0	1	1	1	1	1	1	1
1620419.85	0	1	1	1	1	1	0	1	1
1620419.86	0	0	0	1	0	1	0	1	1
1620419.87	0	0	1	1	0	1	0	1	1
1620419.88	0	0	0	1	0	1	0	0	1
1620419.89	0	1	0	1	1	0	0	0	1
1620419.8	0	0	0	1	0	1	0	0	1
1620419.90	0	0	1	1	0	1	0	1	1
1620419.91	0	0	1	1	0	1	0	1	1
1620419.92	0	0	0	1	1	0	0	0	0
1620419.93	0	1	0	1	1	0	0	0	1
1620419.9	0	0	1	1	0	1	1	1	1
165302.10	0	0	0	0	0	0	0	0	0
165302.11	0	0	0	0	0	0	0	0	1
165302.3	0	0	0	0	0	0	0	0	0
165302.4	0	0	0	0	0	0	0	0	0
165302.5	0	0	0	0	0	0	0	0	0
165302.6	0	0	0	1	0	0	0	0	1
165302.7	0	0	0	0	0	0	0	0	0
165302.8	0	0	0	1	1	0	0	0	1
165302.9	0	0	0	0	1	1	0	0	1
1697389.3	0	0	0	1	1	1	0	0	1
1697389.4	0	0	0	1	1	1	0	0	1
1697389.5	0	0	0	1	1	1	0	0	1
1697389.6	0	0	0	1	1	1	0	0	1
1697389.7	0	0	0	1	1	1	0	0	1
1697390.3	0	0	0	0	0	0	0	0	0
1697390.4	0	0	0	1	1	1	0	0	1
1697390.5	0	0	0	1	1	1	0	0	1
1697390.6	0	0	0	1	1	1	0	0	1
1697390.7	0	0	0	0	0	0	0	0	0
1697390.8	0	0	0	0	0	0	0	0	0
1697391.3	0	0	0	0	1	0	0	0	1
179997.18	0	0	0	0	0	0	0	0	0
192954.22	0	0	0	0	0	0	0	0	1
192954.23	0	0	0	0	0	0	0	0	0
192954.24	0	0	0	0	0	0	0	0	1
192954.25	0	0	0	0	0	0	0	0	0
192954.26	0	0	0	0	0	0	0	0	0
192954.27	0	0	0	0	0	0	0	0	0
192954.28	0	0	0	0	0	0	0	0	1
192954.29	0	1	0	1	1	0	0	0	1
192954.45	0	0	0	0	0	0	0	0	0
192954.46	0	0	0	0	0	0	0	0	0
192954.47	0	0	0	0	0	0	0	0	0
192955.100	0	0	0	0	1	0	0	0	1
192955.101	0	0	0	0	0	0	0	0	0
192955.102	0	0	0	0	1	0	0	0	1
192955.103	0	0	1	0	0	1	0	1	0
192955.104	0	0	0	0	1	0	0	0	0
192955.105	0	0	0	0	1	0	0	0	0
192955.106	0	0	0	0	1	0	0	0	0
192955.107	0	0	0	0	1	0	0	0	1
192955.110	0	0	1	0	0	1	1	1	0
192955.111	0	0	1	0	1	1	0	1	0
192955.112	0	0	0	0	1	0	0	0	0
192955.113	0	0	0	0	1	0	0	0	1
192955.114	0	0	0	0	1	0	0	0	1
192955.115	0	0	0	0	1	0	0	0	0
192955.116	0	0	0	1	1	0	0	0	1
192955.117	0	0	0	0	1	0	0	0	1
192955.118	0	0	0	0	1	0	0	0	1
192955.119	0	0	0	0	0	0	0	0	1
192955.120	0	0	0	0	1	0	0	0	1
192955.121	0	1	0	0	1	1	0	0	1
192955.122	0	1	0	1	1	0	0	0	1
192955.123	0	0	1	0	1	1	1	1	1
192955.124	0	0	0	0	0	0	0	0	0
192955.125	0	1	1	1	1	1	1	1	1
192955.126	0	0	0	0	1	0	0	0	1
192955.127	0	1	0	1	1	1	0	0	1
192955.128	0	0	0	0	0	0	0	0	0
192955.129	0	0	1	0	1	1	1	1	0
192955.130	0	1	1	0	1	1	1	1	1
192955.131	0	0	0	0	0	0	0	0	0
192955.202	0	0	0	0	0	0	0	0	1
192955.203	0	0	0	0	1	0	0	0	0
192955.204	0	0	0	0	0	0	0	0	0
192955.60	0	0	1	0	1	1	1	1	1
192955.61	0	0	1	0	1	1	1	1	1
192955.62	0	0	0	0	0	0	0	0	0
192955.63	0	0	1	0	0	1	1	1	0
192955.64	0	0	0	0	1	0	0	0	1
192955.65	0	0	0	0	1	0	0	0	1
192955.66	0	0	0	0	1	0	0	0	1
192955.67	0	0	0	0	0	0	0	0	0
192955.68	0	0	0	0	1	0	0	0	1
192955.69	0	0	1	0	1	1	1	1	1
192955.70	0	0	0	0	1	0	0	0	1
192955.71	0	0	0	0	1	0	0	0	0
192955.72	0	0	0	0	1	0	0	0	0
192955.73	0	0	0	0	1	0	0	0	0
192955.74	0	0	0	0	1	0	0	0	0
192955.75	0	0	0	0	1	0	0	0	1
192955.76	0	0	0	0	1	0	0	0	0
192955.77	0	0	0	0	1	0	0	0	1
192955.78	0	0	0	0	1	0	0	0	1
192955.79	0	0	0	0	1	0	0	0	1
192955.80	0	0	0	0	0	0	0	0	0
192955.81	0	0	0	0	1	0	0	0	0
192955.82	0	0	0	0	1	0	0	0	1
192955.83	0	0	0	0	1	0	0	0	1
192955.84	0	0	0	0	1	0	0	0	0
192955.85	0	0	1	0	0	1	1	1	0
192955.86	0	0	0	0	1	0	0	0	0
192955.87	0	0	0	0	1	0	0	0	1
192955.88	0	0	0	0	1	0	0	0	1
192955.89	0	0	0	0	1	0	0	0	1
192955.90	0	0	0	0	1	0	0	0	1
192955.91	0	0	0	0	0	0	0	0	0
192955.92	0	0	0	0	1	0	0	0	1
192955.93	0	0	0	0	0	0	0	0	1
192955.94	0	0	0	0	1	0	0	0	1
192955.95	0	0	0	0	0	0	0	0	0
192955.96	0	0	0	0	1	0	0	0	1
211968.3	0	0	0	0	0	0	0	0	0
192955.97	0	0	1	0	1	1	1	1	1
192955.98	0	0	0	0	0	0	0	0	0
192955.99	0	0	0	0	1	0	0	0	1
2036204.3	0	0	0	0	0	0	0	0	0
211968.4	0	1	1	0	0	1	0	1	0
211968.5	0	0	1	0	0	1	1	1	0
211968.6	0	0	0	0	0	0	0	0	0
211968.7	0	0	1	0	0	1	1	1	0
216804.3	0	0	0	0	0	0	0	0	0
216804.4	0	0	0	0	1	0	0	0	1
2172527.3	0	0	0	0	0	0	0	0	0
2172528.3	0	0	0	0	0	0	0	0	0
2172529.4	0	0	0	0	0	0	0	0	0
260680.4	0	0	0	0	0	0	0	0	0
28142.6	0	0	0	0	0	0	0	0	1
28142.7	0	0	0	0	0	0	0	0	1
28142.8	0	0	0	0	0	0	0	0	0
28142.9	0	0	1	0	0	1	1	1	0
28144.23	0	0	0	0	0	0	0	0	0
28144.24	0	0	0	0	0	0	0	0	0
28144.25	0	0	0	1	1	0	0	0	1
28144.26	0	0	0	0	0	0	0	0	1
28144.27	0	0	0	1	1	0	0	0	1
28144.33	0	0	0	0	0	0	0	0	0
28144.34	0	1	0	1	1	0	0	0	1
28144.35	0	0	0	0	0	0	0	0	1
28144.36	0	0	0	1	1	0	0	0	1
28147.37	0	0	0	0	0	0	0	0	0
28147.38	0	0	0	0	0	0	0	0	0
28147.39	0	0	0	0	0	0	0	0	0
28150.14	0	1	0	1	1	1	0	0	0
28150.15	0	0	0	0	0	0	0	0	0
28150.16	0	0	0	1	0	0	0	0	1
28150.18	0	0	1	1	1	1	1	1	1
28150.19	0	0	0	0	0	0	0	0	0
28150.20	0	1	0	0	1	1	0	0	0
28150.21	0	1	0	0	0	1	0	0	0
28150.22	0	0	0	0	1	1	0	0	0
28150.52	0	0	0	0	0	0	0	0	0
28150.5	0	0	0	0	0	0	0	0	0
28150.6	0	1	0	1	1	1	0	0	0
28150.7	0	1	0	1	1	1	0	0	0
28901.1609	0	2	1	0	0	1	0	1	0
28901.2717	0	0	2	2	0	0	2	2	1
28901.3869	0	0	0	0	0	0	0	0	0
28901.3870	0	0	0	0	0	0	0	0	0
28901.760	0	0	0	0	0	1	0	0	0
28901.763	0	0	0	0	0	0	0	0	0
28901.764	0	0	0	0	0	0	0	0	0
28901.768	0	0	0	0	0	0	0	0	0
28901.769	0	0	0	0	0	1	0	0	1
28901.770	0	0	0	1	1	1	0	0	1
28901.771	0	0	0	0	1	0	0	0	0
28901.772	0	0	0	0	0	0	0	0	0
28901.773	0	0	0	0	0	1	0	0	0
28901.774	0	0	0	1	1	1	0	0	0
28901.775	0	0	0	1	1	1	0	0	1
28901.777	0	0	0	1	0	1	0	0	1
28901.778	0	0	1	1	0	1	1	1	1
28901.779	0	0	0	0	0	0	0	0	0
28901.780	0	1	0	0	1	1	0	0	1
28901.781	0	0	1	1	1	1	1	1	1
28901.782	0	0	0	0	1	0	0	0	1
28901.784	0	0	1	1	0	1	0	1	1
28901.785	0	0	0	0	0	0	0	0	1
28901.786	0	0	0	0	0	0	0	0	0
28901.788	0	1	0	1	1	0	0	0	0
28901.789	0	0	0	1	0	1	0	0	1
28901.790	0	0	0	1	0	0	0	0	0
28901.793	0	0	0	1	1	1	0	0	0
28901.794	0	0	0	1	1	1	0	0	1
28901.795	0	0	0	1	1	1	0	0	1
28901.796	0	0	0	0	0	0	0	0	0
28901.797	0	0	0	1	1	1	0	0	1
28901.798	0	1	0	1	0	0	0	0	0
28901.799	0	0	0	0	0	0	0	0	0
28901.800	0	0	0	0	1	0	0	0	1
28901.801	0	0	0	1	1	1	0	0	0
28901.802	0	0	0	1	1	1	0	0	0
28901.803	0	1	0	1	0	1	0	0	0
28901.804	0	0	0	0	0	0	0	0	0
28901.805	0	0	0	1	1	1	0	0	1
28901.806	0	0	0	1	0	0	0	0	1
28901.807	0	0	1	0	0	1	1	1	0
28901.809	0	0	0	0	0	0	0	0	0
28901.810	0	0	0	1	1	0	0	0	0
28901.811	0	0	1	0	1	1	1	1	1
28901.812	0	0	0	1	1	0	0	0	1
28901.813	0	1	0	1	1	0	0	0	1
28901.814	0	0	0	1	0	0	0	0	1
28901.815	0	0	0	0	0	0	0	0	0
28901.816	0	0	0	1	0	1	0	0	1
28901.818	0	0	0	1	1	0	0	0	1
28901.8199	0	2	2	2	2	0	2	0	2
28901.819	0	1	0	1	1	1	0	0	1
28901.8201	0	0	0	0	0	0	0	0	0
28901.8202	0	0	0	0	0	0	0	0	0
28901.8203	0	0	0	0	0	0	0	0	1
28901.8204	0	0	0	0	0	0	0	0	1
28901.8207	0	0	0	1	1	1	0	0	1
28901.8208	0	0	0	0	0	1	0	0	0
28901.8209	0	0	0	0	0	0	0	0	0
28901.820	0	0	0	0	0	0	0	0	1
28901.8210	0	0	0	1	1	0	0	0	0
28901.8211	0	0	1	1	0	1	1	1	1
28901.8212	0	0	0	0	0	0	0	0	0
28901.8213	0	1	0	1	1	1	0	0	0
28901.8214	0	0	0	0	0	1	0	0	0
28901.8215	0	0	0	0	0	0	0	0	0
28901.8216	0	0	0	1	1	0	0	0	1
28901.8217	0	0	0	1	1	0	0	0	0
28901.8218	0	0	0	1	1	1	0	0	1
28901.8219	0	0	0	0	0	0	0	0	0
28901.821	0	0	0	1	0	1	0	0	0
28901.8221	0	0	0	0	0	0	0	0	0
28901.8222	0	0	0	0	0	0	0	0	0
28901.8223	0	0	0	0	0	0	0	0	0
28901.8227	0	0	0	0	0	0	0	0	1
28901.8228	0	0	0	0	0	0	0	0	1
28901.8229	0	0	0	1	1	0	0	0	0
28901.8230	0	0	0	1	1	0	0	0	1
28901.8231	0	0	0	0	0	1	0	0	0
28901.8232	0	0	0	1	1	0	0	0	0
28901.8233	0	0	0	1	0	1	0	0	0
28901.8234	0	0	0	0	0	0	0	0	1
28901.8235	0	0	0	1	1	0	0	0	1
28901.8237	0	0	0	0	0	0	0	0	0
28901.8238	0	0	0	1	1	1	0	0	1
28901.8239	0	0	0	1	1	1	0	0	1
28901.823	0	0	1	1	0	1	1	1	0
28901.8241	0	0	0	0	0	1	0	0	0
28901.8242	0	0	0	0	0	0	0	0	1
28901.8245	0	0	0	0	0	0	0	0	1
28901.8246	0	0	0	0	0	0	0	0	0
340190.3	0	0	0	0	1	0	0	0	0
28901.8247	0	0	0	0	1	0	0	0	1
28901.8248	0	0	0	1	1	0	0	0	0
28901.8249	0	0	0	0	0	0	0	0	0
28901.8251	0	0	0	0	0	0	0	0	1
28901.8252	0	0	0	0	0	1	0	0	0
28901.8254	0	0	0	0	0	1	0	0	1
28901.8256	0	0	0	0	0	0	0	0	1
28901.8257	0	2	0	0	1	0	0	0	1
28901.8258	0	0	0	0	1	0	0	0	1
28901.8259	0	0	1	0	0	1	1	1	0
28901.8260	0	1	0	1	1	0	0	0	0
28901.8261	0	0	0	0	0	0	0	0	0
28901.8262	0	0	0	0	0	0	0	0	0
28901.8264	0	0	0	0	0	0	0	0	0
28901.8265	0	0	1	0	0	1	1	1	0
28901.8266	0	0	0	0	0	0	0	0	0
28901.8267	0	0	0	0	0	0	0	0	1
28901.8269	0	0	0	1	1	0	0	0	1
28901.826	0	0	0	0	0	0	0	0	0
28901.8270	0	0	0	0	0	0	0	0	1
28901.8271	0	0	0	1	0	1	0	0	0
28901.8272	0	0	0	1	0	1	0	0	1
28901.8273	0	0	0	1	1	1	0	0	1
28901.8274	0	1	0	1	1	0	0	0	1
28901.8275	0	0	0	1	1	1	0	0	1
28901.8276	0	0	0	1	1	1	0	0	1
28901.8277	0	0	0	1	1	1	0	0	1
28901.8278	0	0	0	0	0	0	0	0	0
28901.8279	0	0	0	0	0	0	0	0	0
28901.8280	0	0	0	0	1	0	0	0	0
28901.8282	0	0	0	0	0	0	0	0	0
28901.8283	0	0	0	0	0	0	0	0	0
28901.8284	0	0	0	0	0	0	0	0	0
28901.8285	0	0	1	1	0	1	1	1	1
28901.8286	0	0	0	0	1	0	0	0	1
28901.8287	0	0	0	1	1	1	0	0	1
28901.8289	0	0	0	0	0	0	0	0	0
28901.828	0	0	0	0	0	0	0	0	0
28901.8291	0	0	0	0	0	0	0	0	0
28901.8292	0	0	0	0	0	0	0	0	0
28901.8293	0	0	0	0	0	0	0	0	0
28901.8294	0	0	1	0	0	1	1	1	0
28901.829	0	0	0	0	0	0	0	0	0
28901.8300	0	0	0	1	1	1	0	0	1
28901.8301	0	0	0	1	1	1	0	0	1
28901.8303	0	0	0	0	0	0	0	0	0
28901.8304	0	0	0	0	0	0	0	0	0
28901.8305	0	0	0	0	0	0	0	0	0
28901.8306	0	0	0	1	1	1	0	0	1
28901.8307	0	1	0	1	1	0	0	0	0
28901.8308	0	0	0	1	1	1	0	0	1
28901.830	0	0	0	0	0	0	0	0	0
28901.8310	0	0	0	0	0	0	0	0	0
28901.8311	0	0	0	1	1	1	0	0	1
28901.8312	0	0	0	1	1	1	0	0	1
28901.8313	0	0	0	0	0	1	0	0	0
28901.8314	0	0	0	0	0	0	0	0	0
28901.8316	0	1	0	1	1	0	0	0	0
28901.8317	0	0	0	0	0	1	0	0	0
28901.8318	0	0	0	1	1	1	0	0	1
28901.8319	0	0	0	0	0	0	0	0	0
28901.831	0	0	0	0	0	0	0	0	0
28901.8320	0	1	0	1	1	0	0	0	0
28901.8321	0	0	0	0	0	0	0	0	0
28901.8322	0	0	0	0	1	0	0	0	1
28901.8323	0	0	0	0	1	0	0	0	0
28901.8324	0	0	0	0	0	1	0	0	1
28901.8325	0	0	0	0	0	0	0	0	0
28901.8326	0	0	0	0	0	0	0	0	0
28901.8327	0	0	0	0	0	0	0	0	0
28901.8328	0	0	0	0	0	0	0	0	1
28901.832	0	0	0	0	0	0	0	0	0
28901.8330	0	0	0	1	1	1	0	0	1
28901.8333	0	0	0	0	0	0	0	0	1
28901.8335	0	0	0	1	1	1	0	0	1
28901.8336	0	0	0	0	0	0	0	0	0
28901.8337	0	0	0	0	0	0	0	0	0
28901.8338	0	0	0	1	1	0	0	0	1
28901.8339	0	0	0	0	0	0	0	0	0
28901.833	0	0	0	0	0	0	0	0	0
28901.8340	0	0	0	0	0	0	0	0	0
28901.8341	0	0	1	0	0	1	1	1	0
28901.8342	0	0	0	0	0	0	0	0	0
28901.8343	0	0	0	0	0	0	0	0	0
28901.8344	0	0	1	0	0	1	1	1	0
28901.8345	0	0	0	1	1	1	0	0	1
28901.8347	0	0	1	0	0	1	1	1	0
28901.8348	0	0	0	0	0	1	0	0	1
28901.8349	0	0	0	0	0	0	0	0	0
28901.834	0	0	0	0	0	0	0	0	0
28901.8350	0	0	0	0	0	0	0	0	0
28901.8351	0	0	0	0	0	0	0	0	0
28901.8352	0	0	1	1	1	1	1	1	1
28901.8353	0	0	0	1	0	0	0	0	1
28901.8354	0	0	0	1	0	0	0	0	1
28901.8356	0	0	0	0	0	1	0	0	1
28901.8357	0	0	0	1	1	1	0	0	1
28901.8358	0	0	0	0	0	1	0	0	1
28901.8359	0	0	0	0	0	1	0	0	0
28901.8360	0	0	0	1	1	1	0	0	1
28901.8361	0	0	0	1	1	0	0	0	1
28901.8362	0	0	0	1	0	0	0	0	1
28901.8365	0	0	0	0	0	1	0	0	0
28901.8367	0	0	0	0	1	0	0	0	1
28901.8368	0	0	0	0	0	0	0	0	1
28901.8369	0	0	0	1	1	1	0	0	1
28901.836	0	0	1	1	1	1	1	1	0
28901.8370	0	0	0	0	0	0	0	0	0
28901.8371	0	0	0	1	1	1	0	0	1
28901.8372	0	0	0	1	1	1	0	0	1
28901.8373	0	0	0	1	1	0	0	0	0
28901.8374	0	0	0	0	0	0	0	0	0
28901.8375	0	0	0	0	1	0	0	0	0
28901.8376	0	0	0	0	0	0	0	0	0
28901.8377	0	0	0	0	0	0	0	0	0
28901.8378	0	0	0	0	0	0	0	0	0
28901.8379	0	0	0	0	0	0	0	0	0
28901.837	0	1	0	1	1	1	0	0	0
28901.8381	0	0	0	0	0	0	0	0	0
28901.8382	0	0	0	0	1	0	0	0	0
28901.8383	0	0	1	0	0	1	1	1	0
28901.8385	0	0	0	1	0	0	0	0	1
28901.8386	0	0	0	1	0	0	0	0	1
28901.8387	0	0	0	1	0	0	0	0	1
28901.8390	0	0	1	0	0	1	1	1	0
28901.8392	0	1	0	1	1	1	0	0	1
28901.8394	0	0	0	0	0	1	0	0	0
28901.8395	0	0	0	1	1	0	0	0	1
28901.8396	0	0	0	1	0	0	0	0	1
28901.8398	0	0	0	0	0	0	0	0	1
28901.8399	0	0	0	0	0	0	0	0	0
28901.8401	0	1	0	1	1	1	0	0	1
28901.8402	0	0	0	1	1	1	0	0	1
28901.8403	0	0	0	0	0	1	0	0	0
28901.8404	0	0	1	1	0	1	0	1	1
28901.8406	0	0	1	0	0	1	1	1	0
28901.8407	0	0	0	1	1	0	0	0	0
28901.8408	0	0	0	0	1	0	0	0	1
28901.8409	0	0	0	0	0	0	0	0	0
28901.840	0	1	0	1	1	1	0	0	1
28901.8410	0	0	0	0	0	0	0	0	0
28901.8411	0	0	0	1	1	1	0	0	1
28901.8412	0	0	0	1	1	1	0	0	1
28901.8413	0	0	0	1	1	1	0	0	1
28901.8414	0	0	0	0	0	0	0	0	1
28901.8415	0	0	0	0	0	0	0	0	0
28901.8416	0	0	0	0	0	0	0	0	1
28901.8419	0	0	0	0	0	0	0	0	1
28901.8421	0	1	0	1	1	0	0	0	0
28901.8423	0	0	0	0	0	0	0	0	1
28901.8424	0	1	0	0	1	1	0	0	1
28901.8425	0	0	0	0	0	0	0	0	1
28901.8426	0	0	0	1	1	0	0	0	1
28901.8428	0	0	0	0	0	1	0	0	1
28901.842	0	0	0	0	0	0	0	0	1
28901.8436	0	0	0	0	0	0	0	0	0
28901.8437	0	0	0	0	0	0	0	0	0
28901.8438	0	0	1	0	1	1	1	1	1
28901.8439	0	0	0	0	0	0	0	0	0
28901.843	0	0	0	0	0	1	0	0	0
28901.8440	0	0	0	0	0	0	0	0	0
28901.8441	0	0	0	0	0	0	0	0	0
28901.8442	0	0	0	0	0	0	0	0	0
28901.8443	0	0	0	0	0	0	0	0	0
28901.8444	0	0	0	0	0	1	0	0	0
28901.8445	0	2	1	0	1	1	1	1	1
28901.8446	0	0	0	1	0	0	0	0	1
28901.8447	0	0	1	1	0	1	1	1	1
28901.8449	0	0	1	1	0	1	1	1	1
28901.844	0	1	0	1	1	1	0	0	1
28901.8450	0	0	1	1	0	1	1	1	1
28901.8451	0	0	0	0	0	0	0	0	0
28901.8452	0	0	1	1	0	1	1	1	1
28901.8453	0	0	0	0	1	0	0	0	1
28901.8454	0	0	1	0	0	1	1	1	1
28901.8455	0	0	0	0	1	0	0	0	1
28901.8456	0	0	0	0	0	0	0	0	0
28901.8457	0	0	0	0	0	0	0	0	0
28901.8458	0	0	0	0	0	0	2	0	0
28901.8459	0	0	0	1	1	1	0	0	1
28901.845	0	0	0	0	0	0	0	0	1
28901.8460	0	0	0	1	0	1	0	0	1
28901.8461	0	0	1	1	0	1	1	1	1
28901.8462	0	0	1	0	0	1	1	1	2
28901.8463	0	0	0	0	1	1	0	0	1
28901.8464	0	0	1	0	1	1	1	1	1
28901.8465	0	1	0	0	1	1	0	0	1
28901.8466	0	0	0	0	0	1	0	0	1
28901.8467	0	1	0	0	1	1	0	0	1
28901.8468	0	0	1	1	1	1	1	1	1
28901.8469	0	0	0	1	0	0	0	0	1
28901.846	0	0	0	0	0	0	0	0	0
28901.8470	0	0	1	1	0	1	1	1	1
28901.8471	0	0	0	1	0	0	0	0	1
28901.8472	0	0	0	0	0	0	0	0	0
28901.8473	0	1	0	1	1	1	0	0	1
28901.8474	0	0	0	0	1	0	0	0	1
28901.8475	0	1	0	1	1	0	0	0	0
28901.8476	0	0	0	0	0	0	0	0	0
28901.8477	0	0	0	0	0	0	0	0	0
28901.8478	0	0	0	0	0	0	0	0	0
28901.8479	0	0	0	0	1	0	0	0	1
28901.8480	0	0	0	0	0	0	0	0	1
28901.8481	0	0	0	0	0	0	0	0	0
28901.8482	0	0	0	0	0	0	0	0	0
28901.8483	0	1	0	0	1	1	0	0	1
28901.8484	0	0	0	0	1	0	0	0	1
28901.8485	0	0	0	0	1	1	0	0	1
28901.8486	0	0	0	0	1	1	0	0	1
28901.8487	0	0	0	0	1	0	0	0	1
28901.8488	0	0	0	0	1	1	0	0	1
28901.8489	0	0	0	0	0	0	0	0	0
28901.8490	0	0	0	0	0	0	0	0	1
28901.8491	0	0	0	0	0	0	2	0	0
28901.8492	0	0	0	0	1	0	0	0	1
28901.8494	0	0	1	1	1	1	2	1	1
28901.8495	0	0	0	0	0	1	0	0	1
28901.8496	0	0	0	0	0	0	0	0	0
28901.8497	0	0	0	0	0	0	0	0	0
28901.8498	0	0	0	0	0	0	0	0	0
28901.8499	0	1	0	0	0	1	0	0	1
28901.849	0	0	0	0	0	0	0	0	0
28901.8500	0	1	0	0	1	1	0	0	1
28901.8501	0	0	0	0	1	1	0	0	1
28901.8502	0	0	0	0	1	0	0	0	0
28901.8503	0	0	0	0	0	0	0	0	0
28901.8504	0	0	0	0	0	1	0	0	1
28901.8505	0	0	0	0	0	0	0	0	0
28901.8506	0	0	0	0	1	0	0	0	0
28901.8507	0	0	0	0	0	1	0	0	1
28901.8508	0	0	0	0	0	1	0	0	1
28901.8509	0	0	0	0	0	0	0	0	0
28901.8510	0	0	0	0	1	0	0	0	1
28901.8511	0	0	0	0	0	0	0	0	0
28901.8512	0	0	0	0	0	0	0	0	0
28901.8513	0	1	0	0	1	1	0	0	1
28901.8514	0	1	0	0	1	1	0	0	1
28901.8515	0	0	0	0	0	0	0	0	0
28901.8516	0	0	0	0	0	0	0	0	0
28901.8518	0	0	0	0	0	0	0	0	0
28901.8519	0	1	0	0	1	1	0	0	1
28901.851	0	0	0	0	1	1	0	0	1
28901.8520	0	0	0	1	1	0	0	0	1
28901.8521	0	0	1	0	1	1	1	1	1
28901.8523	0	0	0	0	1	0	0	0	1
28901.8524	0	0	0	0	0	0	0	0	0
28901.8525	0	0	0	0	0	0	0	0	0
28901.8526	0	1	0	1	1	1	0	0	1
28901.8527	0	0	1	0	1	1	1	1	0
28901.8528	0	0	0	0	1	0	0	0	1
28901.852	0	0	0	1	0	0	0	0	1
28901.8530	0	1	0	0	1	1	0	0	1
28901.8531	0	0	0	0	0	0	0	0	0
28901.8532	0	0	0	1	0	0	0	0	1
28901.8533	0	0	0	1	0	0	0	0	1
28901.8534	0	0	1	1	0	1	1	1	1
28901.8535	0	0	0	1	0	0	0	0	1
28901.8536	0	0	0	0	0	0	0	0	0
28901.8537	0	0	1	1	1	1	1	1	1
28901.8538	0	0	1	1	1	1	1	1	1
28901.8539	0	0	1	1	0	1	2	1	1
28901.853	0	1	0	1	1	0	0	0	1
28901.8540	0	0	0	0	0	1	0	0	1
28901.8541	0	1	0	0	1	1	0	0	1
28901.8542	0	0	0	0	0	1	0	0	1
28901.8543	0	0	0	0	1	0	0	0	1
28901.8544	0	1	0	1	1	0	0	0	1
28901.8545	0	1	1	1	1	1	2	1	1
28901.8546	0	0	0	0	1	0	0	0	1
28901.8547	0	0	0	0	0	0	0	0	1
28901.8548	0	0	1	0	0	1	1	1	0
28901.8549	0	0	1	0	0	1	1	1	0
28901.854	0	1	0	1	1	0	0	0	1
28901.8550	0	0	1	0	0	1	1	1	0
28901.8551	0	0	0	0	0	0	0	0	1
28901.8552	0	1	1	1	1	1	1	1	1
28901.8553	0	0	0	0	0	0	0	0	0
28901.8554	0	0	0	0	0	0	0	0	0
28901.8555	0	0	1	1	0	1	2	1	1
28901.8556	0	0	0	0	1	0	0	0	1
28901.8557	0	0	0	0	0	0	0	0	0
28901.8558	0	0	0	0	0	0	0	0	1
28901.8559	0	0	0	0	0	0	0	0	1
28901.855	0	1	0	0	0	1	0	0	1
28901.8560	0	0	1	1	0	1	2	1	1
28901.8561	0	0	1	1	0	1	1	1	1
28901.8562	0	0	0	0	0	0	0	0	0
28901.8563	0	0	0	0	0	0	0	0	0
28901.8564	0	0	0	0	0	0	0	0	1
28901.8565	0	0	0	0	0	0	0	0	0
28901.8566	0	0	0	0	0	0	0	0	0
28901.8567	0	0	0	0	0	0	0	0	0
28901.8568	0	0	0	0	0	0	0	0	1
28901.8569	0	1	0	1	1	0	0	0	1
28901.856	0	1	0	0	0	0	0	0	0
28901.8570	0	0	0	0	1	0	0	0	1
28901.8571	0	0	1	0	0	1	1	1	0
28901.8572	0	0	0	0	1	0	0	0	1
28901.8573	0	2	1	0	1	1	1	1	1
28901.8574	0	0	0	0	0	0	0	0	0
28901.8575	0	0	0	0	0	1	0	0	1
28901.8576	0	0	0	0	0	1	0	0	1
28901.8577	0	1	0	0	1	1	0	0	1
28901.8578	0	0	0	0	0	0	0	0	0
28901.8579	0	0	0	0	0	0	0	0	0
28901.857	0	0	0	0	0	0	0	0	0
28901.8580	0	0	0	0	0	1	0	0	1
28901.8581	0	0	0	0	0	0	0	0	0
28901.8582	0	1	0	0	1	1	0	0	1
28901.8583	0	0	1	0	0	1	1	1	0
28901.8584	0	0	1	0	0	1	1	1	0
28901.8585	0	0	0	0	1	0	0	0	1
28901.8586	0	0	0	0	1	0	0	0	1
28901.8587	0	1	0	1	1	1	0	0	1
28901.8588	0	0	0	0	1	1	0	0	1
28901.8589	0	0	0	0	1	1	0	0	1
28901.858	0	0	0	1	1	0	0	0	0
28901.8590	0	0	0	0	0	0	0	0	0
28901.8591	0	0	0	0	1	1	0	0	1
28901.8592	0	0	1	1	1	1	2	1	1
28901.8593	0	0	1	1	0	1	2	1	1
28901.8594	0	0	0	1	0	1	0	0	1
28901.8595	0	0	1	1	1	1	1	1	1
28901.8596	0	0	1	1	0	1	2	1	1
28901.8597	0	0	0	1	0	0	0	0	1
28901.8598	0	0	1	1	0	1	1	1	1
28901.8599	0	0	0	0	0	0	0	0	0
28901.859	0	0	0	0	0	0	0	0	0
28901.8600	0	0	0	1	0	1	0	0	1
28901.8601	0	0	0	0	0	0	0	0	0
28901.8602	0	0	1	1	0	1	1	1	1
28901.8603	0	0	0	0	0	0	0	0	0
28901.8604	0	1	0	1	1	0	0	0	0
28901.8605	0	0	1	0	0	1	1	1	0
28901.8606	0	0	0	0	0	0	0	0	0
28901.8607	0	0	0	0	0	0	0	0	0
28901.8608	0	0	0	0	0	0	0	0	0
28901.8609	0	0	0	0	0	0	0	0	0
28901.8610	0	0	0	0	0	0	0	0	0
28901.8611	0	0	1	0	1	1	1	1	1
28901.8612	0	0	1	0	1	1	1	1	1
28901.8613	0	0	0	0	0	0	0	0	0
28901.8614	0	0	0	0	0	0	0	0	0
28901.8615	0	0	0	0	0	0	0	0	0
28901.8616	0	0	0	0	0	0	0	0	0
28901.8617	0	1	0	0	1	1	0	0	1
28901.8618	0	0	0	0	1	0	0	0	1
28901.8619	0	0	0	0	0	1	0	0	1
28901.8620	0	0	0	0	1	0	0	0	1
28901.8621	0	0	0	0	1	0	0	0	1
28901.8622	0	0	0	0	0	0	0	0	0
28901.8623	0	0	1	1	1	1	1	1	1
28901.8624	0	1	0	1	1	0	0	0	1
28901.8625	0	0	0	0	1	0	0	0	1
28901.8626	0	0	0	0	1	0	0	0	1
28901.8627	0	1	0	1	1	0	0	0	1
28901.8628	0	0	0	0	0	0	0	0	0
28901.8629	0	0	1	0	1	1	1	1	1
28901.862	0	0	0	0	0	0	0	0	0
28901.8630	0	0	1	1	1	1	1	1	1
28901.8631	0	0	0	0	0	0	0	0	0
28901.8632	0	0	0	0	1	1	0	0	0
28901.8633	0	0	0	0	1	1	0	0	0
28901.8634	0	0	0	0	1	1	0	0	0
28901.8635	0	0	0	0	1	1	0	0	0
28901.8636	0	0	0	0	1	1	0	0	0
28901.8637	0	0	0	0	1	1	0	0	0
28901.8638	0	0	0	0	1	0	0	0	1
28901.8639	0	1	0	1	1	0	0	0	0
28901.863	0	0	0	0	0	0	0	0	0
28901.8640	0	0	0	0	0	0	0	0	0
28901.8641	0	0	0	1	0	0	0	0	1
28901.8642	0	0	1	0	0	1	1	1	0
28901.8643	0	0	0	0	1	0	0	0	1
28901.8644	0	0	0	1	0	0	0	0	1
28901.8645	0	0	0	1	0	0	0	0	1
28901.8646	0	0	0	0	1	0	0	0	1
28901.8647	0	0	0	0	0	0	0	0	0
28901.8648	0	0	1	0	0	1	1	1	0
28901.8649	0	0	0	0	0	0	0	0	0
28901.864	0	0	0	1	1	0	0	0	1
28901.8650	0	0	0	0	0	0	0	0	0
28901.8651	0	0	0	0	0	0	0	0	0
28901.8652	0	0	0	0	0	0	0	0	0
28901.8653	0	0	0	0	1	0	0	0	1
28901.8654	0	0	0	0	0	1	0	0	1
28901.8655	0	0	0	0	0	0	0	0	0
28901.8656	0	0	0	0	0	0	0	0	0
28901.8657	0	0	0	1	0	0	0	0	1
28901.8658	0	0	1	1	0	1	1	1	1
28901.8659	0	0	0	0	0	0	0	0	0
28901.8660	0	0	0	0	0	0	0	0	0
28901.8661	0	0	0	0	0	0	0	0	0
28901.8662	0	0	0	0	0	0	0	0	0
28901.8663	0	0	0	0	0	0	0	0	0
28901.8664	0	0	0	0	1	0	0	0	1
28901.8665	0	0	0	0	1	0	0	0	1
28901.8666	0	0	0	0	1	0	0	0	1
28901.8667	0	0	0	0	0	0	0	0	0
28901.8668	0	0	0	0	0	0	0	0	1
28901.8669	0	0	0	0	1	0	0	0	1
28901.8670	0	0	0	0	1	0	0	0	1
28901.8671	0	0	0	0	1	0	0	0	1
28901.8672	0	0	0	0	0	0	0	0	0
28901.8673	0	0	0	1	0	0	0	0	1
28901.8674	0	0	1	1	0	1	1	1	1
28901.8675	0	0	0	1	0	0	0	0	1
28901.8676	0	2	0	1	0	1	0	0	1
28901.8677	0	0	0	1	1	1	0	0	1
28901.8678	0	0	0	0	0	0	0	0	1
28901.8679	0	0	0	1	0	0	0	0	1
28901.8680	0	0	1	1	0	1	1	1	1
28901.8681	0	0	0	0	0	0	0	0	0
28901.8682	0	0	1	1	0	1	2	1	1
28901.8683	0	0	1	1	0	1	1	1	1
28901.8684	0	0	1	1	1	1	2	1	1
28901.8685	0	0	0	1	1	0	0	0	0
28901.8686	0	0	0	0	0	0	0	0	0
28901.8687	0	0	0	0	1	0	0	0	1
28901.8688	0	0	0	1	1	0	0	0	1
28901.8689	0	0	0	0	0	0	0	0	0
28901.8690	0	0	0	0	0	0	0	0	0
28901.8691	0	1	0	0	1	1	0	0	1
28901.8692	0	0	0	0	1	0	0	0	1
28901.8693	0	0	0	0	0	0	0	0	0
28901.8694	0	0	0	0	1	0	0	0	1
28901.8695	0	0	0	0	1	0	0	0	1
28901.8696	0	0	1	1	0	1	1	1	1
28901.8697	0	0	0	0	1	1	0	0	1
28901.8698	0	0	0	0	1	1	0	0	1
28901.8699	0	0	1	1	0	1	1	1	1
28901.8700	0	1	0	1	1	1	0	0	0
28901.8701	0	0	0	0	0	0	0	0	0
28901.8702	0	0	0	0	0	0	0	0	0
28901.8703	0	0	0	0	1	0	0	0	1
28901.8704	0	0	0	0	0	0	0	0	0
28901.8705	0	0	0	0	0	0	0	0	0
28901.8706	0	0	0	0	0	0	0	0	0
28901.8707	0	0	1	0	1	1	1	1	1
28901.8708	0	0	0	0	0	0	0	0	0
28901.8709	0	0	1	1	0	1	1	1	1
28901.8710	0	0	0	0	1	0	0	0	1
28901.8711	0	0	0	1	0	0	0	0	1
28901.8712	0	0	0	0	1	0	0	0	1
28901.8713	0	0	0	0	0	0	0	0	0
28901.8714	0	0	0	0	0	0	0	0	0
28901.8715	0	1	0	0	1	1	0	0	1
28901.8716	0	0	0	0	1	0	0	0	0
28901.8717	0	0	1	1	0	1	2	1	1
28901.8718	0	0	0	0	0	0	0	0	0
28901.8719	0	0	1	0	1	1	1	1	0
28901.8720	0	0	1	1	0	1	1	1	1
28901.8721	0	0	0	0	1	0	0	0	1
28901.8722	0	0	0	0	1	0	0	0	1
28901.8723	0	0	0	0	0	0	0	0	0
28901.8724	0	0	0	0	1	0	0	0	1
28901.8725	0	0	0	0	0	0	0	0	0
28901.8726	0	0	0	0	0	0	0	0	0
28901.8727	0	0	0	0	0	0	0	0	0
28901.8728	0	0	0	0	0	0	0	0	0
28901.8729	0	0	0	0	1	0	0	0	1
28901.8730	0	0	0	0	0	0	0	0	0
28901.8731	0	0	0	0	0	0	0	0	0
28901.8732	0	0	0	0	0	0	0	0	0
28901.8733	0	0	0	0	0	0	0	0	0
28901.8734	0	0	0	0	0	0	0	0	0
28901.8735	0	0	0	0	0	0	0	0	0
28901.8736	0	0	1	1	0	1	1	1	1
28901.8737	0	0	0	0	0	0	0	0	0
28901.8738	0	0	0	0	0	0	0	0	0
28901.8739	0	0	0	0	0	0	0	0	0
28901.8740	0	0	0	0	0	0	0	0	0
28901.8741	0	0	0	0	0	0	0	0	0
28901.8742	0	0	0	0	0	0	0	0	0
28901.8743	0	0	0	0	0	0	0	0	0
28901.8744	0	0	0	0	0	0	0	0	0
28901.8745	0	0	0	0	0	0	0	0	0
28901.8746	0	0	0	0	0	0	0	0	0
28901.8747	0	0	0	0	0	0	0	0	0
28901.8748	0	0	0	1	0	0	0	0	1
28901.8749	0	0	1	0	1	1	1	1	0
28901.8750	0	0	0	0	1	0	0	0	0
28901.8751	0	0	0	0	0	0	0	0	0
28901.8752	0	0	0	0	1	0	0	0	1
28901.8753	0	0	0	0	0	0	0	0	0
28901.8754	0	0	0	0	0	0	0	0	0
28901.8755	0	0	0	0	0	0	0	0	0
28901.8756	0	0	1	1	0	1	1	1	1
28901.8757	0	0	0	1	0	0	0	0	1
28901.8758	0	0	1	1	0	1	1	1	1
28901.8759	0	0	1	1	0	1	1	1	1
28901.8760	0	0	1	1	1	1	1	1	1
28901.8761	0	0	0	0	0	1	0	0	1
28901.8762	0	1	0	0	1	1	0	0	1
28901.8763	0	0	1	1	0	1	1	1	1
28901.8764	0	0	0	0	1	0	0	0	0
28901.8765	0	0	0	0	1	0	0	0	0
28901.8766	0	0	1	1	0	1	2	1	1
28901.8767	0	0	1	1	0	1	2	1	1
28901.8768	0	0	0	0	0	0	0	0	0
28901.8769	0	0	0	0	0	0	0	0	0
28901.8770	0	0	1	1	0	1	1	1	1
28901.8771	0	0	0	0	0	0	0	0	0
28901.8772	0	0	0	0	0	0	0	0	0
28901.8773	0	0	0	0	0	0	0	0	0
28901.8774	0	0	0	0	0	0	0	0	0
28901.8775	0	0	0	0	0	0	0	0	0
28901.8776	0	1	0	0	1	1	0	0	1
28901.8777	0	0	0	0	0	0	0	0	0
28901.8778	0	0	0	0	1	0	0	0	0
28901.8779	0	0	0	0	0	0	0	0	0
28901.8780	0	0	0	0	0	0	0	0	0
28901.8781	0	0	0	0	1	0	0	0	0
28901.8782	0	0	1	0	1	1	1	1	0
28901.8783	0	1	0	1	1	0	0	0	1
28901.8784	0	0	1	1	0	1	1	1	1
28901.8785	0	0	1	1	0	1	1	1	1
28901.8786	0	0	1	1	0	1	1	1	1
28901.8787	0	0	0	0	0	0	0	0	0
28901.8788	0	0	0	0	1	0	0	0	1
28901.8789	0	0	1	1	0	1	2	1	1
28901.8790	0	0	1	1	0	1	2	1	1
28901.8791	0	0	0	1	0	0	0	0	1
28901.8792	0	0	0	0	0	0	0	0	0
28901.8793	0	0	1	1	0	1	1	1	1
28901.8794	0	0	0	0	1	0	0	0	0
28901.8795	0	0	0	0	0	0	0	0	0
28901.8796	0	0	0	0	1	0	0	0	0
28901.8797	0	0	1	1	0	1	1	1	1
28901.8798	0	0	1	1	0	1	1	1	1
28901.8799	0	0	0	0	0	1	0	0	1
28901.8800	0	0	0	0	1	0	0	0	1
28901.8801	0	0	0	0	0	0	0	0	0
28901.8802	0	0	0	0	0	0	0	0	0
28901.8803	0	1	0	0	1	1	0	0	1
28901.8804	0	0	0	0	0	0	0	0	0
28901.8805	0	0	0	0	0	0	0	0	0
28901.8806	0	0	0	0	1	0	0	0	1
28901.8807	0	0	0	0	0	0	0	0	0
28901.8808	0	0	0	0	0	0	0	0	0
28901.8809	0	0	0	0	1	0	0	0	1
28901.8810	0	0	0	0	0	0	0	0	0
28901.8811	0	0	0	0	0	0	0	0	0
28901.8812	0	0	1	1	0	1	2	1	1
28901.8813	0	0	0	0	0	0	0	0	0
28901.8814	0	0	1	1	0	1	1	1	1
28901.8815	0	0	0	0	1	0	0	0	0
28901.8816	0	0	0	1	0	0	0	0	1
28901.8817	0	0	0	0	1	0	0	0	0
28901.8818	0	0	0	0	1	0	0	0	0
28901.8819	0	0	0	1	0	0	0	0	1
28901.8820	0	1	0	1	1	0	0	0	0
28901.8821	0	0	1	1	0	1	1	1	1
28901.8822	0	0	1	1	0	1	2	1	1
28901.8823	0	0	1	1	0	1	2	1	1
28901.8824	0	0	1	1	0	1	2	1	1
28901.8825	0	0	1	1	0	1	1	1	1
28901.8826	0	0	1	1	0	1	2	1	1
28901.8827	0	0	0	1	0	0	0	0	1
28901.8828	0	0	0	0	1	1	0	0	0
28901.8829	0	0	0	1	0	0	0	0	1
28901.8830	0	0	0	0	0	0	0	0	0
28901.8831	0	0	0	0	0	0	0	0	0
28901.8832	0	0	1	1	0	1	1	1	1
28901.8833	0	0	0	1	0	0	0	0	1
28901.8834	0	0	0	0	0	0	0	0	0
28901.8835	0	0	0	0	0	0	0	0	0
28901.8836	0	0	0	0	0	0	0	0	0
28901.8837	0	0	1	1	0	1	2	1	1
28901.8838	0	0	0	1	0	0	0	0	1
28901.8839	0	0	0	0	0	0	0	0	0
28901.8840	0	1	0	1	1	0	0	0	1
28901.8841	0	0	0	0	1	0	0	0	0
28901.8842	0	0	0	0	1	0	0	0	0
28901.8843	0	0	0	0	0	0	0	0	0
28901.8844	0	0	0	0	0	0	0	0	0
28901.8845	0	0	0	0	0	0	0	0	0
28901.8846	0	0	0	0	1	0	0	0	1
28901.8847	0	0	0	0	0	0	0	0	0
28901.8848	0	0	0	0	0	0	0	0	0
28901.8849	0	0	0	0	0	0	0	0	0
28901.8850	0	0	0	0	1	0	0	0	0
28901.8851	0	0	0	0	0	0	0	0	0
28901.8852	0	0	1	1	0	1	1	1	1
28901.8853	0	0	1	1	1	1	2	1	1
28901.8854	0	0	1	1	0	1	2	1	1
28901.8855	0	0	0	0	0	0	0	0	0
28901.8856	0	0	1	1	0	1	1	1	1
28901.8857	0	0	0	0	0	0	0	0	0
28901.8858	0	1	0	0	1	1	0	0	1
28901.8859	0	1	0	0	0	1	0	0	1
28901.8860	0	0	0	0	0	0	0	0	0
28901.8861	0	0	1	1	0	1	1	1	1
28901.8862	0	0	0	1	0	0	0	0	1
28901.8863	0	0	0	0	1	0	0	0	1
28901.8864	0	0	0	1	0	0	0	0	1
28901.8865	0	0	0	0	1	0	0	0	1
28901.8866	0	0	1	0	0	1	1	1	0
28901.8867	0	0	0	0	0	0	0	0	0
28901.8868	0	0	0	1	0	0	0	0	1
28901.8869	0	0	0	0	1	0	0	0	1
28901.8870	0	0	1	1	0	1	1	1	1
28901.8871	0	0	1	1	0	1	1	1	1
28901.8872	0	0	0	0	0	0	0	0	0
28901.8873	0	0	0	0	1	0	0	0	1
28901.8874	0	0	0	0	0	0	0	0	0
28901.8875	0	0	0	1	1	0	0	0	1
28901.8876	0	0	1	1	1	1	2	1	1
28901.8877	0	0	0	0	0	0	0	0	0
28901.8878	0	0	0	0	1	0	0	0	0
28901.8879	0	0	1	0	1	1	1	1	1
28901.8880	0	0	0	0	0	0	0	0	0
28901.8881	0	0	0	0	0	0	0	0	0
28901.8882	0	0	0	0	1	0	0	0	0
28901.8883	0	0	1	0	1	1	1	1	0
28901.8884	0	0	0	0	1	0	0	0	0
28901.8885	0	0	0	1	0	0	0	0	1
28901.8886	0	0	0	0	1	0	0	0	1
28901.8887	0	0	0	0	1	0	0	0	1
28901.8888	0	0	1	1	0	1	1	1	1
28901.8889	0	0	0	1	0	0	0	0	1
28901.8890	0	0	1	0	0	1	1	1	0
28901.8891	0	0	0	1	0	0	0	0	1
28901.8892	0	0	0	0	1	0	0	0	0
28901.8893	0	0	0	0	0	0	0	0	0
28901.8894	0	0	0	0	0	0	0	0	0
28901.8895	0	0	0	0	0	0	0	0	0
28901.8897	0	0	0	0	0	0	0	0	0
28901.8898	0	0	0	0	1	0	0	0	1
28901.8899	0	0	0	0	0	0	0	0	0
28901.8900	0	0	0	0	0	0	0	0	0
28901.8901	0	0	0	0	0	0	0	0	0
28901.8902	0	0	1	0	0	1	1	1	0
28901.8903	0	0	0	0	1	0	0	0	1
28901.8904	0	0	0	0	0	0	0	0	1
28901.8905	0	0	0	1	0	0	0	0	1
28901.8906	0	0	0	0	0	0	0	0	0
28901.8907	0	0	0	0	0	0	0	0	0
28901.8908	0	1	0	1	1	0	0	0	0
28901.8909	0	0	0	0	0	0	0	0	0
28901.8910	0	0	0	0	0	0	0	0	1
28901.8911	0	0	0	0	0	0	0	0	0
28901.8912	0	0	0	0	0	0	0	0	0
28901.8913	0	0	0	0	0	0	0	0	0
28901.8914	0	0	1	0	0	1	1	1	0
28901.8916	0	0	0	1	0	0	0	0	1
28901.8917	0	0	0	0	0	0	0	0	0
28901.8918	0	1	0	0	1	1	0	0	1
28901.8919	0	0	1	1	0	1	2	1	1
28901.8920	0	0	1	1	0	1	2	1	1
28901.8921	0	0	0	1	0	0	0	0	1
28901.8922	0	1	0	1	1	1	0	0	1
28901.8923	0	0	0	0	0	0	0	0	0
28901.8924	0	0	0	0	0	0	0	0	0
28901.8925	0	0	0	0	0	0	0	0	0
28901.8926	0	0	0	0	0	1	0	0	1
28901.8927	0	0	0	0	0	0	0	0	0
28901.8928	0	0	0	1	1	0	0	0	1
28901.8929	0	0	0	0	0	1	0	0	1
28901.8930	0	0	0	0	0	0	0	0	0
28901.8931	0	0	0	0	0	0	0	0	0
28901.8932	0	0	0	0	0	0	0	0	0
28901.8933	0	0	0	0	0	0	0	0	0
28901.8934	0	0	0	0	0	0	0	0	0
28901.8935	0	0	0	0	0	0	0	0	0
28901.8936	0	0	0	0	0	0	0	0	0
28901.8937	0	0	0	1	1	0	0	0	0
28901.8938	0	0	0	0	0	0	0	0	0
28901.8939	0	0	0	0	1	0	0	0	1
28901.8940	0	0	0	0	0	0	0	0	0
28901.8941	0	0	0	0	0	0	0	0	0
28901.8942	0	0	1	0	1	1	0	1	0
28901.8943	0	0	0	0	0	0	0	0	0
28901.8944	0	0	1	0	1	1	0	1	0
28901.8945	0	0	1	1	0	1	1	1	1
28901.8946	0	0	0	0	0	0	0	0	0
28901.8947	0	0	0	0	0	0	0	0	0
28901.8948	0	0	0	0	0	0	0	0	1
28901.8949	0	0	0	0	0	0	0	0	0
28901.8950	0	0	0	0	1	0	0	0	0
28901.8954	0	0	0	0	0	0	0	0	0
28901.8955	0	0	0	0	0	0	0	0	0
28901.8956	0	0	0	0	0	0	0	0	0
28901.8957	0	0	0	0	0	1	0	0	1
28901.8958	0	1	0	1	1	0	0	0	0
28901.8959	0	0	0	0	1	0	0	0	0
28901.8960	0	0	1	1	0	1	1	1	1
28901.8961	0	0	0	0	1	0	0	0	0
28901.8962	0	0	0	1	0	1	0	0	1
28901.8963	0	0	0	1	1	0	0	0	1
28901.8964	0	0	0	1	0	0	0	0	1
28901.8965	0	0	0	0	0	0	0	0	0
28901.8967	0	1	0	1	1	0	0	0	0
28901.8968	0	0	0	0	0	0	0	0	0
28901.8969	0	0	0	0	1	0	0	0	1
28901.8970	0	0	0	0	0	0	0	0	0
28901.8971	0	0	0	0	0	0	0	0	0
28901.8972	0	0	0	0	0	0	0	0	0
28901.8974	0	0	0	0	0	0	0	0	0
28901.8975	0	0	0	0	1	0	0	0	0
28901.8976	0	0	0	0	0	0	0	0	0
28901.8977	0	2	0	0	1	0	0	0	1
28901.8978	0	2	0	0	1	0	0	0	1
28901.8979	0	0	0	0	0	0	0	0	0
28901.8980	0	0	0	1	0	0	0	0	1
28901.8981	0	0	0	0	0	0	0	0	1
28901.8983	0	1	0	0	1	1	0	0	1
28901.8984	0	0	0	0	0	1	0	0	1
28901.8985	0	0	0	0	0	0	0	0	0
28901.8986	0	0	0	0	0	0	0	0	0
28901.8987	0	0	0	0	0	0	0	0	1
28901.8988	0	0	0	0	0	0	0	0	0
28901.8989	0	0	1	1	0	1	2	1	1
28901.8990	0	0	0	0	0	0	0	0	1
28901.8991	0	0	0	1	0	0	0	0	1
28901.8992	0	0	1	1	0	1	1	1	1
28901.8993	0	0	1	1	0	1	1	1	1
28901.8994	0	0	0	0	0	0	0	0	1
28901.8995	0	0	1	1	0	1	1	1	1
28901.8996	0	0	0	0	0	0	0	0	1
28901.8997	0	0	0	0	1	0	0	0	1
28901.8998	0	1	0	1	1	0	0	0	2
28901.8999	0	0	0	0	0	0	0	0	0
28901.9001	0	0	0	1	0	0	0	0	1
28901.9002	0	0	0	1	0	0	0	0	1
28901.9003	0	0	0	0	1	0	0	0	1
28901.9004	0	0	0	0	0	0	0	0	0
28901.9005	0	0	0	0	0	0	0	0	0
28901.9006	0	0	0	0	1	0	0	0	1
28901.9007	0	0	0	0	0	0	0	0	1
28901.9008	0	0	0	0	1	0	0	0	1
28901.9009	0	0	1	1	0	1	1	1	1
28901.9010	0	0	0	0	0	0	0	0	0
28901.9011	0	0	0	0	0	0	0	0	0
28901.9012	0	0	0	0	0	0	0	0	0
28901.9013	0	0	0	0	1	0	0	0	1
28901.9014	0	0	0	1	0	0	0	0	1
28901.9015	0	0	0	0	0	0	0	0	0
28901.9016	0	0	0	0	0	0	0	0	0
28901.9017	0	0	0	0	0	1	0	0	0
28901.9018	0	0	0	0	0	0	0	0	0
28901.9019	0	0	0	1	0	0	0	0	1
28901.9020	0	0	0	0	1	0	0	0	1
28901.9021	0	1	0	1	1	1	0	0	1
28901.9022	0	1	0	0	1	1	0	0	1
28901.9023	0	0	0	0	0	0	0	0	0
28901.9024	0	0	0	0	1	0	0	0	1
28901.9025	0	0	0	0	0	0	0	0	0
28901.9026	0	0	0	0	0	0	0	0	0
28901.9027	0	0	0	0	0	0	0	0	0
28901.9028	0	0	0	0	0	0	0	0	0
28901.9029	0	0	0	0	0	0	0	0	1
28901.9030	0	0	0	0	1	0	0	0	0
28901.9031	0	0	0	0	1	0	0	0	0
28901.9032	0	0	0	0	0	0	0	0	0
28901.9033	0	1	0	1	1	0	0	0	0
28901.9034	0	1	0	1	1	0	0	0	0
28901.9035	0	0	0	1	0	0	0	0	1
28901.9036	0	0	0	1	0	0	0	0	1
28901.9037	0	0	1	1	0	1	1	1	1
28901.9038	0	0	0	1	0	0	0	0	1
28901.9039	0	0	0	0	0	0	0	0	1
28901.9040	0	0	0	0	0	0	0	0	0
28901.9041	0	0	0	0	1	0	0	0	0
28901.9042	0	0	1	1	0	1	1	1	1
28901.9043	0	1	0	1	1	0	0	0	0
28901.9044	0	0	0	0	1	1	0	0	1
28901.9045	0	0	1	1	0	1	1	1	1
28901.9046	0	0	0	0	0	0	0	0	0
28901.9047	0	0	0	0	0	0	0	0	0
28901.9048	0	0	0	1	1	0	0	0	1
28901.9050	0	0	0	0	0	0	0	0	0
28901.9051	0	0	0	0	0	0	0	0	0
28901.9052	0	0	0	0	0	0	0	0	0
28901.9053	0	2	0	0	1	0	0	0	1
28901.9054	0	0	0	1	1	1	0	0	1
28901.9055	0	0	0	0	0	0	0	0	0
28901.9056	0	0	0	0	0	0	0	0	0
28901.9057	0	0	0	1	1	1	0	0	1
28901.9058	0	0	0	0	0	0	0	0	0
28901.9059	0	0	0	0	0	0	0	0	0
28901.9060	0	0	0	0	0	0	0	0	0
28901.9061	0	0	0	0	0	0	0	0	0
28901.9062	0	0	0	0	0	0	0	0	0
28901.9063	0	0	0	1	0	0	0	0	1
28901.9064	0	1	0	1	1	0	0	0	0
28901.9065	0	0	0	0	1	0	0	0	1
28901.9066	0	0	0	0	1	0	0	0	1
28901.9067	0	0	0	0	0	0	0	0	0
28901.9068	0	0	1	1	0	1	1	1	1
28901.9069	0	0	0	0	0	0	0	0	0
28901.9070	0	0	0	0	1	0	0	0	1
28901.9071	0	0	1	1	0	1	1	1	1
28901.9072	0	0	0	0	0	0	0	0	1
28901.9073	0	0	0	0	0	0	0	0	1
28901.9074	0	0	0	1	1	0	0	0	1
28901.9075	0	0	0	0	0	0	0	0	0
28901.9076	0	0	0	1	0	0	0	0	1
28901.9077	0	1	0	1	1	0	0	0	1
28901.9078	0	1	0	1	0	1	0	0	1
28901.9079	0	0	0	0	0	0	0	0	1
28901.9080	0	0	0	0	0	0	0	0	0
28901.9081	0	0	0	1	0	0	0	0	1
28901.9082	0	0	0	0	0	0	0	0	0
28901.9083	0	0	0	0	0	0	0	0	1
28901.9084	0	0	0	0	0	0	0	0	0
28901.9085	0	0	0	0	0	0	0	0	0
28901.9086	0	0	0	1	0	0	0	0	1
28901.9089	0	0	0	0	0	0	0	0	0
28901.9091	0	0	0	0	1	0	0	0	1
28901.9092	0	0	0	1	1	0	0	0	1
28901.9093	0	0	0	0	1	0	0	0	0
28901.9094	0	0	1	0	1	1	2	1	0
28901.9095	0	0	0	1	0	0	0	0	1
28901.9096	0	0	0	0	1	0	0	0	1
28901.9097	0	0	0	0	0	0	0	0	0
28901.9098	0	0	0	1	0	0	0	0	1
28901.9099	0	0	0	0	0	0	0	0	0
28901.9100	0	0	0	0	0	0	0	0	1
28901.9101	0	0	1	0	0	1	1	1	0
28901.9102	0	0	0	0	0	0	0	0	0
28901.9103	0	0	1	1	0	1	1	1	1
28901.9104	0	0	1	0	1	1	1	1	1
28901.9105	0	0	0	0	0	0	0	0	0
28901.9106	0	0	0	0	0	0	0	0	0
28901.9107	0	0	0	0	0	0	0	0	0
28901.9108	0	0	0	0	0	0	0	0	1
28901.9109	0	0	0	0	0	0	0	0	1
28901.9110	0	0	0	0	0	0	0	0	0
28901.9111	0	0	0	0	0	0	0	0	0
28901.9112	0	0	0	0	1	0	0	0	1
28901.9113	0	0	0	0	0	0	0	0	0
28901.9114	0	0	0	0	1	0	0	0	1
28901.9115	0	0	0	0	0	0	0	0	0
28901.9116	0	0	1	1	0	1	1	1	1
28901.9117	0	0	0	1	0	0	0	0	1
28901.9118	0	0	0	1	0	0	0	0	1
28901.9119	0	0	0	0	1	1	0	0	1
28901.9120	0	0	0	0	0	0	0	0	1
28901.9121	0	0	0	1	0	0	0	0	1
28901.9122	0	0	0	1	0	0	0	0	1
28901.9123	0	0	0	0	0	0	0	0	0
28901.9124	0	0	0	0	1	0	0	0	1
28901.9125	0	0	1	0	1	1	1	1	1
28901.9126	0	0	0	0	0	0	0	0	0
28901.9127	0	0	0	0	0	0	0	0	0
28901.9128	0	0	1	1	0	1	1	1	1
28901.9129	0	0	0	0	0	0	0	0	0
28901.9130	0	0	0	0	0	0	2	0	0
28901.9131	0	0	0	1	0	1	0	0	1
28901.9132	0	0	0	0	0	0	0	0	0
28901.9133	0	0	0	0	1	0	0	0	1
28901.9134	0	0	0	0	0	0	0	0	0
28901.9135	0	0	0	0	0	0	0	0	0
28901.9136	0	0	0	0	0	0	0	0	0
28901.9137	0	0	0	0	1	0	0	0	1
28901.9138	0	0	0	0	0	0	0	0	0
28901.9139	0	0	0	0	0	0	0	0	0
28901.9140	0	0	1	1	0	1	1	1	1
28901.9141	0	1	1	1	1	1	1	1	1
28901.9142	0	0	0	0	0	0	0	0	0
28901.9143	0	0	0	0	0	0	0	0	1
28901.9144	0	0	0	0	0	0	0	0	0
28901.9145	0	0	0	0	0	0	0	0	0
28901.9146	0	0	0	0	0	0	0	0	0
28901.9147	0	0	0	1	0	0	0	0	1
28901.9148	0	1	0	0	1	1	0	0	1
28901.9151	0	1	0	0	1	0	0	0	1
28901.9152	0	2	0	1	0	0	0	0	1
28901.9153	0	0	0	0	1	1	0	0	1
28901.9154	0	0	0	0	0	0	0	0	0
28901.9155	0	0	0	1	0	0	0	0	1
28901.9156	0	0	0	0	1	0	0	0	0
28901.9157	0	0	0	0	0	0	0	0	0
28901.9158	0	0	0	0	0	0	0	0	0
28901.9159	0	0	0	1	1	1	0	0	1
28901.9160	0	0	0	0	0	0	0	0	0
28901.9161	0	0	0	0	0	0	0	0	0
28901.9162	0	0	0	0	0	0	0	0	0
28901.9163	0	0	0	0	0	0	0	0	0
28901.9164	0	0	0	0	0	0	0	0	0
28901.9165	0	0	0	0	1	0	0	0	1
28901.9166	0	0	0	0	0	0	0	0	0
28901.9167	0	0	0	0	0	0	0	0	0
28901.9169	0	0	0	0	0	0	0	0	1
28901.9170	0	0	0	0	0	0	0	0	0
28901.9171	0	0	0	0	1	0	0	0	1
28901.9172	0	0	0	0	1	0	0	0	1
28901.9173	0	0	0	0	1	0	0	0	0
28901.9174	0	0	0	0	1	0	0	0	0
28901.9175	0	0	1	1	0	1	1	1	1
28901.9176	0	0	0	0	0	0	0	0	1
28901.9177	0	0	0	0	0	0	0	0	1
28901.9178	0	0	0	0	0	0	0	0	1
28901.9179	0	0	0	0	1	0	0	0	0
28901.9180	0	0	0	0	1	0	0	0	0
28901.9181	0	0	0	0	1	0	0	0	0
28901.9182	0	0	0	0	1	0	0	0	1
28901.9183	0	0	0	0	0	0	0	0	0
28901.9184	0	0	0	0	0	0	0	0	0
28901.9185	0	0	0	0	1	0	0	0	0
28901.9186	0	0	0	1	1	0	0	0	1
28901.9187	0	0	0	1	1	0	0	0	1
28901.9188	0	0	0	0	0	0	0	0	0
28901.9189	0	0	0	0	0	0	0	0	0
28901.9190	0	0	0	0	0	0	0	0	0
28901.9191	0	0	0	0	1	0	0	0	1
28901.9192	0	0	0	0	1	0	0	0	1
28901.9193	0	0	0	1	0	0	0	0	1
28901.9195	0	0	0	0	0	0	0	0	0
28901.9196	0	0	0	0	0	0	0	0	0
28901.9197	0	0	0	0	0	0	0	0	1
28901.9198	0	1	0	0	1	1	0	0	1
28901.9199	0	0	0	0	1	0	0	0	1
28901.9200	0	0	1	1	0	1	1	1	1
28901.9201	0	0	0	0	1	1	0	0	1
28901.9202	0	0	0	0	1	1	0	0	1
28901.9203	0	0	1	1	0	1	1	1	1
28901.9204	0	0	0	1	0	0	0	0	1
28901.9205	0	0	0	0	0	0	0	0	1
28901.9206	0	0	0	1	0	0	0	0	1
28901.9207	0	0	1	1	0	1	2	1	1
28901.9208	0	0	0	0	1	0	0	0	1
28901.9210	0	2	0	0	0	0	0	0	0
28901.9211	0	0	0	0	0	1	0	0	0
28901.9212	0	0	0	1	0	0	0	0	1
28901.9213	0	0	0	0	0	0	0	0	0
28901.9214	0	0	0	0	0	0	0	0	0
28901.9215	0	0	0	0	1	0	0	0	1
28901.9216	0	0	0	0	1	0	0	0	0
28901.9217	0	0	0	0	0	0	0	0	0
28901.9218	0	1	0	0	0	0	0	0	0
28901.9219	0	0	1	1	0	1	1	1	1
28901.9220	0	1	0	1	1	1	0	0	0
28901.9221	0	1	0	1	0	1	0	0	0
28901.9222	0	1	1	0	1	1	1	1	1
28901.9223	0	0	0	0	0	0	0	0	0
28901.9224	0	0	0	0	0	0	0	0	0
28901.9225	0	0	0	0	0	0	0	0	0
28901.9226	0	1	0	0	0	0	0	0	0
28901.9227	0	0	0	0	0	0	0	0	1
28901.9228	0	0	0	0	0	0	0	0	0
28901.9229	0	0	0	0	0	0	0	0	0
28901.9230	0	0	0	0	0	0	0	0	1
28901.9231	0	0	0	0	0	0	0	0	0
28901.9232	0	1	0	0	1	1	0	0	1
28901.9233	0	0	0	0	0	0	0	0	0
28901.9244	0	0	0	0	0	0	0	0	0
28901.9246	0	1	0	0	1	1	0	0	1
28901.9247	0	0	0	1	1	1	0	0	1
28901.9248	0	0	0	1	1	1	0	0	1
340188.39	0	0	0	0	0	0	0	0	0
340188.40	0	0	0	0	0	0	0	0	0
340188.41	0	0	0	0	0	0	0	0	0
340188.42	0	0	0	0	0	0	0	0	0
340189.10	0	0	0	0	0	0	0	0	0
340190.10	0	0	0	0	1	0	0	0	0
340190.11	0	0	0	0	1	0	0	0	0
340190.12	0	0	0	0	1	0	0	0	0
340190.13	0	0	0	0	1	0	0	0	0
340190.14	0	0	0	0	1	0	0	0	0
340190.15	0	0	0	0	0	0	0	0	0
340190.16	0	0	0	0	1	0	0	0	0
340190.17	0	0	0	0	1	0	0	0	1
340190.18	0	0	0	0	0	0	0	0	0
340190.19	0	0	0	0	1	0	0	0	0
340190.20	0	0	0	0	0	0	0	0	1
340190.21	0	0	1	0	0	1	1	1	0
340190.4	0	0	0	0	0	0	0	0	0
340190.5	0	0	0	0	1	0	0	0	0
340190.6	0	0	0	0	1	1	0	0	0
340190.7	0	0	0	0	0	0	0	0	0
340190.8	0	0	0	0	1	0	0	0	0
340190.9	0	0	0	0	0	0	0	0	0
363569.33	0	0	0	0	0	0	0	0	0
363569.34	0	0	0	0	0	0	0	0	0
363569.35	0	0	0	0	0	0	0	0	0
363569.36	0	0	0	0	0	0	0	0	0
363569.37	0	0	0	0	0	0	0	0	0
363569.38	0	0	0	0	0	0	0	0	0
363569.39	0	0	0	0	0	0	0	0	0
363569.3	0	0	0	0	0	0	0	0	0
363569.40	0	0	0	0	0	0	0	0	0
363569.41	0	0	0	0	0	0	0	0	0
363569.42	0	0	0	0	0	0	0	0	0
363569.43	0	0	0	0	0	0	0	0	0
363569.44	0	0	0	0	0	0	0	0	0
363569.45	0	0	0	0	0	0	0	0	0
363569.46	0	0	0	0	0	0	0	0	0
439853.3	0	0	0	0	0	0	0	0	1
439853.4	0	0	1	1	0	1	1	1	1
439853.5	0	0	0	0	0	0	0	0	0
46626.36	0	0	0	0	0	0	0	0	0
46626.37	0	0	0	0	0	0	0	0	0
46626.38	0	0	0	0	0	0	0	0	0
46626.39	0	0	0	0	0	0	0	0	0
46626.41	0	0	0	0	0	0	0	0	0
486990.7	0	0	0	0	0	0	0	0	0
486990.8	0	0	0	0	0	0	0	0	0
486990.9	0	0	0	0	0	0	0	0	0
486994.10	0	0	0	0	0	0	0	0	0
486994.9	0	0	0	0	0	0	0	0	0
486998.3	0	0	0	0	0	0	0	0	0
486998.4	0	0	0	0	0	0	0	0	0
486998.5	0	0	0	0	0	0	0	0	0
486998.6	0	0	0	0	0	0	0	0	0
486998.7	0	0	0	0	0	0	0	0	0
486998.8	0	0	0	0	0	0	0	0	1
486999.10	0	0	0	0	0	0	0	0	0
486999.9	0	0	0	0	0	0	0	0	0
57045.18	0	0	0	0	0	0	0	0	0
57045.19	0	0	0	0	0	0	0	0	0
58095.10	0	0	0	0	0	0	0	0	0
58095.11	0	1	0	1	1	1	0	0	0
58095.12	0	0	0	0	0	0	0	0	0
58095.13	0	0	0	0	0	0	0	0	0
58095.14	0	0	0	0	0	0	0	0	0
58095.15	0	1	0	0	1	1	0	0	1
58095.16	0	1	0	1	1	1	0	0	0
58095.17	0	1	0	1	1	0	0	0	0
58095.9	0	0	0	0	0	0	0	0	0
58096.44	0	0	0	0	0	0	0	0	0
58097.44	0	0	0	0	0	0	0	0	0
58712.10	0	0	0	0	0	0	0	0	0
58712.3	0	0	0	0	0	0	0	0	1
58712.4	0	0	0	0	0	0	0	0	1
58712.59	0	0	0	0	0	0	0	0	0
58712.5	0	0	0	0	0	0	0	0	0
58712.60	0	0	0	0	0	0	0	0	1
58712.61	0	0	0	0	0	0	0	0	0
58712.62	0	0	0	0	0	0	0	0	0
58712.63	0	0	0	0	0	0	0	0	0
58712.64	0	1	0	1	1	1	0	0	1
58712.65	0	1	0	0	0	1	0	0	1
58712.66	0	0	0	0	0	0	0	0	0
58712.67	0	0	0	0	0	0	0	0	0
58712.68	0	0	0	0	0	0	0	0	0
58712.69	0	0	0	0	0	0	0	0	0
58712.70	0	0	0	0	0	0	0	0	0
58712.71	0	0	0	0	1	0	0	0	0
58712.72	0	0	0	0	0	0	0	0	0
58712.73	0	0	0	0	0	0	0	0	0
58712.74	0	0	0	0	0	0	0	0	0
58712.75	0	0	0	0	0	0	0	0	0
58712.76	0	0	0	0	0	0	0	0	0
58712.77	0	0	0	0	0	0	0	0	0
58712.78	0	0	0	0	0	0	0	0	0
58712.79	0	0	0	0	0	0	0	0	0
58712.81	0	0	0	0	0	0	0	0	0
58712.83	0	0	0	0	0	0	0	0	0
58712.84	0	0	0	0	0	0	0	0	0
58712.85	0	0	0	0	0	0	0	0	0
58712.86	0	0	0	0	0	0	0	0	0
58712.87	0	0	0	0	0	0	0	0	0
58712.88	0	0	0	0	0	0	0	0	0
58712.89	0	0	0	0	0	0	0	0	0
58712.8	0	1	0	0	1	1	0	0	1
58712.90	0	1	0	0	0	0	0	0	0
58712.91	0	0	0	0	0	0	0	0	0
58712.92	0	0	0	0	0	0	0	0	0
58712.93	0	0	0	0	0	0	0	0	0
58712.94	0	0	0	0	0	0	0	0	0
58712.95	0	0	0	0	0	0	0	0	1
58712.96	0	0	0	0	0	0	0	0	0
58712.9	0	0	0	0	1	0	0	0	0
595.100	0	0	2	2	0	0	2	2	1
595.101	0	0	2	2	0	0	2	2	1
595.102	0	0	2	2	1	1	2	2	1
595.103	0	0	2	2	0	0	2	2	1
595.104	0	0	2	2	0	1	2	2	1
595.105	0	0	2	2	1	0	2	2	1
595.106	0	0	2	2	0	0	2	2	1
595.107	0	0	2	2	0	0	2	2	1
595.108	0	0	2	2	0	0	2	2	0
595.109	0	0	2	2	1	0	2	2	1
595.110	0	0	2	2	1	0	2	2	1
595.111	0	0	2	2	1	1	2	2	1
595.112	0	0	2	2	0	0	2	2	1
595.113	0	0	2	2	0	0	2	2	0
595.114	0	0	2	2	0	0	2	2	1
595.115	0	0	2	2	0	0	2	2	1
595.116	0	0	2	2	0	0	2	2	0
595.117	0	0	2	2	1	0	2	2	1
595.118	0	0	2	2	0	0	2	2	1
595.119	0	0	2	2	1	0	2	2	1
595.120	0	0	2	2	0	0	2	2	0
595.121	0	0	2	2	1	0	2	2	1
595.122	0	0	2	2	0	0	2	2	1
595.123	0	0	2	2	1	0	2	2	1
595.124	0	0	2	2	1	0	2	2	1
595.125	0	0	2	2	0	0	2	2	0
595.129	0	0	2	2	1	0	2	2	1
595.137	0	0	0	0	0	0	0	0	0
595.138	0	0	0	0	0	0	0	0	0
595.139	0	0	0	0	0	0	0	0	0
595.140	0	0	0	0	0	0	0	0	0
595.141	0	0	0	0	0	0	0	0	0
595.142	0	0	0	0	0	0	0	0	0
595.143	0	0	0	0	0	0	0	0	0
595.144	0	0	0	0	0	0	0	0	0
595.145	0	0	0	0	0	0	0	0	0
595.146	0	0	0	0	0	0	0	0	0
595.147	0	0	0	0	0	0	0	0	0
595.148	0	0	0	0	0	0	0	0	0
595.149	0	0	0	0	0	0	0	0	0
595.150	0	0	0	1	0	0	0	0	1
595.151	0	0	0	0	0	0	0	0	0
595.152	0	0	0	0	0	0	0	0	0
595.153	0	0	0	0	0	0	0	0	0
595.154	0	0	0	0	0	0	0	0	0
595.155	0	0	0	0	0	0	0	0	0
595.156	0	0	0	0	0	0	0	0	0
595.29	0	0	0	0	0	0	0	0	0
595.30	0	0	0	0	0	0	0	0	0
595.31	0	0	0	0	0	0	0	0	0
595.32	0	0	0	0	0	0	0	0	0
595.33	0	0	0	0	0	0	0	0	0
595.35	0	0	0	0	0	0	0	0	0
595.36	0	0	0	0	0	0	0	0	0
595.37	0	0	0	0	0	0	0	0	0
595.38	0	0	0	0	0	0	0	0	0
595.39	0	1	0	1	1	0	0	0	1
595.40	0	1	0	1	0	0	0	0	0
595.41	0	0	0	0	0	0	0	0	0
595.46	0	0	0	0	0	0	0	0	0
595.96	0	0	2	2	1	0	2	2	1
595.97	0	0	2	2	1	0	2	2	1
595.98	0	0	2	2	1	0	2	2	1
595.99	0	0	2	2	0	0	2	2	0
596.10	0	0	0	0	0	0	0	0	0
596.11	0	1	0	1	0	0	0	0	1
596.12	0	0	0	1	1	0	0	0	1
596.13	0	0	0	0	0	0	0	0	0
596.14	0	0	0	0	0	0	0	0	0
596.15	0	0	0	0	0	0	0	0	0
596.16	0	0	0	1	0	0	0	0	1
596.17	0	0	0	0	0	0	0	0	0
596.18	0	0	0	0	0	0	0	0	0
596.19	0	0	0	1	1	0	0	0	1
596.20	0	0	0	1	1	0	0	0	1
596.21	0	0	0	0	0	0	0	0	0
596.3	0	0	0	1	0	0	0	0	1
596.4	0	0	0	0	0	0	0	0	0
596.5	0	0	0	0	0	0	0	0	0
596.67	0	0	0	0	0	0	0	0	0
596.68	0	0	0	0	0	0	0	0	0
596.6	0	0	0	0	0	0	0	0	0
596.7	0	0	0	1	0	0	0	0	1
596.8	0	0	0	1	1	0	0	0	1
596.9	0	0	0	0	0	0	0	0	0
598.23	0	0	0	0	0	0	0	0	0
598.24	0	0	0	0	0	0	0	0	0
598.26	0	1	1	1	1	1	0	1	1
598.27	0	0	0	0	0	0	0	0	0
598.28	0	0	0	0	0	0	0	0	0
598.29	0	0	0	0	0	0	0	0	0
598.30	0	0	0	0	0	0	0	0	0
598.31	0	0	0	0	0	0	0	0	0
598.32	0	0	0	0	0	0	0	0	0
598.33	0	0	0	0	0	0	0	0	0
600.10	0	0	0	0	0	0	0	0	0
600.11	0	0	0	0	0	0	0	0	0
600.42	0	0	0	0	0	0	0	0	0
600.43	0	0	0	0	0	0	0	0	0
600.44	0	0	0	0	0	0	0	0	0
600.45	0	0	0	0	0	0	0	0	0
600.4	0	0	0	0	0	0	0	0	0
600.5	0	0	0	0	0	0	0	0	0
600.6	0	0	0	0	0	0	0	0	0
600.7	0	0	0	0	0	0	0	0	0
611.131	0	0	0	0	0	0	0	0	0
611.132	0	0	0	0	0	0	0	0	0
611.133	0	0	0	0	0	0	0	0	0
611.134	0	0	0	0	0	0	0	0	0
611.16	0	1	0	0	0	1	0	0	1
611.17	0	0	0	0	0	0	0	0	0
611.18	0	0	0	0	0	0	0	0	0
611.19	0	1	0	0	1	1	0	0	1
611.20	0	1	0	0	1	1	0	0	1
611.21	0	0	0	0	0	0	0	0	0
611.22	0	0	0	0	1	0	0	0	1
611.24	0	1	0	1	1	0	0	0	1
611.25	0	0	0	0	0	0	0	0	0
611.26	0	0	0	0	0	0	0	0	0
611.27	0	0	1	0	1	1	1	1	1
611.28	0	0	0	0	1	1	0	0	1
611.29	0	1	0	0	1	1	0	0	1
611.30	0	0	1	0	1	1	1	1	1
611.31	0	1	0	0	0	1	0	0	1
611.32	0	1	0	0	0	1	0	0	1
611.33	0	1	0	1	0	0	0	0	1
611.34	0	1	0	0	1	1	0	0	1
611.35	0	0	0	0	0	0	0	0	0
611.36	0	1	0	1	0	0	0	0	1
611.37	0	1	0	1	1	0	0	0	1
611.38	0	1	0	1	1	0	0	0	0
611.39	0	0	0	0	0	0	0	0	0
611.40	0	0	0	0	0	0	0	0	0
611.41	0	1	0	0	1	1	0	0	1
611.42	0	0	0	0	0	0	0	0	0
611.43	0	1	0	0	1	0	0	0	1
611.44	0	1	0	1	1	1	0	0	1
611.45	0	0	0	0	0	0	0	0	0
611.46	0	0	0	0	0	0	0	0	0
611.47	0	0	0	0	0	0	0	0	0
611.48	0	0	0	0	0	0	0	0	0
611.49	0	0	0	1	0	0	0	0	1
611.50	0	1	0	1	1	0	0	0	1
611.51	0	0	0	0	0	0	0	0	0
611.52	0	0	0	0	0	0	0	0	0
611.53	0	1	1	1	1	1	1	1	1
611.54	0	0	0	0	0	0	0	0	0
611.55	0	0	0	0	0	0	0	0	0
611.56	0	0	0	0	0	0	0	0	0
611.57	0	1	0	1	1	0	0	0	0
611.58	0	0	0	0	0	0	0	0	0
611.59	0	0	0	0	1	0	0	0	1
611.60	0	1	0	0	1	1	0	0	1
611.61	0	0	0	0	0	0	0	0	0
611.62	0	0	0	0	1	0	0	0	1
611.63	0	1	1	0	1	1	1	1	0
611.69	0	0	0	0	0	0	0	0	0
611.70	0	1	0	0	0	1	0	0	1
611.71	0	1	0	0	0	1	0	0	1
611.72	0	1	0	0	0	1	0	0	1
611.73	0	0	1	0	1	1	1	1	1
611.74	0	1	0	0	1	1	0	0	0
611.76	0	1	0	0	1	0	0	0	0
611.77	0	1	0	0	0	1	0	0	1
611.78	0	0	0	1	1	0	0	0	1
611.79	0	1	0	0	1	1	0	0	1
611.80	0	0	0	0	1	0	0	0	1
611.81	0	0	0	0	0	0	0	0	0
611.82	0	1	1	1	1	1	1	1	1
611.83	0	1	0	1	1	1	0	0	1
682797.8	0	0	0	0	0	0	0	0	0
82689.3	0	0	0	0	0	0	0	0	0
82689.4	0	0	0	0	0	1	0	0	0
82689.62	0	0	0	1	1	0	0	0	1
82689.63	0	0	0	0	0	0	0	0	0
82689.64	0	0	0	0	0	0	0	0	0
85569.100	0	0	2	2	1	1	2	2	0
85569.102	0	0	2	2	0	0	2	2	0
85569.105	0	0	2	2	1	1	2	2	1
85569.110	0	0	2	2	1	0	2	2	0
85569.125	0	0	2	2	1	0	2	2	1
85569.126	0	0	2	2	1	1	2	2	1
85569.128	0	2	2	2	1	0	2	2	0
85569.131	0	0	2	2	0	1	2	2	0
85569.132	0	0	2	2	1	0	2	2	0
85569.141	0	0	2	2	1	0	2	2	0
85569.143	0	0	2	2	1	1	2	2	1
85569.144	0	0	2	2	0	0	2	2	1
85569.145	0	0	2	2	0	1	2	2	1
85569.147	0	0	2	2	1	1	2	2	1
85569.150	0	0	2	2	1	1	2	2	1
85569.15	0	2	2	2	1	1	2	2	1
85569.165	0	0	2	2	1	1	2	2	0
85569.166	0	0	2	2	0	1	2	2	0
85569.167	0	0	2	2	1	0	2	2	0
85569.171	0	0	2	2	1	1	2	2	1
85569.181	0	0	2	2	0	0	2	2	1
85569.187	0	0	2	2	0	0	2	2	1
85569.188	0	0	2	2	0	0	2	2	0
85569.18	0	2	2	2	0	0	2	2	1
85569.193	0	0	2	2	0	0	2	2	0
85569.198	0	0	2	2	1	1	2	2	1
85569.199	0	0	2	2	1	1	2	2	1
85569.200	0	0	2	2	0	0	2	2	0
85569.202	0	0	2	2	0	1	2	2	0
85569.208	0	2	2	2	0	0	2	2	0
85569.210	0	0	2	2	1	0	2	2	0
85569.215	0	2	2	2	0	0	2	2	0
85569.218	0	0	2	2	1	0	2	2	0
85569.222	0	0	2	2	1	0	2	2	0
85569.225	0	0	2	2	1	0	2	2	0
85569.228	0	0	2	2	0	1	2	2	0
85569.22	0	2	2	2	0	0	2	2	1
85569.233	0	0	2	2	0	0	2	2	1
85569.238	0	0	2	2	1	1	2	2	1
85569.240	0	0	2	2	1	0	2	2	1
85569.24	0	2	2	2	0	0	2	2	0
85569.255	0	2	2	2	0	0	2	2	0
85569.258	0	0	2	2	1	0	2	2	0
85569.259	0	0	2	2	0	0	2	2	0
85569.273	0	0	2	2	1	0	2	2	0
85569.274	0	0	2	2	1	1	2	2	0
85569.277	0	0	2	2	1	0	2	2	1
85569.283	0	0	2	2	1	0	2	2	0
85569.285	0	0	2	2	0	0	2	2	1
85569.296	0	0	2	2	1	1	2	2	0
85569.297	0	0	2	2	0	0	2	2	0
85569.298	0	0	2	2	1	1	2	2	1
85569.299	0	0	2	2	0	1	2	2	0
85569.307	0	0	2	2	1	0	2	2	0
85569.320	0	0	2	2	0	0	2	2	0
85569.323	0	0	2	2	1	0	2	2	0
85569.324	0	0	2	2	0	0	2	2	0
85569.333	0	0	2	2	1	0	2	2	0
85569.335	0	0	2	2	0	1	2	2	0
85569.342	0	2	2	2	1	0	2	2	0
85569.343	0	2	2	2	1	0	2	2	0
85569.345	0	0	2	2	0	1	2	2	0
85569.347	0	2	2	2	0	0	2	2	0
85569.348	0	2	2	2	0	0	2	2	0
85569.351	0	2	2	2	0	0	2	2	0
85569.353	0	2	2	2	0	0	2	2	0
85569.354	0	2	2	2	0	0	2	2	0
85569.355	0	2	2	2	1	0	2	2	0
85569.359	0	2	2	2	0	0	2	2	0
85569.35	0	2	2	2	0	0	2	2	1
85569.360	0	2	2	2	0	0	2	2	0
85569.377	0	0	2	2	0	0	2	2	1
85569.37	0	2	2	2	0	0	2	2	1
85569.38	0	2	2	2	1	0	2	2	0
85569.39	0	2	2	2	0	0	2	2	0
85569.40	0	2	2	2	1	0	2	2	0
85569.44	0	2	2	2	0	1	2	2	0
85569.53	0	0	2	2	0	0	2	2	1
85569.56	0	0	2	2	1	0	2	2	1
85569.62	0	0	2	2	0	0	2	2	0
85569.63	0	0	2	2	1	0	2	2	0
85569.65	0	0	2	2	1	1	2	2	1
85569.66	0	0	2	2	0	0	2	2	0
85569.74	0	0	2	2	0	0	2	2	0
85569.81	0	0	2	2	0	0	2	2	1
85569.84	0	0	2	2	1	1	2	2	1
85569.86	0	0	2	2	1	1	2	2	1
85569.90	0	0	2	2	0	0	2	2	0
85569.93	0	0	2	2	1	1	2	2	0
85569.97	0	0	2	2	0	1	2	2	0
85569.9	0	2	2	2	1	1	2	2	1
90105.10	0	0	0	0	0	1	0	0	1
90105.11	0	1	0	1	1	1	0	0	0
90105.12	0	1	0	1	1	1	0	0	0
90105.137	0	0	0	0	0	0	0	0	0
90105.138	0	0	0	0	0	0	0	0	0
90105.13	0	1	0	1	1	0	0	0	0
90105.14	0	0	0	0	0	1	0	0	1
90105.15	0	1	0	0	1	1	0	0	1
90105.16	0	1	0	0	1	1	0	0	1
90105.17	0	1	0	1	1	1	0	0	0
90105.18	0	0	0	0	0	0	0	0	1
90105.19	0	0	0	0	0	0	0	0	1
90105.20	0	0	0	0	0	1	0	0	1
90105.21	0	0	0	0	0	0	0	0	0
90105.22	0	0	0	0	0	0	0	0	0
90105.23	0	0	0	0	0	1	0	0	1
90105.24	0	0	0	0	0	1	0	0	0
90105.25	0	0	0	0	0	0	0	0	1
90105.26	0	0	0	0	0	1	0	0	0
90105.27	0	1	0	1	1	1	0	0	1
90105.28	0	0	0	0	1	0	0	0	1
90105.29	0	0	1	0	0	1	1	1	1
90105.30	0	1	0	1	1	0	0	0	0
90105.31	0	0	0	0	0	1	0	0	1
90105.32	0	1	0	0	1	1	0	0	1
90105.33	0	0	0	0	0	0	0	0	0
90105.34	0	0	0	0	0	1	0	0	1
90105.35	0	0	0	0	0	0	0	0	0
90105.36	0	1	0	1	1	1	0	0	1
90105.37	0	1	0	1	1	1	0	0	0
90105.38	0	0	1	0	0	1	1	1	0
90105.3	0	0	0	0	0	1	0	0	1
90105.4	0	0	0	0	0	1	0	0	1
90105.5	0	0	0	0	0	1	0	0	1
90105.6	0	1	0	0	1	1	0	0	1
90105.7	0	0	0	0	0	1	0	0	1
90105.8	0	0	0	0	0	1	0	0	1
90105.9	0	0	0	0	0	1	0	0	1
90371.2125	0	2	1	1	1	1	1	1	1
90371.2126	0	2	1	0	0	1	0	1	0
90371.2131	0	2	1	0	0	1	1	1	0
90371.2132	0	2	1	0	0	1	1	1	0
90371.2133	0	2	1	0	0	1	1	1	0
90371.2134	0	2	0	1	1	1	0	0	1
90371.2135	0	2	1	1	1	1	1	1	1
90371.2138	0	2	1	1	1	1	1	1	1
90371.2140	0	2	0	1	1	0	0	0	0
90371.2141	0	2	1	0	0	1	1	1	0
90371.2474	0	2	0	0	0	0	0	0	1
90371.2475	0	2	0	0	1	1	0	0	1
90371.2482	0	2	1	1	0	1	1	1	1
90371.2485	0	2	0	0	1	1	0	0	1
90371.2930	0	0	0	0	0	0	0	0	0
90371.2931	0	0	0	0	0	0	0	0	0
90371.2932	0	0	0	0	0	0	0	0	0
90371.2933	0	0	0	0	0	0	0	0	0
90371.2934	0	0	0	0	0	2	0	0	0
90371.2935	0	0	0	0	0	0	0	0	0
90371.2936	0	0	0	0	0	0	0	0	0
90371.2937	0	0	0	0	0	0	0	0	0
90371.2938	0	0	0	0	0	0	0	0	0
90371.2939	0	0	0	0	0	0	0	0	0
90371.2940	0	0	0	0	0	0	0	0	0
90371.2941	0	0	0	0	0	0	0	0	0
90371.2943	0	0	0	0	0	0	0	0	0
90371.2945	0	0	0	0	0	0	0	0	0
90371.2946	0	0	0	0	0	0	0	0	0
90371.862	0	0	1	1	0	1	1	1	1
90371.863	0	0	1	1	0	1	1	1	1
90371.864	0	0	1	1	0	1	1	1	1
90371.865	0	0	1	1	0	1	1	1	1
90371.866	0	0	0	1	0	0	0	0	1
90371.867	0	0	1	1	0	1	1	1	1
90371.868	0	0	0	0	0	0	0	0	0
90371.869	0	0	0	0	0	0	0	0	0
90371.870	0	0	0	0	0	0	0	0	0
90371.871	0	0	0	0	0	0	0	0	0
90371.909	0	0	1	1	0	1	0	1	1
90371.910	0	1	0	0	1	1	0	0	1
90371.911	0	0	1	1	0	1	0	1	1
90371.912	0	0	1	1	0	1	1	1	1
90371.913	0	0	1	1	1	1	1	1	1
90371.914	0	1	0	1	1	0	0	0	1
90371.915	0	0	1	1	1	1	0	1	1
90371.916	0	0	1	1	0	1	1	1	1
90371.917	0	0	0	1	0	1	0	0	1
90371.918	0	0	0	0	0	0	0	0	0
90371.919	0	0	0	1	1	0	0	0	1
90371.920	0	0	0	1	0	0	0	0	1
90371.921	0	1	0	1	1	0	0	0	0
90371.922	0	0	0	0	0	0	0	0	0
90371.923	0	0	0	1	1	1	0	0	1
913070.17	0	0	0	0	0	0	0	0	0
913070.18	0	0	0	0	0	0	0	0	0
913070.19	0	0	0	0	0	0	0	0	0
913076.10	0	0	0	0	0	0	0	0	0
913076.8	0	0	0	0	0	0	0	0	0
913076.9	0	0	0	0	0	0	0	0	0
913079.13	0	0	0	0	0	0	0	0	0
913079.14	0	0	0	0	0	0	0	0	0
98360.48	0	0	0	0	0	0	0	0	0
98360.90	0	2	1	1	1	1	1	1	1
28150.63	2	1	2	2	2	1	1	1	0
28901.8250	2	0	0	1	1	1	0	0	1
28901.8297	2	0	0	0	0	0	1	0	0
28901.8309	2	0	0	1	1	1	0	0	1
28901.8355	2	0	0	0	0	0	0	0	1
28901.8384	2	0	2	0	0	0	0	0	0
28901.8389	2	0	0	0	0	0	0	0	0
28901.8493	2	0	0	0	0	0	2	0	0
28901.9209	2	0	0	1	1	1	0	0	1
90371.2927	2	0	2	2	2	0	0	0	0
28901.8432	2	2	2	2	2	1	2	0	2
28901.8434	2	2	2	2	2	1	2	2	2
90371.3118	2	2	2	2	2	1	2	1	2
28901.8429	2	2	2	2	2	0	2	0	2
28901.8430	2	2	2	2	2	0	2	2	2
28901.8433	2	2	2	2	2	0	2	2	2
28901.8435	2	2	2	2	2	0	2	2	2
28901.9234	2	2	2	2	2	0	2	2	2
28901.9235	2	2	2	2	2	0	2	2	2
28901.9236	2	2	2	2	2	0	2	2	2
28901.9237	2	2	2	2	2	0	2	2	2
28901.9238	2	2	2	2	2	0	2	2	2
28901.9239	2	2	2	2	2	0	2	2	2
28901.9240	2	2	2	2	2	0	2	2	2
28901.9241	2	2	2	2	2	0	2	2	2
28901.9242	2	2	2	2	2	0	2	2	2
28901.9243	2	2	2	2	2	0	2	2	2
28901.9245	2	2	2	2	2	0	2	2	2
599.297	2	2	2	2	2	0	2	0	2
