	amikacin	ceftazidime	ciprofloxacin	gentamicin	imipenem	meropenem	tetracycline	tobramycin	ceftriaxone	cefepime	levofloxacin	minocycline	ampicillin_sulbactam	doripenem	trimethoprim_sulfamethoxazole	piperacillin_tazobactam
GCA_001511995.1	1	1	1	1	1	1	1	2	2	2	2	2	2	2	2	2
GCA_001511915.1	1	1	1	1	1	1	1	2	2	2	2	2	2	2	2	2
GCA_001512055.1	1	1	2	1	1	1	1	1	2	2	2	2	2	2	2	2
GCA_001512195.1	1	1	2	1	2	2	1	2	2	2	2	2	2	2	2	2
GCA_000278685.1	1	1	1	1	0	2	1	1	1	1	1	2	2	2	1	2
GCA_000214965.2	1	1	1	1	1	2	1	1	1	1	1	2	2	2	1	2
GCA_000214985.2	1	0	1	1	0	2	1	1	1	0	1	2	2	2	1	2
GCA_000305295.1	1	1	1	1	0	2	1	1	1	1	1	2	2	2	1	2
GCA_000304695.1	1	1	1	1	1	1	0	1	1	2	1	2	2	2	1	2
GCA_000304655.1	1	1	1	1	1	1	0	1	1	2	1	2	2	2	1	2
GCA_000314655.1	1	1	1	1	0	2	1	1	1	1	1	2	2	2	1	2
GCA_000309175.1	1	1	1	1	0	2	1	1	1	1	1	2	2	2	0	2
GCA_000305255.1	1	1	1	1	0	2	1	1	1	1	1	2	2	2	1	2
GCA_000305315.1	1	1	1	1	1	2	1	1	1	1	1	2	2	2	1	2
GCA_000335675.1	1	1	1	1	0	2	1	1	1	1	1	2	2	2	1	2
GCA_001028385.1	1	1	1	1	1	2	1	1	1	1	1	2	2	2	2	2
GCA_001028325.1	1	1	1	1	1	2	1	1	1	1	1	2	2	2	2	2
GCA_001028335.1	1	1	1	1	1	2	1	1	1	1	1	2	2	2	2	2
GCA_001028305.1	1	1	1	1	1	2	1	1	1	1	1	2	2	2	2	2
GCA_001027885.1	1	1	1	1	1	2	1	1	1	1	1	2	2	2	2	2
GCA_000830055.1	1	1	1	1	0	2	1	1	1	2	1	2	1	2	2	2
GCA_000808905.3	1	1	1	1	1	1	1	1	2	1	1	2	1	2	1	2
GCA_000808775.3	1	1	1	1	1	1	1	1	2	1	1	2	1	2	1	1
GCA_000809045.3	1	1	1	1	1	1	1	1	2	1	1	2	1	2	1	2
GCA_000809005.3	1	1	1	1	1	1	1	1	2	1	1	2	1	2	1	2
GCA_016497185.1	1	1	1	1	1	1	2	1	2	2	2	2	2	2	2	2
GCA_016497065.1	1	1	1	1	1	1	2	1	2	2	2	2	2	2	2	2
GCA_016496965.1	1	1	1	1	1	1	2	0	2	2	2	2	2	2	2	2
GCA_016496985.1	1	1	1	0	1	1	2	0	2	2	2	2	2	2	2	2
GCA_016497085.1	1	1	1	1	1	1	2	0	2	2	2	2	2	2	2	2
GCA_002948925.1	1	1	1	1	1	1	1	1	1	1	1	2	2	1	2	1
GCA_002996805.1	1	1	1	1	1	1	1	1	1	1	1	2	1	1	1	1
GCA_003006035.1	1	1	1	1	1	1	1	1	1	1	1	2	1	1	1	1
GCA_003010675.1	1	1	1	1	1	1	1	1	1	1	1	2	1	1	1	1
GCA_003010655.1	1	1	1	1	0	1	1	1	1	1	1	2	0	1	1	1
GCA_001441565.1	1	0	2	2	2	0	1	1	2	2	1	2	2	2	2	2
GCA_001442575.1	1	1	2	2	2	1	1	2	2	2	1	2	1	2	2	2
GCA_001443265.1	1	2	2	2	2	1	1	2	2	2	2	2	0	2	2	2
GCA_001444225.1	1	2	2	2	2	1	1	1	2	2	2	2	2	2	2	2
GCA_001444255.1	1	2	2	2	2	1	1	2	2	2	2	2	2	2	2	2
GCA_001444265.1	1	2	2	2	1	1	1	1	2	2	2	2	0	2	2	2
GCA_016541605.2	1	2	2	2	2	2	1	2	2	2	2	2	0	2	2	2
GCA_016540905.2	1	2	2	2	2	1	1	1	2	2	2	2	1	2	1	2
GCA_016540705.2	1	2	2	2	2	1	0	2	2	2	2	2	1	2	1	2
GCA_016540345.2	1	2	1	2	1	1	1	2	2	2	1	2	1	2	2	2
GCA_016540405.2	1	2	1	2	1	1	1	1	2	2	1	2	2	2	2	2
GCA_016540295.2	1	2	1	2	1	1	2	2	2	2	1	2	1	2	2	2
GCA_016540315.2	1	1	2	2	2	1	2	2	2	2	1	2	2	2	2	2
GCA_016540065.2	1	2	1	2	1	1	1	2	2	2	2	2	1	2	2	2
GCA_016540125.2	1	2	1	2	1	1	0	1	2	2	2	2	2	2	2	2
GCA_016539365.2	1	1	2	2	2	1	1	2	2	2	1	2	2	2	2	2
GCA_016539245.2	1	1	2	2	2	0	1	1	2	2	1	2	2	0	2	2
GCA_016538945.2	1	2	2	2	2	1	1	2	2	1	2	2	0	2	1	2
GCA_016538845.2	1	2	1	2	0	0	1	2	2	2	2	2	2	2	0	2
GCA_016537775.2	1	2	2	1	0	2	1	1	2	2	2	2	2	2	2	2
GCA_016537005.2	1	2	1	2	0	0	0	1	2	1	2	2	2	0	2	2
GCA_016536825.2	1	2	1	2	0	0	1	1	2	2	2	2	2	0	2	2
GCA_016536725.2	1	1	2	2	0	0	1	2	2	2	1	2	1	2	2	2
GCA_016536785.2	1	2	1	2	0	0	1	2	2	2	2	2	2	2	2	2
GCA_016536345.2	1	1	2	2	2	0	1	2	2	2	1	2	1	0	2	2
GCA_016536445.2	1	1	2	2	2	0	1	1	2	2	1	2	1	2	2	2
GCA_016536355.2	1	2	2	2	0	2	1	1	2	2	2	2	2	0	2	2
GCA_016536285.2	1	2	2	2	0	2	1	2	2	2	2	2	2	2	2	2
GCA_016536305.2	1	2	2	2	0	2	1	2	2	2	2	2	2	2	2	2
GCA_016536225.2	1	2	2	2	0	2	1	2	2	2	2	2	2	0	2	2
GCA_016536265.2	1	2	2	2	0	2	1	2	2	2	2	2	2	2	2	2
GCA_016537285.2	1	2	2	2	0	0	1	2	2	2	2	2	2	2	2	2
GCA_016537155.2	1	2	2	2	0	0	1	2	2	2	2	2	2	2	2	2
GCA_016537625.2	1	2	1	2	0	0	0	2	2	2	2	2	2	2	2	2
GCA_016535355.2	1	2	2	2	2	1	1	2	2	2	1	2	0	2	2	1
GCA_016532905.2	1	1	2	2	2	1	1	2	2	2	1	2	1	2	2	2
GCA_016535185.2	1	2	2	2	2	1	1	2	2	2	1	2	2	2	2	2
GCA_016534885.2	1	2	2	0	2	1	1	0	2	2	2	2	2	2	2	2
GCA_016530355.2	1	1	1	1	0	0	1	0	1	2	1	2	1	0	1	2
GCA_016532425.2	1	1	1	1	0	2	1	1	1	2	1	2	0	2	1	2
GCA_016530335.2	1	1	1	1	0	2	1	1	1	2	1	2	0	2	1	2
GCA_016530275.2	1	1	1	1	0	2	1	1	1	2	1	2	0	2	1	2
GCA_016530105.2	1	1	1	1	0	2	1	1	1	2	1	2	0	2	1	2
GCA_016530005.2	1	1	1	1	0	2	1	1	1	2	1	2	0	2	1	2
GCA_016610485.2	1	1	1	1	0	2	1	1	1	2	1	2	0	2	1	2
GCA_016529755.2	1	1	1	1	0	2	1	1	1	2	1	2	1	0	1	2
GCA_016533145.2	1	1	1	1	0	2	1	1	1	2	1	2	0	2	0	2
GCA_016533125.2	1	1	1	1	0	2	1	1	1	2	1	2	0	2	1	2
GCA_016532915.2	1	1	1	1	0	0	1	1	1	2	1	2	1	0	1	2
GCA_016532925.2	1	1	0	1	0	0	0	1	1	2	0	2	0	0	1	2
GCA_016532645.2	1	1	1	1	0	2	1	0	1	2	1	2	1	0	1	2
GCA_016532805.2	1	1	1	1	0	2	1	1	1	2	1	2	1	0	1	2
GCA_016528745.2	1	1	1	1	0	0	1	1	1	2	1	2	1	0	1	2
GCA_016528665.2	1	1	1	1	0	2	1	1	1	2	1	2	0	2	1	2
GCA_016529645.2	1	1	1	1	0	2	1	1	1	2	1	2	1	2	1	2
GCA_016528415.2	1	1	1	1	0	2	1	1	1	2	1	2	0	2	1	2
GCA_016528425.2	1	1	1	1	0	2	1	1	1	2	1	2	0	2	1	2
GCA_016528365.2	1	1	1	1	0	0	1	1	1	2	1	2	0	2	1	2
GCA_016528055.2	1	1	1	1	0	2	1	1	1	2	1	2	0	2	0	2
GCA_016527715.2	1	1	1	1	1	1	1	1	1	2	1	2	0	2	1	2
GCA_016527165.2	1	1	1	1	0	2	1	0	1	2	1	2	1	2	1	2
GCA_016527345.2	1	1	0	1	0	1	0	1	1	2	0	2	0	0	1	2
GCA_016527275.2	1	1	1	1	0	2	1	1	1	2	1	2	1	2	1	2
GCA_016526535.2	1	1	1	1	0	2	1	1	1	2	1	2	1	2	1	2
GCA_016525695.2	1	1	1	1	0	2	1	1	1	2	1	2	0	2	1	2
GCA_016525745.2	1	1	1	1	0	2	1	1	1	2	1	2	1	2	1	2
GCA_016525485.2	1	1	1	1	0	2	0	1	1	2	0	2	1	2	1	2
GCA_016525435.2	1	1	1	1	0	2	1	1	1	2	1	2	0	2	1	2
GCA_016524675.2	1	1	1	1	0	2	1	1	1	2	1	2	1	2	1	2
GCA_016524685.2	1	1	1	1	0	2	1	0	1	2	1	2	1	2	1	2
GCA_016524235.2	1	1	1	1	0	0	1	1	1	2	1	2	1	0	1	2
GCA_016523555.2	1	1	1	1	0	2	0	1	1	2	0	2	1	0	1	2
GCA_016523355.2	1	1	1	1	0	0	1	1	1	2	1	2	1	0	1	2
GCA_016523045.2	1	1	1	1	0	0	1	1	1	2	1	2	0	2	1	2
GCA_016522915.2	1	1	1	1	0	2	1	1	1	2	1	2	0	2	1	2
GCA_016522975.2	1	1	1	1	0	2	1	1	1	2	1	2	0	2	1	2
GCA_016522415.2	1	1	1	1	0	2	1	1	1	2	1	2	0	2	1	2
GCA_016522215.2	1	1	1	1	0	2	1	1	1	2	1	2	1	2	1	2
GCA_016522185.2	1	1	1	1	0	2	1	0	1	2	1	2	1	2	1	2
GCA_016521995.2	1	1	1	1	0	2	1	1	1	2	1	2	0	0	1	2
GCA_016521965.2	1	1	1	1	0	2	1	1	1	2	1	2	0	2	1	2
GCA_016521895.2	1	1	1	1	0	2	1	1	1	2	1	2	0	2	1	2
GCA_016521495.2	1	1	1	1	0	0	1	0	1	2	1	2	1	0	1	2
GCA_016521415.2	1	1	1	1	0	1	1	1	1	1	1	2	1	0	1	2
GCA_016521475.2	1	1	1	1	0	1	1	1	1	1	1	2	0	2	1	2
GCA_016521335.2	1	1	1	1	0	2	1	1	1	2	1	2	0	2	1	2
GCA_016521185.2	1	1	1	1	0	2	1	1	1	2	1	2	0	2	1	2
GCA_016521245.2	1	1	1	1	0	2	1	0	1	2	1	2	1	0	1	2
GCA_016521105.2	1	1	1	1	0	2	1	1	1	2	1	2	0	2	0	2
GCA_016521035.2	1	1	1	1	0	0	1	1	1	2	1	2	0	2	1	2
GCA_016521015.2	1	1	1	1	0	0	0	1	1	2	1	2	0	2	0	2
GCA_016520935.2	1	1	1	1	0	2	1	1	1	2	1	2	0	2	1	2
GCA_016520995.2	1	1	1	1	0	2	1	1	1	2	1	2	1	0	1	2
GCA_016520875.2	1	1	1	1	0	2	1	1	1	2	1	2	1	0	1	2
GCA_016520815.2	1	0	1	1	0	2	1	1	1	2	1	2	0	0	1	2
GCA_016520775.2	1	1	1	1	0	2	1	1	1	2	1	2	1	2	1	2
GCA_016520595.2	1	1	1	1	0	2	1	0	1	2	1	2	1	2	1	2
GCA_016520445.2	1	1	1	1	0	2	1	1	1	2	1	2	1	0	1	2
GCA_016520135.2	1	1	1	1	0	2	1	1	1	2	1	2	1	2	1	2
GCA_016519765.2	1	1	1	1	0	2	1	1	1	2	1	2	0	2	1	2
GCA_016519845.2	1	1	1	1	0	2	1	1	1	2	1	2	0	2	1	2
GCA_016519675.2	1	1	1	1	0	2	1	1	1	2	1	2	0	2	1	2
GCA_008726135.1	1	1	1	1	1	1	1	1	1	1	1	1	1	1	1	1
GCA_002184365.1	1	0	1	1	1	1	2	2	2	1	2	0	1	1	2	1
GCA_002184565.1	1	1	1	1	1	1	2	2	2	1	2	1	0	1	2	1
GCA_002184325.1	1	1	1	1	1	1	2	2	2	1	2	0	1	1	2	1
GCA_002184265.1	1	1	1	1	1	1	2	2	2	1	2	1	1	1	2	1
GCA_002184605.1	1	1	1	1	1	1	2	2	2	1	2	0	1	1	2	1
GCA_002137815.1	1	1	1	1	1	1	2	2	2	1	2	1	1	1	2	1
GCA_002137795.1	1	1	1	1	1	1	2	2	2	1	2	1	1	1	2	1
GCA_002136615.1	1	1	1	1	1	1	2	2	2	1	2	1	0	1	2	1
GCA_002137715.1	1	1	1	1	1	1	2	2	2	0	2	0	1	1	2	1
GCA_002137695.1	1	1	1	1	1	1	2	2	2	1	2	1	0	1	2	1
GCA_002137565.1	1	1	1	1	1	1	2	2	2	1	2	0	0	1	2	1
GCA_002137525.1	1	1	1	1	1	1	2	2	2	1	2	1	1	1	2	1
GCA_002137495.1	1	1	1	1	1	1	2	2	2	1	2	0	0	1	2	1
GCA_002137445.1	1	1	1	1	1	1	2	2	2	1	2	0	1	1	2	1
GCA_002137425.1	1	1	1	1	1	1	2	2	2	1	2	0	1	1	2	1
GCA_002137995.1	1	1	1	1	1	1	2	2	2	1	2	0	0	1	2	1
GCA_002136745.1	1	1	1	1	1	1	2	2	2	1	2	1	1	1	2	1
GCA_002136705.1	1	1	1	1	1	1	2	2	2	1	2	1	1	1	2	1
GCA_002137045.1	1	1	1	1	1	1	2	2	2	1	2	1	1	1	2	1
GCA_002137035.1	1	1	1	1	1	1	2	2	2	1	2	0	1	1	2	1
GCA_002136965.1	1	1	1	1	1	1	2	2	2	1	2	1	1	1	2	1
GCA_002136935.1	1	1	1	1	1	1	2	2	2	1	2	1	1	1	2	1
GCA_002136885.1	1	1	1	1	1	1	2	2	2	1	2	1	1	1	2	1
GCA_002136855.1	1	1	1	1	0	0	2	2	2	1	2	0	0	1	2	0
GCA_002136825.1	1	1	1	1	0	0	2	2	2	1	2	1	0	0	2	1
GCA_002136775.1	1	1	1	1	1	1	2	2	2	1	2	1	1	1	2	1
GCA_002137875.1	1	1	1	1	1	1	2	2	2	1	2	1	1	1	2	1
GCA_002137895.1	1	1	1	1	0	0	2	2	2	1	2	1	0	1	2	1
GCA_002137225.1	1	1	1	1	1	1	2	2	2	1	2	0	0	1	2	1
GCA_002138375.1	1	1	1	1	1	1	2	2	2	1	2	1	1	1	2	1
GCA_002138345.1	1	1	1	1	1	1	2	2	2	1	2	1	1	1	2	1
GCA_002138305.1	1	1	1	1	1	1	2	2	2	1	2	0	1	1	2	1
GCA_002138315.1	1	1	1	1	1	1	2	2	2	1	2	0	1	1	2	1
GCA_002138295.1	1	1	1	1	1	1	2	2	2	1	2	0	1	1	2	1
GCA_002138245.1	1	1	1	1	1	1	2	2	2	1	2	1	1	1	2	1
GCA_002138215.1	1	1	1	1	1	1	2	2	2	1	2	0	1	1	2	1
GCA_002138165.1	1	1	1	1	1	1	2	2	2	1	2	1	1	1	2	1
GCA_002138115.1	1	1	1	1	1	1	2	2	2	1	2	1	1	1	2	1
GCA_002138035.1	1	1	1	1	1	1	2	2	2	1	2	1	0	1	2	1
GCA_002138005.1	1	1	1	1	1	1	2	2	2	1	2	1	1	1	2	1
GCA_002137345.1	1	1	1	1	1	1	2	2	2	1	2	1	1	1	2	1
GCA_002137295.1	1	1	1	1	1	1	2	2	2	1	2	1	1	1	2	1
GCA_002137285.1	1	1	1	1	1	1	2	2	2	1	2	1	1	1	2	1
GCA_002145095.1	1	1	1	1	1	1	2	2	2	1	2	0	1	1	2	1
GCA_002143855.1	1	0	0	1	0	0	2	2	2	0	2	0	0	0	2	1
GCA_002143965.1	1	1	1	1	1	1	2	2	2	1	2	0	1	1	2	1
GCA_002143775.1	1	1	1	1	1	1	2	2	2	1	2	1	1	1	2	1
GCA_002143795.1	1	1	1	1	1	1	2	2	2	1	2	1	1	1	2	1
GCA_002143785.1	1	1	1	1	1	1	2	2	2	1	2	1	1	1	2	1
GCA_002143715.1	1	1	1	1	1	1	2	2	2	1	2	1	1	1	2	1
GCA_002143685.1	1	1	1	1	1	1	2	2	2	1	2	0	1	1	2	1
GCA_002143675.1	1	1	1	1	1	1	2	2	2	1	2	1	1	1	2	1
GCA_002143655.1	1	1	1	1	1	1	2	2	2	1	2	1	1	1	2	1
GCA_002143625.1	1	1	1	1	0	1	2	2	2	1	2	1	1	0	2	1
GCA_002143575.1	1	1	1	1	1	1	2	2	2	1	2	1	1	1	2	1
GCA_002143555.1	1	1	1	1	1	1	2	2	2	1	2	1	1	1	2	1
GCA_002143495.1	1	1	1	1	1	1	2	2	2	1	2	1	1	1	2	1
GCA_002143395.1	1	1	1	1	1	1	2	2	2	1	2	1	1	1	2	1
GCA_002143425.1	1	1	1	1	1	1	2	2	2	1	2	0	0	1	2	1
GCA_002143375.1	1	1	1	1	1	1	2	2	2	1	2	0	1	1	2	1
GCA_002143195.1	1	1	1	1	1	1	2	2	2	1	2	1	1	1	2	1
GCA_002145035.1	1	1	1	1	1	1	2	2	2	1	2	1	1	1	2	1
GCA_002144975.1	1	1	1	1	1	1	2	2	2	1	2	0	0	1	2	1
GCA_002145435.1	1	1	1	1	1	1	2	2	2	1	2	1	1	1	2	1
GCA_002144965.1	1	0	1	0	1	1	2	2	2	1	2	0	1	1	2	1
GCA_002144925.1	1	1	1	1	1	1	2	2	2	1	2	0	1	1	2	1
GCA_002143315.1	1	1	1	1	1	1	2	2	2	1	2	1	1	1	2	1
GCA_002143105.1	1	1	1	1	1	1	2	2	2	1	2	1	0	1	2	1
GCA_002142955.1	1	1	1	1	1	1	2	2	2	1	2	1	1	1	2	1
GCA_002143095.1	1	1	1	1	1	1	2	2	2	1	2	1	1	1	2	1
GCA_002143045.1	1	1	1	1	1	1	2	2	2	1	2	1	1	1	2	1
GCA_002142995.1	1	1	1	1	1	1	2	2	2	1	2	1	1	1	2	1
GCA_002143035.1	1	1	1	1	1	1	2	2	2	1	2	1	0	1	2	1
GCA_002143275.1	1	1	1	1	0	1	2	2	2	1	2	1	0	1	2	1
GCA_002145175.1	1	1	1	1	1	1	2	2	2	1	2	1	0	1	2	1
GCA_002145195.1	1	1	1	1	1	1	2	2	2	1	2	0	1	1	2	1
GCA_002144725.1	1	1	1	1	1	1	2	2	2	1	2	1	1	1	2	1
GCA_002145115.1	1	1	1	1	1	1	2	2	2	1	2	1	1	1	2	1
GCA_002148725.1	1	1	1	1	1	1	2	2	2	1	2	1	1	1	2	1
GCA_002144695.1	1	1	1	1	1	1	2	2	2	0	2	0	1	1	2	1
GCA_002145125.1	1	1	1	1	1	1	2	2	2	0	2	0	0	1	2	1
GCA_002145055.1	1	1	1	1	1	1	2	2	2	1	2	0	1	1	2	1
GCA_003194535.1	1	2	1	1	1	1	1	1	1	2	1	2	2	2	1	2
GCA_003000705.1	1	1	1	1	0	1	0	1	1	1	1	0	1	1	2	1
GCA_016536925.2	1	2	1	2	0	0	1	2	2	2	1	2	2	0	2	2
GCA_016536795.2	1	1	2	2	2	0	1	2	2	2	1	2	1	2	2	2
GCA_016536585.2	1	1	2	2	0	0	1	1	2	2	1	2	2	0	2	2
GCA_016536185.2	1	2	2	2	0	2	1	2	2	2	2	2	0	2	2	2
GCA_016535695.2	1	2	2	2	1	2	1	2	2	2	2	2	1	2	1	2
GCA_016535175.2	1	1	2	2	2	1	1	2	2	2	2	2	2	2	2	2
GCA_016534625.2	1	1	1	1	0	2	0	1	1	2	0	2	1	2	1	2
GCA_016534365.2	1	1	1	1	0	2	1	1	1	2	1	2	0	2	1	2
GCA_016532435.2	1	1	1	1	0	2	1	1	1	2	1	2	1	2	1	2
GCA_016530115.2	1	1	1	1	0	0	0	1	1	2	1	2	0	0	0	2
GCA_016530155.2	1	1	1	1	0	2	1	1	1	2	1	2	0	2	0	2
GCA_016528325.2	1	1	1	1	0	2	1	1	1	2	1	2	0	2	1	2
GCA_016527955.2	1	1	1	1	0	2	1	1	1	2	1	2	0	2	1	2
GCA_016527885.2	1	1	1	1	0	2	1	1	1	2	1	2	0	2	1	2
GCA_016527745.2	1	1	1	1	0	2	1	1	1	2	1	2	1	2	1	2
GCA_016527675.2	1	1	1	1	0	2	0	1	1	2	1	2	1	2	1	2
GCA_016527195.2	1	1	1	1	0	0	1	1	1	2	1	2	1	2	1	2
GCA_016526445.2	1	1	1	1	0	2	1	1	1	2	1	2	0	2	1	2
GCA_016526335.2	1	1	1	1	0	2	0	1	1	2	0	2	1	2	1	2
GCA_016526225.2	1	1	1	1	0	2	1	1	1	2	1	2	0	2	1	2
GCA_016526265.2	1	1	1	1	0	0	1	1	1	2	1	2	1	2	1	2
GCA_016526075.2	1	1	1	1	0	2	1	1	1	2	1	2	0	2	1	2
GCA_016700475.2	1	1	1	1	0	2	0	1	1	2	0	2	1	0	1	2
GCA_016525775.2	1	1	1	1	0	0	1	1	1	2	1	2	1	2	1	2
GCA_016525575.2	1	1	1	1	0	2	1	1	1	2	1	2	0	2	1	2
GCA_016525415.2	1	1	1	1	0	0	1	1	1	2	1	2	0	2	1	2
GCA_016525095.2	1	1	1	1	0	2	1	1	1	2	1	2	0	2	1	2
GCA_016524755.2	1	1	1	1	0	2	1	0	1	2	1	2	1	2	1	2
GCA_016524075.2	1	1	1	1	0	2	0	1	1	2	0	2	1	2	1	2
GCA_016523895.2	1	1	1	1	0	2	1	0	1	2	1	2	1	2	1	2
GCA_016523875.2	1	1	1	1	0	2	1	1	1	2	1	2	0	2	1	2
GCA_016523855.2	1	1	1	1	0	2	1	1	1	2	1	2	0	2	0	2
GCA_016523505.2	1	1	1	1	0	2	1	0	1	2	1	2	1	2	1	2
GCA_016523395.2	1	1	1	1	0	0	1	1	1	2	1	2	0	2	1	2
GCA_016523405.2	1	1	1	1	0	0	1	1	1	2	1	2	1	0	1	2
GCA_016522935.2	1	1	1	1	0	2	1	1	1	2	1	2	1	0	1	2
GCA_016522955.2	1	1	1	1	0	2	1	1	1	2	1	2	0	2	1	2
GCA_016522785.2	1	1	1	1	0	2	1	1	1	2	1	2	1	0	1	2
GCA_016522625.2	1	1	1	1	0	2	1	1	1	2	1	2	0	2	1	2
GCA_016522475.2	1	1	1	1	0	2	1	1	1	2	1	2	0	2	1	2
GCA_016522155.2	1	1	1	1	0	0	1	1	1	2	1	2	0	2	1	2
GCA_016521835.2	1	1	1	1	0	2	1	1	1	2	1	2	0	2	1	2
GCA_016521445.2	1	1	1	1	0	2	1	1	1	2	1	2	0	2	1	2
GCA_016520895.2	1	1	1	1	0	2	1	1	1	2	1	2	1	0	1	2
GCA_016520755.2	1	1	1	1	0	2	1	1	1	2	1	2	0	2	1	2
GCA_016520795.2	1	1	1	1	0	2	1	1	1	2	1	2	0	2	1	2
GCA_016520655.2	1	1	1	1	0	2	1	1	1	2	1	2	1	2	1	2
GCA_016520665.2	1	1	1	1	0	2	1	1	1	2	1	2	1	2	1	2
GCA_016520545.2	1	1	1	1	0	0	1	0	1	2	1	2	0	0	1	2
GCA_016520255.2	1	1	1	1	0	2	1	1	1	2	1	2	1	0	1	2
GCA_016519925.2	1	1	1	1	0	2	1	1	1	2	1	2	0	2	1	2
GCA_016519525.2	1	1	1	1	0	2	1	1	1	2	1	2	0	2	1	2
GCA_016519515.2	1	1	1	1	1	1	1	1	1	2	1	2	0	2	0	2
GCA_000241685.2	1	1	1	1	1	1	2	1	2	2	2	2	2	2	2	2
GCA_000809865.3	1	0	1	1	2	1	1	1	2	0	1	2	1	2	1	2
GCA_000809905.3	1	0	1	1	2	1	1	1	2	1	1	2	1	2	1	2
GCA_000809965.3	1	1	1	1	1	1	1	1	2	1	1	2	0	2	1	1
GCA_000811325.3	1	1	1	1	0	1	2	1	2	1	2	2	0	2	0	2
GCA_000809705.3	1	1	1	1	1	1	1	1	2	1	1	2	1	2	1	1
GCA_000809725.3	1	1	1	1	2	1	1	1	2	1	1	2	1	2	1	2
GCA_000809745.3	1	1	1	1	2	1	1	1	2	1	1	2	1	2	1	2
GCA_000809785.3	1	1	1	1	2	1	1	1	2	1	1	2	1	2	1	2
GCA_000810645.3	1	1	1	1	1	1	1	1	2	1	1	2	1	2	1	2
GCA_000810665.3	1	1	1	1	1	1	1	1	2	1	1	2	1	2	1	2
GCA_000810725.3	1	1	1	1	1	1	1	1	2	1	1	2	1	2	1	2
GCA_000810685.3	1	1	1	1	1	1	1	0	2	1	1	2	1	2	1	2
GCA_000810765.3	1	1	1	1	1	1	1	0	2	1	1	2	1	2	1	2
GCA_000810065.3	1	1	1	1	2	1	1	1	2	1	1	2	1	2	1	2
GCA_000809505.3	1	1	1	1	0	0	2	1	2	1	2	2	0	2	0	2
GCA_000811005.3	1	1	1	1	1	1	1	1	2	1	1	2	1	2	1	1
GCA_000811015.3	1	1	1	1	1	1	1	1	2	1	1	2	0	2	1	1
GCA_000810585.3	1	1	1	1	1	1	1	1	2	1	1	2	1	2	1	2
GCA_000811165.3	1	1	1	1	1	1	1	1	2	1	1	2	1	2	1	2
GCA_000809285.3	1	1	1	1	1	1	1	1	2	1	1	2	1	2	1	2
GCA_000811905.3	1	1	1	1	1	1	1	1	2	1	1	2	1	2	1	1
GCA_000810915.3	1	1	1	1	1	1	1	1	2	1	1	2	1	2	1	1
GCA_000810945.3	1	1	1	1	1	1	1	1	2	1	1	2	1	2	1	1
GCA_000811565.3	1	1	1	1	2	1	1	1	2	1	1	2	1	2	1	2
GCA_000811765.3	1	1	1	1	1	1	1	1	2	1	1	2	1	2	1	2
GCA_000811745.3	1	1	1	1	2	1	1	1	2	1	1	2	1	2	1	2
GCA_000810525.3	1	1	1	1	1	1	2	1	2	1	2	2	1	2	1	2
GCA_000809465.3	1	1	1	1	1	1	2	1	2	1	2	2	1	2	1	2
GCA_000811485.3	1	1	1	1	1	1	2	1	2	1	2	2	1	2	1	2
GCA_000811505.3	1	1	1	1	1	1	2	1	2	1	2	2	1	2	1	2
GCA_000810545.3	1	1	1	1	1	1	2	1	2	1	2	2	1	2	1	2
GCA_000810565.3	1	1	1	1	1	1	2	1	2	1	2	2	1	2	1	2
GCA_000809205.3	1	1	1	1	1	1	2	1	2	1	2	2	1	2	1	2
GCA_000809525.3	1	1	1	1	1	1	2	1	2	1	2	2	1	2	1	2
GCA_000809545.3	1	1	1	1	1	1	2	1	2	1	2	2	1	2	1	2
GCA_000809585.3	1	1	1	1	1	1	2	1	2	1	2	2	1	2	1	2
GCA_000809665.3	1	1	1	1	1	1	2	1	2	1	2	2	1	2	1	2
GCA_000811105.3	1	1	1	1	1	1	2	1	2	1	2	2	1	2	1	2
GCA_000811185.3	1	1	1	1	1	1	2	1	2	0	2	2	1	2	1	2
GCA_000810425.3	1	1	1	1	1	1	1	1	2	1	1	2	1	2	1	2
GCA_000810445.3	1	1	1	1	1	1	1	1	2	1	1	2	1	2	1	2
GCA_000809765.3	1	1	1	1	2	1	1	1	2	1	1	2	1	2	1	2
GCA_000811225.3	1	1	1	1	1	1	2	1	2	1	2	2	1	2	1	2
GCA_000811245.3	1	1	1	1	1	1	2	1	2	1	2	2	1	2	1	2
GCA_000809945.3	1	1	1	1	2	1	1	1	2	1	1	2	1	2	1	2
GCA_000810045.3	1	1	1	1	2	1	1	1	2	1	1	2	0	2	1	2
GCA_000811785.3	1	1	1	1	1	1	1	1	2	1	1	2	2	2	1	1
GCA_000809405.3	1	1	1	1	0	1	1	1	2	1	1	2	0	2	1	1
GCA_000810465.3	1	1	1	1	1	1	1	1	2	1	1	2	0	2	1	2
GCA_000811825.3	1	1	1	1	1	1	1	1	2	1	1	2	0	2	1	1
GCA_000810935.3	1	1	1	1	1	1	1	1	2	1	1	2	0	2	1	1
GCA_000811865.3	1	1	1	1	1	1	1	1	2	1	1	2	1	2	1	1
GCA_000811885.3	1	1	1	1	1	1	1	1	2	1	1	2	0	2	1	1
GCA_000811925.3	1	1	1	1	1	1	1	1	2	1	1	2	1	2	1	1
GCA_000810085.3	1	1	1	1	1	1	1	1	2	1	1	2	1	2	1	2
GCA_000811265.3	1	1	1	1	1	1	1	1	2	1	1	2	1	2	1	2
GCA_000811545.3	1	1	1	1	2	1	1	1	2	1	1	2	1	2	1	2
GCA_000811645.3	1	1	1	1	2	1	1	1	2	1	1	2	0	2	1	2
GCA_000811805.3	1	0	1	0	1	1	0	0	2	1	1	2	1	2	0	1
GCA_000810995.3	1	1	1	1	1	1	1	1	2	1	1	2	1	2	0	1
GCA_000811085.3	1	1	1	1	1	1	1	0	2	1	1	2	1	2	1	1
GCA_000811585.3	1	1	1	1	2	1	1	1	2	1	1	2	1	2	1	2
GCA_000811665.3	1	1	1	1	2	1	1	1	2	1	1	2	0	2	1	2
GCA_000811625.3	1	1	1	1	2	1	1	1	2	1	1	2	1	2	1	2
GCA_000811685.3	1	1	1	1	2	1	1	1	2	1	1	2	0	2	1	2
GCA_000811705.3	1	1	1	1	2	1	1	1	2	1	1	2	0	2	1	2
GCA_000811725.3	1	1	1	1	2	1	1	1	2	1	1	2	1	2	1	2
GCA_000810025.3	1	1	1	1	2	1	1	1	2	1	1	2	1	2	1	2
GCA_000811525.3	1	1	1	1	2	1	1	1	2	1	1	2	1	2	1	2
GCA_000811605.3	1	1	1	1	2	1	1	1	2	1	1	2	1	2	1	2
GCA_000809445.3	1	1	1	1	1	1	2	1	2	1	2	2	0	2	1	2
GCA_000811945.3	1	1	1	1	1	1	1	1	2	1	1	2	0	2	1	2
GCA_000809305.3	1	1	1	1	1	1	2	1	2	1	2	2	1	2	1	2
GCA_000809345.3	1	1	1	1	1	1	2	1	2	1	2	2	1	2	1	2
GCA_000810745.3	1	1	1	1	1	1	1	1	2	1	1	2	1	2	1	2
GCA_000810835.3	1	1	1	1	1	1	1	1	2	1	1	2	1	2	1	2
GCA_000809385.3	1	1	1	1	1	1	2	1	2	1	2	2	1	2	1	2
GCA_000809225.3	1	1	1	1	1	1	2	1	2	1	2	2	1	2	1	2
GCA_000809215.3	1	1	1	1	1	1	2	1	2	1	2	2	1	2	1	2
GCA_000809565.3	1	1	1	1	1	1	2	1	2	1	2	2	1	2	1	2
GCA_000810865.3	1	1	1	1	1	1	1	1	2	1	1	2	1	2	1	2
GCA_000810875.3	1	1	1	1	1	1	1	1	2	1	1	2	1	2	1	2
GCA_000809325.3	1	1	1	1	1	1	1	1	2	1	1	2	1	2	1	2
GCA_000810205.3	1	1	1	1	1	1	1	1	2	1	1	2	1	2	1	2
GCA_000810485.3	1	1	1	1	1	1	1	1	2	1	1	2	1	2	1	2
GCA_000809365.3	1	1	1	1	1	1	1	1	2	1	1	2	1	2	1	2
GCA_000809485.3	1	1	1	1	1	1	1	1	2	1	1	2	1	2	1	2
GCA_000809685.3	1	1	1	1	1	1	1	1	2	1	1	2	1	2	1	2
GCA_000809805.3	1	1	1	1	1	1	1	1	2	1	1	2	1	2	1	2
GCA_000809825.3	1	1	1	1	1	1	1	1	2	1	1	2	1	2	1	2
GCA_000809845.3	1	1	1	1	1	1	1	1	2	1	1	2	1	2	1	1
GCA_000810985.3	1	1	1	1	1	1	1	1	2	1	1	2	1	2	1	1
GCA_000811065.3	1	1	1	1	1	1	1	1	2	1	1	2	1	2	1	1
GCA_000810825.3	1	1	1	1	1	1	1	1	2	1	1	2	1	2	1	2
GCA_000810905.3	1	1	1	1	1	1	1	1	2	1	1	2	1	2	1	2
GCA_000810125.3	1	1	1	1	1	1	1	1	2	1	1	2	1	2	1	2
GCA_000810145.3	1	1	1	1	1	1	1	1	2	1	1	2	1	2	1	2
GCA_000810165.3	1	1	1	1	1	1	1	1	2	1	1	2	0	2	1	2
GCA_000810185.3	1	1	1	1	1	1	1	1	2	1	1	2	0	2	1	2
GCA_000811145.3	1	1	1	1	1	1	1	1	2	1	1	2	1	2	1	2
GCA_000810385.3	1	1	1	1	1	1	1	1	2	1	1	2	1	2	1	2
GCA_000810405.3	1	1	1	1	1	1	1	1	2	1	1	2	1	2	1	2
GCA_000809985.3	1	1	1	1	2	1	1	1	2	1	1	2	1	2	1	2
GCA_000018445.1	1	1	1	0	1	1	2	1	2	1	2	2	2	2	1	2
GCA_000069245.1	1	1	1	1	0	0	1	1	2	1	2	2	2	2	1	2
GCA_000286615.1	1	1	1	1	1	2	1	1	1	1	1	2	2	2	1	2
GCA_000286535.1	1	1	1	1	0	2	1	1	1	0	1	2	2	2	1	2
GCA_900478055.2	1	1	1	1	1	2	2	2	1	2	2	2	2	2	2	1
GCA_900478075.2	1	1	1	1	1	2	2	2	1	2	2	2	2	2	2	1
GCA_000278625.1	1	1	1	1	0	2	1	1	1	1	1	2	2	2	1	2
GCA_000515495.1	1	1	1	1	1	1	1	1	1	1	1	2	0	2	1	2
GCA_000513795.2	1	1	1	1	1	1	1	1	1	1	1	2	1	2	1	2
GCA_000515515.1	1	1	1	1	1	1	2	1	2	1	2	2	1	2	1	2
GCA_000515555.1	1	1	1	1	1	1	2	1	2	1	2	2	0	2	1	2
GCA_000515575.1	1	0	1	1	2	2	2	1	2	1	2	2	1	2	1	2
GCA_000515655.1	1	1	1	1	0	1	2	1	2	1	2	2	2	2	1	2
GCA_000515675.1	1	1	1	1	1	1	2	1	2	1	2	2	1	2	1	2
GCA_000515695.1	1	1	1	1	1	1	2	1	2	1	2	2	1	2	1	2
GCA_000515715.1	1	1	1	1	1	1	2	1	2	1	2	2	1	2	1	2
GCA_000515735.1	1	1	1	1	1	1	2	1	2	1	2	2	1	2	1	2
GCA_000949115.2	1	1	1	1	1	1	1	1	2	1	1	2	1	2	1	1
GCA_000515815.1	1	1	1	1	1	1	2	1	2	1	2	2	1	2	1	2
GCA_000515855.1	1	0	1	1	2	2	2	1	2	1	2	2	1	2	1	2
GCA_000515895.1	1	1	1	1	1	1	1	1	1	1	1	2	1	2	1	2
GCA_000516055.1	1	1	1	1	1	1	1	1	1	1	1	2	1	2	1	2
GCA_000517505.1	1	1	1	1	1	1	2	1	2	1	2	2	0	2	1	2
GCA_000949045.2	1	1	1	1	1	1	1	1	2	1	1	2	1	2	1	2
GCA_000949175.2	1	1	1	1	1	1	1	1	2	1	1	2	1	2	1	2
GCA_000949195.2	1	1	1	1	1	1	2	1	2	1	1	2	2	2	2	1
GCA_000516155.1	1	1	1	1	0	0	2	1	2	1	2	2	0	2	0	2
GCA_000516175.1	1	1	1	1	1	1	2	1	2	1	2	2	1	2	1	2
GCA_000516195.2	1	1	1	1	1	1	2	1	2	1	2	2	1	2	1	2
GCA_000949165.2	1	1	1	1	1	1	1	1	2	1	1	2	1	2	0	1
GCA_000949185.2	1	1	1	1	1	1	1	1	2	1	1	2	1	2	0	1
GCA_000516215.2	1	1	1	1	1	1	2	1	2	1	2	2	1	2	1	2
GCA_000516235.1	1	1	1	1	1	1	2	1	2	1	2	2	1	2	1	2
GCA_000949055.2	1	1	1	1	1	1	1	1	2	1	1	2	1	2	1	2
GCA_000949035.2	1	1	1	1	1	1	1	1	2	1	1	2	1	2	1	2
GCA_000516275.1	1	1	1	1	1	1	2	1	2	0	2	2	1	2	1	2
GCA_000516295.1	1	1	1	1	0	1	2	0	2	1	2	2	0	2	1	2
GCA_000516335.2	1	1	1	0	1	1	2	0	2	1	2	2	1	2	1	2
GCA_000516355.2	1	1	1	1	1	1	2	1	2	1	2	2	1	2	1	2
GCA_000516375.1	1	0	1	1	2	2	2	1	2	1	2	2	1	2	1	2
GCA_000515915.1	1	1	1	1	1	1	2	1	2	1	2	2	1	2	1	2
GCA_000515975.1	1	1	1	1	1	1	2	1	2	1	2	2	2	2	1	2
GCA_000515875.2	1	1	1	1	1	1	2	1	2	1	2	2	1	2	1	2
GCA_000515995.2	1	1	1	1	1	1	2	1	2	1	2	2	1	2	1	2
GCA_000516015.1	1	1	1	1	1	1	2	1	2	1	2	2	1	2	1	2
GCA_000516095.2	1	1	1	1	1	1	2	1	2	0	2	2	1	2	1	2
GCA_003941605.1	1	1	1	1	1	1	2	2	1	1	1	1	1	2	1	1
GCA_003941585.1	1	1	1	1	1	1	2	2	1	1	1	1	1	2	1	1
GCA_003941545.1	1	1	1	1	1	1	2	2	1	1	1	1	1	2	1	1
GCA_003941525.1	1	1	1	1	1	1	2	2	1	1	1	1	1	2	1	1
GCA_003941815.1	1	1	1	1	1	1	2	2	1	1	1	1	1	2	1	1
GCA_003941785.1	1	1	1	1	1	1	2	2	1	1	1	1	1	2	1	1
GCA_003941795.1	1	1	1	1	1	1	2	2	1	1	1	1	1	2	1	1
GCA_003941515.1	1	1	1	1	1	1	2	2	1	1	1	1	1	2	1	1
GCA_003941505.1	1	1	1	1	1	1	2	2	1	1	1	0	1	2	0	1
GCA_003941485.1	1	1	1	1	1	1	2	2	1	1	1	0	1	2	1	1
GCA_003941735.1	1	1	1	1	1	1	2	2	1	1	1	0	1	2	1	1
GCA_003941755.1	1	1	1	1	1	1	2	2	1	1	1	1	1	2	1	1
GCA_003941435.1	1	1	1	1	1	1	2	2	1	1	1	1	1	2	1	1
GCA_003941425.1	1	1	1	1	1	1	2	2	1	1	1	1	1	2	1	1
GCA_003941405.1	1	1	1	1	1	1	2	2	1	1	1	0	1	2	0	1
GCA_003941715.1	1	1	1	1	1	1	2	2	1	1	1	1	1	2	1	1
GCA_003941695.1	1	1	1	1	1	1	2	2	1	1	1	0	1	2	1	1
GCA_003941415.1	1	1	1	1	1	1	2	2	1	1	1	1	1	2	1	1
GCA_003941385.1	1	1	1	1	1	1	2	2	1	1	1	0	1	2	1	1
GCA_003941315.1	1	1	1	1	1	1	2	2	1	1	1	1	1	2	1	1
GCA_003941685.1	1	1	1	1	1	1	2	2	1	1	1	1	1	2	1	1
GCA_003941295.1	1	1	1	1	1	1	2	2	1	1	1	0	1	2	1	1
GCA_003941645.1	1	1	1	1	1	1	2	2	1	1	1	1	1	2	1	1
GCA_003941325.1	1	1	1	1	1	1	2	2	1	1	1	1	1	2	1	1
GCA_003941285.1	1	1	1	1	1	1	2	2	1	1	1	1	1	2	1	1
GCA_003941625.1	1	1	1	1	1	1	2	2	1	1	1	1	1	2	1	1
GCA_003941305.1	1	1	1	1	1	1	2	2	1	1	1	1	1	2	1	1
GCA_003941245.1	1	1	1	1	1	1	2	2	1	1	1	1	1	2	1	1
GCA_003941255.1	1	1	1	1	1	1	2	2	1	1	1	1	1	2	1	1
GCA_003941185.1	1	1	1	1	1	1	2	2	1	1	1	1	1	2	1	1
GCA_003941615.1	1	1	1	1	1	1	2	2	1	1	1	0	1	2	0	1
GCA_003941205.1	1	1	1	1	1	1	2	2	1	1	1	1	1	2	1	1
GCA_003941195.1	1	1	1	1	1	1	2	2	1	1	1	1	1	2	1	1
GCA_003941145.1	1	1	1	1	1	1	2	2	1	1	1	1	1	2	1	1
GCA_003941125.1	1	1	1	1	1	1	2	2	1	1	1	1	1	2	1	1
GCA_003940135.1	1	1	1	1	1	1	2	2	1	1	1	0	1	2	1	1
GCA_003940125.1	1	1	1	1	1	1	2	2	1	1	1	1	1	2	1	1
GCA_003941135.1	1	1	1	1	1	1	2	2	1	1	1	0	1	2	1	1
GCA_003940105.1	1	1	1	1	1	1	2	2	1	1	1	0	1	2	1	1
GCA_003940965.1	1	1	1	1	1	1	2	2	1	1	1	1	1	2	1	1
GCA_003941085.1	1	1	1	1	1	1	2	2	1	1	1	1	1	2	1	1
GCA_003940915.1	1	1	1	1	1	1	2	2	1	1	1	1	1	2	1	1
GCA_003939655.1	1	1	1	1	1	1	2	2	1	1	1	1	1	2	1	1
GCA_003940875.1	1	1	1	1	1	1	2	2	1	1	1	0	1	2	1	1
GCA_003941065.1	1	1	1	1	1	1	2	2	1	1	1	0	1	2	1	1
GCA_003939645.1	1	1	1	1	1	1	2	2	1	1	1	0	1	2	1	1
GCA_003941025.1	1	1	1	1	1	1	2	2	1	1	1	0	1	2	1	1
GCA_003940075.1	1	1	1	1	1	1	2	2	1	1	1	0	1	2	1	1
GCA_003940865.1	1	1	1	1	1	1	2	2	1	1	1	1	1	2	1	1
GCA_003940925.1	1	1	1	1	1	1	2	2	1	1	1	1	1	2	0	1
GCA_003940065.1	1	1	1	1	1	1	2	2	1	1	1	1	1	2	1	1
GCA_003941015.1	1	1	1	1	1	1	2	2	1	1	1	0	1	2	1	1
GCA_003939625.1	1	1	1	1	1	1	2	2	1	1	1	0	1	2	0	1
GCA_003939545.1	1	1	1	1	1	1	2	2	1	1	1	0	1	2	1	1
GCA_003939525.1	1	1	1	1	1	1	2	2	1	1	1	1	1	2	1	1
GCA_003939505.1	1	1	1	1	1	1	2	2	1	1	1	1	1	2	1	1
GCA_003939465.1	1	1	1	1	1	1	2	2	1	1	1	1	1	2	1	1
GCA_003939475.1	1	1	1	1	1	1	2	2	1	1	1	1	1	2	1	1
GCA_003939445.1	1	1	1	1	1	1	2	2	1	1	1	0	1	2	1	1
GCA_003940015.1	1	1	1	1	1	1	2	2	1	1	1	0	1	2	1	1
GCA_003940005.1	1	1	1	1	1	1	2	2	1	1	1	0	1	2	1	1
GCA_003940395.1	1	1	1	1	1	1	2	2	1	1	1	1	1	2	1	1
GCA_003940365.1	1	1	1	1	1	1	2	2	1	1	1	1	1	2	1	1
GCA_003939955.1	1	1	1	1	1	1	2	2	1	1	1	0	1	2	1	1
GCA_003939935.1	1	1	1	1	1	1	2	2	1	1	1	0	1	2	1	1
GCA_003939415.1	1	1	1	1	1	1	2	2	1	1	1	0	1	2	1	1
GCA_002761575.1	1	1	1	1	2	2	2	1	2	1	2	2	2	2	2	2
GCA_001664595.1	1	1	1	1	1	2	1	1	1	1	1	1	1	2	2	1
GCA_001664815.1	1	1	1	1	1	2	1	1	1	1	1	0	1	2	2	1
GCA_001664835.1	1	2	1	1	2	2	2	1	1	2	2	2	0	2	2	1
GCA_001665155.1	1	1	1	1	1	2	1	1	1	1	1	0	1	2	2	1
GCA_001664855.1	1	2	1	1	2	2	2	1	1	2	2	2	1	2	2	1
GCA_001665205.1	1	1	1	1	1	2	1	1	1	0	1	0	0	2	2	1
GCA_001665095.1	1	2	1	1	2	2	2	1	0	2	2	2	1	2	2	1
GCA_001664965.1	1	2	1	1	2	2	2	2	1	2	2	0	1	2	2	1
GCA_001664975.1	1	1	1	1	1	2	1	1	1	1	1	0	1	2	2	1
GCA_001665215.1	1	1	1	1	1	2	1	1	1	0	1	0	1	2	2	1
GCA_001666305.1	1	1	1	1	1	2	1	1	1	1	1	0	1	2	2	1
GCA_001665985.1	1	1	1	1	1	2	1	1	1	1	1	0	1	2	2	1
GCA_001666065.1	1	1	1	1	1	2	1	1	1	1	1	0	1	2	2	1
GCA_001664685.1	1	1	1	0	1	2	1	0	1	1	1	0	0	2	2	1
GCA_001666315.1	1	1	1	1	1	2	1	1	1	1	1	0	1	2	2	1
GCA_001664585.1	1	1	1	1	1	2	1	1	1	1	1	0	1	2	2	1
GCA_001664565.1	1	1	1	1	1	2	1	1	1	1	1	1	1	2	2	1
GCA_001664575.1	1	1	1	1	1	2	1	1	1	1	1	0	1	2	2	1
GCA_001665045.1	1	1	1	1	1	2	1	1	1	0	1	0	0	2	2	0
GCA_001664645.1	1	1	1	1	1	2	1	1	1	1	1	0	1	2	2	1
GCA_001665055.1	1	1	1	1	1	2	1	1	1	1	1	0	0	2	2	1
GCA_001664655.1	1	1	1	1	1	2	1	1	1	1	1	1	1	2	2	1
GCA_001665285.1	1	1	1	1	1	2	1	1	1	1	1	0	1	2	2	1
GCA_001666105.1	1	1	1	1	1	2	1	1	1	1	1	0	1	2	2	1
GCA_001666145.1	1	1	1	1	1	2	1	1	1	1	1	0	1	2	2	1
GCA_001666155.1	1	1	1	1	1	2	1	1	1	1	1	0	0	2	2	1
GCA_001666325.1	1	2	1	1	2	2	2	1	1	1	2	2	1	2	2	1
GCA_001666195.1	1	1	1	1	1	2	2	1	1	1	1	2	1	2	2	1
GCA_001664725.1	1	1	1	1	1	2	1	1	1	1	1	0	1	2	2	1
GCA_001666235.1	1	2	1	1	2	2	2	1	1	2	2	2	1	2	2	1
GCA_001666385.1	1	1	1	1	1	2	1	1	1	1	1	0	1	2	2	1
GCA_001666275.1	1	1	1	1	1	2	1	1	1	1	1	0	1	2	2	1
GCA_001666405.1	1	1	1	1	1	2	1	1	1	1	1	0	0	2	2	1
GCA_001666425.1	1	1	1	1	1	2	1	1	1	1	1	0	1	2	2	1
GCA_001664735.1	1	1	1	1	1	2	1	1	1	1	1	0	1	2	2	1
GCA_001666465.1	1	2	1	1	2	2	2	1	1	2	2	2	1	2	2	1
GCA_001666475.1	1	1	1	1	1	2	1	1	1	1	1	0	1	2	2	1
GCA_001666485.1	1	1	1	1	1	2	1	1	1	1	1	0	1	2	2	1
GCA_001666555.1	1	1	1	1	1	2	1	1	1	1	1	0	1	2	2	1
GCA_001666545.1	1	1	1	1	1	2	1	1	1	1	1	1	1	2	2	1
GCA_001666575.1	1	1	1	1	1	2	1	1	1	1	1	1	1	2	2	1
GCA_001666565.1	1	2	1	1	2	2	2	1	1	2	2	2	1	2	2	1
GCA_001666625.1	1	1	1	1	1	2	1	1	1	0	1	0	1	2	2	1
GCA_001664755.1	1	1	1	1	1	2	1	1	1	1	1	0	1	2	2	1
GCA_001666635.1	1	2	1	1	2	2	2	1	1	1	2	2	1	2	2	1
GCA_001666645.1	1	1	1	1	1	2	1	1	1	1	1	0	1	2	2	1
GCA_001666665.1	1	1	1	1	1	2	1	1	1	1	1	0	1	2	2	1
GCA_001666715.1	1	1	1	1	1	2	2	1	1	2	2	2	1	2	2	1
GCA_001664765.1	1	0	1	0	1	2	0	0	0	1	1	0	1	2	2	1
GCA_001664805.1	1	1	1	1	1	2	1	1	1	1	1	1	0	2	2	1
GCA_001441475.1	1	0	2	2	2	1	1	2	2	2	1	2	2	2	2	2
GCA_001441485.1	1	0	2	2	2	1	1	2	2	2	1	2	2	2	2	2
GCA_001441455.1	1	2	2	1	2	0	1	2	2	2	1	2	2	2	2	2
GCA_000972525.1	1	0	2	1	0	0	1	2	2	2	1	2	2	2	2	2
GCA_001441415.1	1	0	2	2	2	0	1	2	2	2	1	2	2	2	2	2
GCA_001441405.1	1	0	2	1	2	0	1	2	2	2	1	2	2	2	2	2
GCA_002143835.1	1	1	1	1	0	0	2	2	2	1	2	0	1	0	2	1
GCA_002142935.1	1	1	1	1	1	1	2	2	2	1	2	1	1	1	2	1
GCA_002144765.1	1	1	1	1	1	1	2	2	2	1	2	0	1	1	2	1
GCA_008709685.1	1	1	1	1	1	1	2	1	1	1	1	1	1	2	1	1
GCA_008709655.1	1	1	1	1	1	1	2	1	1	1	1	0	1	2	1	1
GCA_008709595.1	1	1	1	1	1	1	2	0	1	1	1	0	1	2	1	1
GCA_009428985.1	1	1	1	1	1	1	2	1	1	1	1	0	1	2	1	1
GCA_008709565.1	1	1	1	1	1	1	2	1	1	1	1	1	1	2	1	1
GCA_009455505.1	1	1	1	1	1	1	2	1	1	1	1	1	1	2	1	1
GCA_008709745.1	1	1	1	1	1	1	2	1	1	1	1	1	1	2	1	1
GCA_008709665.1	1	1	1	1	1	1	2	1	1	1	1	1	1	2	1	1
GCA_008709675.1	1	1	1	1	1	1	2	1	1	1	1	1	1	2	1	1
GCA_008709585.1	1	1	1	1	1	1	2	1	1	1	1	1	1	2	1	1
GCA_004799225.1	1	1	1	1	1	1	1	1	1	1	1	0	1	1	1	1
GCA_006494175.1	1	1	1	1	1	1	0	1	1	1	1	2	1	2	1	2
GCA_006494155.1	1	1	1	1	1	1	1	0	1	1	1	2	1	2	1	2
GCA_006658565.1	1	1	1	1	0	0	0	1	1	0	1	2	0	2	1	2
GCA_006492265.1	1	1	1	1	1	1	0	1	1	1	1	2	1	2	1	2
GCA_006492585.1	1	1	1	1	1	1	1	1	1	1	1	2	1	2	0	2
GCA_006494215.1	1	1	1	1	1	1	1	1	1	1	1	2	1	2	1	2
GCA_006494225.1	1	1	1	1	1	1	1	1	1	1	1	2	1	2	1	2
GCA_006494015.1	1	1	1	1	1	1	1	1	1	1	1	2	1	2	1	2
GCA_006658595.1	1	1	1	1	1	1	1	1	1	1	1	2	1	2	1	2
GCA_006492705.1	1	1	1	1	1	1	0	1	1	1	1	2	1	2	1	2
GCA_006493745.1	1	1	1	1	1	1	1	1	1	1	1	2	1	2	1	2
GCA_006493705.1	1	1	1	1	0	0	1	1	1	1	1	2	0	2	1	2
GCA_006491855.1	1	1	1	1	1	1	1	1	1	1	1	2	1	2	1	2
GCA_006492805.1	1	0	1	1	1	1	1	1	1	1	1	2	1	2	1	2
GCA_006492525.1	1	1	1	1	0	0	1	1	1	0	1	2	1	2	1	2
GCA_006492735.1	1	1	1	1	0	0	0	1	1	1	1	2	0	2	1	2
GCA_006492675.1	1	1	1	1	0	0	1	0	1	1	1	2	1	2	1	2
GCA_006492425.1	1	0	0	1	0	0	0	1	1	0	0	2	0	2	1	2
GCA_006492925.1	1	1	1	1	1	1	1	1	1	1	1	2	1	2	1	2
GCA_006492395.1	1	1	1	1	1	1	0	1	1	1	1	2	1	2	1	2
GCA_006492075.1	1	1	1	1	1	1	0	1	1	1	1	2	1	2	0	2
GCA_006493735.1	1	1	1	1	1	1	0	1	1	1	1	2	0	2	1	2
GCA_006493975.1	1	1	0	1	1	1	1	1	1	1	0	2	0	2	1	2
GCA_006492155.1	1	1	1	1	1	1	1	0	1	1	1	2	1	2	1	2
GCA_006491985.1	1	1	1	1	1	1	0	1	1	1	1	2	1	2	1	2
GCA_006491965.1	1	1	1	1	1	1	1	0	1	1	1	2	1	2	1	2
GCA_006493655.1	1	1	1	1	1	1	1	1	1	1	1	2	0	2	1	2
GCA_006494305.1	1	0	1	1	0	0	1	1	1	0	1	2	0	2	1	2
GCA_006494255.1	1	1	1	1	0	0	0	1	1	1	1	2	1	2	1	2
GCA_006494265.1	1	1	1	1	0	0	0	1	1	1	1	2	0	2	1	2
GCA_006492085.1	1	1	1	1	1	1	1	1	1	1	1	2	1	2	1	2
GCA_006492305.1	1	1	1	1	0	0	1	1	1	1	1	2	1	2	1	2
GCA_006492165.1	1	1	1	1	1	1	1	1	1	1	1	2	0	2	1	2
GCA_006493645.1	1	1	1	1	1	1	1	1	1	1	1	2	1	2	1	2
GCA_006494665.1	1	1	1	1	1	1	1	1	1	1	1	2	1	2	1	2
GCA_006493765.1	1	1	1	1	1	1	1	1	1	1	1	2	1	2	1	2
GCA_006494005.1	1	1	1	1	0	1	1	1	1	1	1	2	0	2	1	2
GCA_006494585.1	1	0	1	1	0	0	1	1	0	0	1	2	0	2	1	2
GCA_006494065.1	1	1	1	1	1	1	1	1	1	1	1	2	1	2	1	2
GCA_006493755.1	1	0	1	1	1	1	1	1	1	1	1	2	1	2	1	2
GCA_006492625.1	1	1	1	1	1	1	0	1	1	1	1	2	1	2	1	2
GCA_029990995.2	1	1	1	1	1	1	0	2	1	1	0	2	0	1	1	1
GCA_029990985.1	1	1	1	1	1	1	1	2	1	1	1	2	1	1	1	1
GCA_024580275.2	1	1	1	1	1	1	2	1	2	1	1	2	1	2	1	1
GCA_031113395.1	1	1	1	1	1	1	1	1	1	1	1	0	1	2	1	1
GCA_033142795.1	1	2	1	1	1	1	2	0	2	2	1	2	2	2	1	2
GCA_033142815.1	1	2	1	2	1	1	2	0	2	2	1	2	2	2	1	2
GCA_033142775.1	1	2	1	1	1	1	2	2	2	2	1	2	2	2	1	2
GCA_033142715.1	1	2	1	1	1	1	2	2	2	2	1	2	2	2	1	2
GCA_033142585.1	1	2	1	2	1	1	2	2	2	2	1	2	2	2	1	2
GCA_033142565.1	1	2	1	1	1	1	2	1	2	2	1	2	2	2	1	2
GCA_033142545.1	1	2	1	0	1	1	2	2	2	2	2	2	2	2	1	2
GCA_033142505.1	1	2	1	1	1	1	2	1	2	2	1	2	2	2	1	2
GCA_033142515.1	1	2	1	1	1	1	2	1	2	2	1	2	2	2	1	2
GCA_000305215.1	0	1	1	0	0	2	1	0	1	1	1	2	2	2	1	2
GCA_000297575.1	0	1	0	1	0	0	2	1	2	2	0	2	2	2	1	2
GCA_000335535.1	0	1	0	1	1	2	0	1	1	1	0	2	2	2	1	2
GCA_000314635.1	0	0	0	0	0	2	2	0	2	2	0	2	2	2	2	2
GCA_000309255.1	0	2	0	0	2	2	0	0	2	2	0	2	2	2	0	2
GCA_000305235.1	0	1	1	1	0	2	1	1	1	1	1	2	2	2	1	2
GCA_000304675.1	0	0	0	0	0	2	0	0	0	0	0	2	2	2	0	2
GCA_000309195.1	0	1	1	1	0	2	1	1	1	1	1	2	2	2	1	2
GCA_000309215.1	0	1	1	1	0	2	2	1	1	1	1	2	2	2	2	2
GCA_000335615.1	0	1	0	0	1	2	2	0	1	1	0	2	2	2	2	2
GCA_000021245.2	0	1	1	1	1	1	1	0	1	1	2	2	2	2	1	2
GCA_001028315.1	0	1	1	1	2	1	2	1	1	1	1	2	2	2	1	2
GCA_001028265.1	0	1	1	1	1	2	1	0	1	1	1	2	2	2	2	2
GCA_001874885.1	0	1	1	1	1	1	0	1	1	1	1	2	1	1	1	1
GCA_001874915.1	0	1	1	1	1	1	1	0	1	1	1	2	1	1	1	1
GCA_001874765.1	0	1	1	1	1	1	0	1	1	1	1	2	1	1	1	1
GCA_001874945.1	0	1	1	1	1	1	1	0	1	1	1	2	1	1	1	1
GCA_003547115.1	0	1	1	1	1	1	0	1	1	0	1	2	0	1	1	1
GCA_003029495.1	0	1	1	1	1	1	1	2	1	1	1	1	1	1	1	1
GCA_002947845.1	0	1	1	0	1	1	1	0	1	1	1	2	1	1	1	1
GCA_003431865.1	0	1	1	1	1	1	0	1	1	0	1	2	0	1	1	1
GCA_016540505.2	0	2	1	2	1	1	1	2	2	2	2	2	2	2	2	2
GCA_016539275.2	0	1	2	2	0	0	2	1	2	2	1	2	2	2	2	2
GCA_016538645.2	0	1	1	1	0	2	1	0	1	2	1	2	1	2	1	2
GCA_016535275.2	0	2	2	2	2	1	1	0	2	2	2	2	2	2	2	2
GCA_016532475.2	0	1	1	1	0	0	1	0	1	2	1	2	1	0	1	2
GCA_016532685.2	0	0	0	0	0	0	0	0	0	2	0	2	0	2	0	2
GCA_016532955.2	0	1	1	1	0	2	1	1	1	2	1	2	0	0	1	2
GCA_016530175.2	0	1	1	1	0	2	1	1	1	2	1	2	0	2	1	2
GCA_016532935.2	0	1	1	1	0	2	0	1	1	2	0	2	1	0	1	2
GCA_016530085.2	0	1	1	1	1	0	1	0	1	2	1	2	1	0	1	2
GCA_016530025.2	0	1	1	1	0	2	1	1	1	2	1	2	0	2	1	2
GCA_016529785.2	0	0	0	0	0	2	0	0	1	2	0	2	0	0	0	2
GCA_016533185.2	0	1	1	1	0	2	1	0	1	2	1	2	1	2	1	2
GCA_016532705.2	0	1	1	1	0	1	1	1	1	1	0	2	0	2	1	2
GCA_016528595.2	0	1	1	1	0	2	1	0	1	2	1	2	1	2	1	2
GCA_016528645.2	0	1	1	1	0	2	1	0	1	2	1	2	1	2	1	2
GCA_016528455.2	0	1	1	1	0	2	1	0	1	2	1	2	1	2	1	2
GCA_016528355.2	0	0	0	0	0	2	0	0	1	2	0	2	0	2	0	2
GCA_016529535.2	0	1	1	1	0	2	1	1	1	2	0	2	1	2	1	2
GCA_016528175.2	0	0	0	1	0	2	0	1	1	2	0	2	0	0	0	2
GCA_016527935.2	0	0	0	0	0	0	0	0	1	2	0	2	0	0	0	2
GCA_016527735.2	0	1	1	1	0	2	1	0	1	2	1	2	1	2	1	2
GCA_016527645.2	0	1	1	1	0	2	1	1	1	2	1	2	1	2	0	2
GCA_016527575.2	0	1	1	1	0	2	1	1	1	2	1	2	0	2	1	2
GCA_016527485.2	0	1	1	1	0	2	1	1	1	2	0	2	1	2	0	2
GCA_016527235.2	0	1	1	1	1	2	1	0	1	2	1	2	1	2	1	2
GCA_016527255.2	0	1	1	1	0	0	1	1	1	2	0	2	1	2	1	2
GCA_016526685.2	0	0	0	0	0	2	0	0	0	2	0	2	0	2	0	2
GCA_016526765.2	0	1	1	1	0	2	0	1	1	2	1	2	1	2	1	2
GCA_016526725.2	0	1	1	1	0	2	1	0	1	2	1	2	1	2	1	2
GCA_016526095.2	0	0	0	0	0	2	0	0	1	2	0	2	0	2	0	2
GCA_016526495.2	0	0	1	1	0	2	0	1	1	2	1	2	0	2	0	2
GCA_016525875.2	0	1	1	1	0	2	1	0	1	2	1	2	1	2	1	2
GCA_016525895.2	0	1	1	1	0	2	1	1	1	2	1	2	1	2	1	2
GCA_016525715.2	0	1	1	1	0	2	1	0	1	2	1	2	1	2	1	2
GCA_016525855.2	0	1	1	1	0	2	1	0	1	2	1	2	1	2	1	2
GCA_016525655.2	0	0	0	0	0	0	1	0	1	2	0	2	0	0	0	2
GCA_016525365.2	0	1	1	1	0	2	1	0	1	2	1	2	1	2	1	2
GCA_016525335.2	0	1	1	1	0	2	1	1	1	2	1	2	0	2	0	2
GCA_016525255.2	0	1	1	1	0	0	1	0	1	2	1	2	1	2	0	2
GCA_016525275.2	0	1	1	1	0	0	1	0	1	2	1	2	1	0	1	2
GCA_016525175.2	0	1	1	1	0	2	1	0	1	2	1	2	1	2	1	2
GCA_016525285.2	0	1	1	1	0	2	1	0	1	2	1	2	1	2	1	2
GCA_016525135.2	0	0	1	1	0	2	1	0	0	2	0	2	1	2	1	2
GCA_016525035.2	0	1	1	1	0	2	1	0	1	2	1	2	1	2	1	2
GCA_016524975.2	0	1	1	1	0	2	1	1	1	2	1	2	0	2	1	2
GCA_016524695.2	0	1	1	1	0	2	1	0	1	2	1	2	1	2	1	2
GCA_016524355.2	0	1	1	1	0	2	1	0	1	2	1	2	1	0	1	2
GCA_016524255.2	0	1	1	1	0	0	1	1	1	2	1	2	0	2	1	2
GCA_016524035.2	0	1	1	1	0	2	1	0	1	2	1	2	1	2	1	2
GCA_016523965.2	0	0	1	0	0	2	1	0	1	2	0	2	0	2	0	2
GCA_016523785.2	0	0	0	0	0	0	1	0	1	2	0	2	0	0	0	2
GCA_016523675.2	0	1	1	1	0	2	1	0	1	2	1	2	1	2	1	2
GCA_016523595.2	0	1	1	1	0	2	1	1	1	2	1	2	0	2	1	2
GCA_016523435.2	0	0	0	1	0	0	1	1	1	2	0	2	0	2	1	2
GCA_016523295.2	0	0	0	1	0	0	1	1	1	2	0	2	0	0	0	2
GCA_016523195.2	0	1	0	1	0	2	1	1	1	2	0	2	0	2	1	2
GCA_016523215.2	0	1	1	1	0	2	0	1	1	2	1	2	1	2	1	2
GCA_016523335.2	0	0	1	1	0	2	1	0	1	2	0	2	1	2	1	2
GCA_016523105.2	0	1	1	1	0	2	1	0	1	2	1	2	1	2	1	2
GCA_016523025.2	0	1	1	1	0	0	1	1	1	2	1	2	0	2	1	2
GCA_016523015.2	0	1	1	1	0	0	1	0	1	1	1	2	1	2	1	2
GCA_016522815.2	0	1	1	1	0	2	1	0	1	2	1	2	1	0	1	2
GCA_016522715.2	0	1	1	1	1	1	1	0	1	2	1	2	0	2	1	2
GCA_016522705.2	0	0	0	0	0	0	0	0	0	2	0	2	0	0	0	2
GCA_016522595.2	0	1	1	1	0	0	1	1	1	2	1	2	1	0	1	2
GCA_016521645.2	0	1	1	1	0	2	1	1	1	2	1	2	0	2	1	2
GCA_016610425.2	0	1	1	1	0	2	1	0	1	2	1	2	0	0	1	2
GCA_016522135.2	0	0	0	0	0	0	1	0	0	2	0	2	0	0	1	2
GCA_016521855.2	0	1	1	1	0	2	1	0	1	2	1	2	1	0	1	2
GCA_016521325.2	0	1	1	1	0	2	1	1	1	2	1	2	0	2	1	2
GCA_016520915.2	0	0	0	1	0	2	1	1	1	2	0	2	0	0	0	2
GCA_016520465.2	0	0	0	0	0	2	0	0	0	2	0	2	0	0	0	2
GCA_016520225.2	0	1	1	1	0	2	1	1	1	2	1	2	0	2	1	2
GCA_016519825.2	0	1	1	1	0	2	1	0	1	2	0	2	0	2	0	2
GCA_002184385.1	0	1	1	1	1	1	2	2	2	1	2	1	1	1	2	1
GCA_002184285.1	0	1	1	1	1	1	2	2	2	1	2	1	1	1	2	1
GCA_002184335.1	0	1	1	1	1	1	2	2	2	1	2	0	0	1	2	1
GCA_002184275.1	0	0	1	1	1	0	2	2	2	0	2	0	0	1	2	0
GCA_002137775.1	0	0	0	0	0	0	2	2	2	0	2	0	0	0	2	0
GCA_002137755.1	0	1	1	0	0	0	2	2	2	1	2	0	0	0	2	1
GCA_002136605.1	0	1	1	1	0	0	2	2	2	1	2	0	0	0	2	1
GCA_002136595.1	0	0	0	0	0	0	2	2	2	0	2	0	0	0	2	0
GCA_002137725.1	0	0	0	0	0	0	2	2	2	0	2	0	0	0	2	0
GCA_002142735.1	0	0	1	0	0	0	2	2	2	0	2	0	0	0	2	0
GCA_002137645.1	0	0	0	0	0	0	2	2	2	0	2	0	0	0	2	0
GCA_002137655.1	0	1	1	1	0	0	2	2	2	1	2	0	0	0	2	1
GCA_002137575.1	0	0	0	0	0	0	2	2	2	0	2	0	0	0	2	0
GCA_002137555.1	0	1	1	1	1	1	2	2	2	1	2	1	1	1	2	1
GCA_002137475.1	0	1	1	1	0	0	2	2	2	1	2	1	1	1	2	1
GCA_002137955.1	0	0	0	0	0	0	2	2	2	0	2	0	0	0	2	0
GCA_002136735.1	0	0	1	0	0	0	2	2	2	0	2	0	0	0	2	0
GCA_002136685.1	0	0	0	0	0	0	2	2	2	0	2	0	0	0	2	0
GCA_002136675.1	0	0	0	0	0	0	2	2	2	0	2	0	0	0	2	0
GCA_002136655.1	0	0	0	0	0	0	2	2	2	0	2	0	0	0	2	0
GCA_002136995.1	0	0	0	0	0	0	2	2	2	0	2	0	0	0	2	0
GCA_002136955.1	0	0	0	0	0	0	2	2	2	0	2	0	0	0	2	1
GCA_002136895.1	0	0	0	0	0	0	2	2	2	0	2	0	0	0	2	0
GCA_002136815.1	0	0	0	0	0	0	2	2	2	0	2	0	0	0	2	0
GCA_002137945.1	0	0	0	0	0	0	2	2	2	0	2	0	0	0	2	0
GCA_002137265.1	0	0	0	0	0	0	2	2	2	0	2	0	0	0	2	0
GCA_002137255.1	0	0	0	0	0	0	2	2	2	0	2	0	0	0	2	0
GCA_002137215.1	0	0	0	0	0	0	2	2	2	0	2	0	0	0	2	0
GCA_002137185.1	0	0	1	1	0	0	2	2	2	0	2	0	0	0	2	0
GCA_002138175.1	0	0	0	0	0	0	2	2	2	0	2	0	0	0	2	0
GCA_002138155.1	0	0	0	0	0	0	2	2	2	1	2	0	0	0	2	0
GCA_002138105.1	0	0	0	0	0	0	2	2	2	0	2	0	0	0	2	0
GCA_002138065.1	0	0	1	1	0	0	2	2	2	0	2	0	0	0	2	0
GCA_002138055.1	0	1	1	1	1	1	2	2	2	1	2	0	1	1	2	1
GCA_002137395.1	0	1	1	1	1	1	2	2	2	1	2	0	1	1	2	1
GCA_002137335.1	0	0	1	1	0	0	2	2	2	0	2	0	0	0	2	0
GCA_002144685.1	0	1	1	1	1	1	2	2	2	1	2	1	1	1	2	1
GCA_002145065.1	0	1	1	1	1	1	2	2	2	1	2	1	1	1	2	1
GCA_002143955.1	0	0	0	0	0	0	2	2	2	0	2	0	0	0	2	0
GCA_002143885.1	0	0	0	0	0	0	2	2	2	0	2	0	0	0	2	0
GCA_002143975.1	0	0	1	1	1	1	2	2	2	1	2	0	0	1	2	1
GCA_002143875.1	0	0	0	1	0	0	2	2	2	0	2	0	0	0	2	0
GCA_002143935.1	0	1	1	1	0	0	2	2	2	1	2	0	0	0	2	1
GCA_002143755.1	0	1	1	1	1	1	2	2	2	1	2	0	1	1	2	1
GCA_002143725.1	0	0	0	0	0	0	2	2	2	0	2	0	0	0	2	0
GCA_002143605.1	0	0	0	0	0	0	2	2	2	0	2	0	0	0	2	0
GCA_002143475.1	0	0	0	0	0	0	2	2	2	0	2	0	0	0	2	0
GCA_002143185.1	0	0	0	0	0	0	2	2	2	0	2	0	0	0	2	0
GCA_002143235.1	0	1	1	1	0	0	2	2	2	1	2	0	0	0	2	0
GCA_002144995.1	0	0	0	0	0	0	2	2	2	0	2	0	0	0	2	0
GCA_002144955.1	0	0	0	0	0	0	2	2	2	0	2	0	0	0	2	0
GCA_002145395.1	0	0	0	0	0	0	2	2	2	0	2	0	0	0	2	0
GCA_002145375.1	0	0	1	0	1	1	2	2	2	1	2	0	1	1	2	1
GCA_002143345.1	0	0	0	0	0	0	2	2	2	0	2	0	0	0	2	0
GCA_002143335.1	0	1	1	1	1	1	2	2	2	1	2	1	1	1	2	1
GCA_002143145.1	0	1	1	1	1	1	2	2	2	1	2	0	1	1	2	1
GCA_002143015.1	0	1	1	1	1	1	2	2	2	1	2	1	0	1	2	1
GCA_002143405.1	0	1	1	1	1	1	2	2	2	1	2	1	1	1	2	1
GCA_002143265.1	0	1	1	1	1	1	2	2	2	1	2	1	1	1	2	1
GCA_002142945.1	0	0	1	0	0	0	2	2	2	0	2	0	1	0	2	0
GCA_002145295.1	0	0	0	0	0	0	2	2	2	0	2	0	0	0	2	0
GCA_002144835.1	0	0	0	0	0	0	2	2	2	0	2	0	0	0	2	1
GCA_002145255.1	0	0	1	0	0	0	2	2	2	0	2	0	0	0	2	0
GCA_002144805.1	0	0	0	0	0	0	2	2	2	0	2	0	0	0	2	0
GCA_002148735.1	0	0	0	0	0	0	2	2	2	0	2	0	0	0	2	0
GCA_002148745.1	0	0	0	0	0	0	2	2	2	0	2	0	0	0	2	0
GCA_002144795.1	0	0	0	0	0	0	2	2	2	0	2	0	0	0	2	0
GCA_002144755.1	0	1	1	1	1	1	2	2	2	1	2	1	1	1	2	1
GCA_002145155.1	0	0	0	0	0	0	2	2	2	0	2	0	0	0	2	0
GCA_016537445.2	0	1	2	1	1	1	0	2	2	2	1	2	2	2	2	2
GCA_016533165.2	0	1	1	1	0	2	1	0	1	2	1	2	1	0	1	2
GCA_016530295.2	0	0	0	1	0	2	1	1	1	2	0	2	0	0	0	2
GCA_016530285.2	0	1	1	1	0	2	1	0	1	2	1	2	1	0	1	2
GCA_016529985.2	0	0	0	0	0	0	0	0	0	2	0	2	0	2	0	2
GCA_016529905.2	0	1	0	1	0	2	1	1	1	2	0	2	0	0	1	2
GCA_016529895.2	0	1	0	0	0	2	0	0	1	2	0	2	1	0	1	2
GCA_016529945.2	0	1	1	1	0	2	1	0	1	2	1	2	1	2	1	2
GCA_016528135.2	0	1	1	1	0	2	0	1	1	2	1	2	0	0	1	2
GCA_016528215.2	0	1	1	1	0	2	1	1	1	2	1	2	0	2	1	2
GCA_016527835.2	0	0	0	0	0	2	0	0	1	2	0	2	0	2	1	2
GCA_016527555.2	0	1	1	1	0	2	1	1	1	2	1	2	0	2	1	2
GCA_016527595.2	0	1	1	1	0	2	0	1	1	2	0	2	1	2	1	2
GCA_016526215.2	0	1	1	1	0	2	0	1	1	2	1	2	0	2	1	2
GCA_016525915.2	0	1	1	1	0	2	1	0	1	2	1	2	1	2	1	2
GCA_016525835.2	0	1	1	1	0	2	1	0	1	2	1	2	1	2	1	2
GCA_016525675.2	0	1	1	1	0	2	1	0	1	2	1	2	1	2	1	2
GCA_016525735.2	0	1	1	1	0	2	1	0	1	2	1	2	1	2	1	2
GCA_016525785.2	0	1	1	1	0	0	1	0	1	2	1	2	1	0	0	2
GCA_016525555.2	0	1	1	1	0	2	1	1	1	2	1	2	1	2	0	2
GCA_016525445.2	0	1	1	1	0	2	1	0	1	2	1	2	1	2	1	2
GCA_016525395.2	0	1	0	0	0	2	0	0	1	2	0	2	0	2	0	2
GCA_016525005.2	0	1	1	1	0	2	1	0	1	2	1	2	1	2	1	2
GCA_016524875.2	0	1	0	1	0	0	0	0	1	2	0	2	1	0	1	2
GCA_016524845.2	0	0	1	1	0	2	1	0	0	2	0	2	1	2	1	2
GCA_016524785.2	0	1	1	1	0	2	1	0	1	2	1	2	1	2	1	2
GCA_016524085.2	0	0	0	1	0	2	0	1	1	2	0	2	0	2	1	2
GCA_016523955.2	0	1	1	1	0	2	1	0	1	2	1	2	1	2	1	2
GCA_016523885.2	0	1	1	1	0	2	1	0	1	2	1	2	1	0	1	2
GCA_016523755.2	0	0	1	0	0	2	0	0	0	2	1	2	0	2	0	2
GCA_016523615.2	0	0	1	1	0	2	0	1	1	2	1	2	0	2	1	2
GCA_016523155.2	0	1	1	1	0	2	1	0	1	2	1	2	1	2	1	2
GCA_016523005.2	0	1	1	1	0	2	1	1	1	2	0	2	0	2	1	2
GCA_016522895.2	0	1	1	1	0	2	0	1	1	2	0	2	0	0	0	2
GCA_016522555.2	0	1	1	1	0	2	1	1	1	2	1	2	0	2	1	2
GCA_016522435.2	0	1	1	1	0	2	0	1	1	2	0	2	1	0	1	2
GCA_016522485.2	0	1	1	1	0	2	1	0	1	2	1	2	1	0	1	2
GCA_016522285.2	0	1	1	1	0	2	0	1	1	2	1	2	0	0	1	2
GCA_016521935.2	0	1	0	1	1	2	1	1	1	2	0	2	0	2	1	2
GCA_016521905.2	0	1	1	1	0	2	1	1	1	2	1	2	0	2	1	2
GCA_016521795.2	0	1	1	1	0	2	0	1	1	2	1	2	0	0	1	2
GCA_016521815.2	0	0	0	0	0	2	0	0	1	2	0	2	0	0	0	2
GCA_016521555.2	0	1	1	1	0	0	0	1	1	2	0	2	0	0	1	2
GCA_016521435.2	0	1	1	1	0	2	1	0	1	2	1	2	1	0	1	2
GCA_016521295.2	0	1	1	1	0	2	1	1	1	2	1	2	0	2	1	2
GCA_016520505.2	0	1	1	1	0	0	1	0	1	2	1	2	0	0	1	2
GCA_016520495.2	0	0	1	1	0	0	0	1	0	2	1	2	0	0	0	2
GCA_016520245.2	0	1	1	1	0	2	1	1	1	2	1	2	0	2	1	2
GCA_016520045.2	0	1	1	1	1	1	1	0	1	2	1	2	0	2	1	2
GCA_016520035.2	0	1	1	1	0	0	1	0	1	2	1	2	1	0	1	2
GCA_016520085.2	0	1	0	0	0	0	0	0	0	2	0	2	0	0	0	2
GCA_000811285.3	0	1	1	1	1	1	2	1	2	1	2	2	0	2	0	2
GCA_000810305.3	0	1	1	1	1	1	1	1	2	1	1	2	1	2	1	2
GCA_000810325.3	0	1	1	1	0	0	1	1	2	1	1	2	1	2	1	1
GCA_000810345.3	0	1	1	1	1	0	1	1	2	1	1	2	1	2	1	1
GCA_000809605.3	0	1	1	1	0	0	2	1	2	1	2	2	1	2	1	2
GCA_000809625.3	0	1	1	1	0	0	2	1	2	1	2	2	1	2	1	2
GCA_000809645.3	0	1	1	1	0	0	2	1	2	1	2	2	1	2	1	2
GCA_000809425.3	0	1	1	1	1	1	2	2	2	1	2	2	1	2	1	2
GCA_000810605.3	0	1	1	1	1	1	2	1	2	1	2	2	1	2	1	2
GCA_000809925.3	0	1	1	0	1	1	1	0	2	1	1	2	0	2	0	1
GCA_000810005.3	0	1	1	0	2	1	1	0	2	1	1	2	0	2	0	2
GCA_000811305.3	0	1	1	1	0	0	2	0	2	1	2	2	1	2	1	2
GCA_000811345.3	0	1	1	1	1	1	2	0	2	1	2	2	1	2	1	2
GCA_000811365.3	0	1	1	1	1	1	1	0	2	1	1	2	1	2	1	2
GCA_000811205.3	0	1	1	1	0	0	2	0	2	1	2	2	1	2	1	2
GCA_000810365.3	0	1	1	1	0	0	1	0	2	1	1	2	0	2	1	1
GCA_000278605.1	0	1	1	1	0	2	1	0	1	1	1	2	2	2	1	2
GCA_000278665.1	0	1	1	1	0	2	0	1	1	1	0	2	2	2	0	2
GCA_000515475.1	0	1	1	1	0	0	1	0	1	1	1	2	1	2	1	2
GCA_000516115.1	0	1	1	1	0	0	2	1	2	1	2	2	0	2	1	2
GCA_000515595.1	0	1	1	1	0	0	2	0	2	1	2	2	1	2	1	2
GCA_000515615.1	0	1	1	1	0	0	2	0	2	1	2	2	1	2	1	2
GCA_000515635.1	0	1	1	1	1	1	2	0	2	1	2	2	1	2	1	2
GCA_000515755.1	0	0	1	1	2	2	2	1	2	0	2	2	1	2	1	2
GCA_000515775.1	0	1	1	1	1	1	2	0	2	1	2	2	1	2	0	2
GCA_000515795.2	0	0	1	1	1	1	2	1	2	1	2	2	0	2	1	2
GCA_000515835.1	0	1	1	1	1	1	2	0	2	1	2	2	1	2	0	2
GCA_000517485.2	0	1	1	1	0	0	1	0	1	1	1	2	1	2	1	2
GCA_000516135.1	0	0	1	1	2	2	2	1	2	0	2	2	0	2	0	2
GCA_000949065.2	0	1	1	1	1	0	1	1	2	1	1	2	0	2	1	1
GCA_000516255.1	0	0	0	0	2	2	2	0	2	0	2	2	0	2	0	2
GCA_000516315.1	0	0	1	1	2	2	2	1	2	0	2	2	0	2	1	2
GCA_000515935.1	0	1	1	1	0	0	2	1	2	1	2	2	1	2	1	2
GCA_000515955.1	0	1	1	1	0	0	2	1	2	1	2	2	1	2	1	2
GCA_000315155.1	0	0	2	1	0	0	2	0	1	1	0	2	2	2	0	2
GCA_000313935.1	0	0	0	0	0	2	2	0	2	2	0	2	2	2	2	2
GCA_000314615.1	0	0	0	0	0	0	2	0	2	2	0	2	2	2	2	2
GCA_000314595.1	0	0	0	0	0	2	2	0	2	2	0	2	2	2	2	2
GCA_003940895.1	0	0	0	0	0	0	2	2	1	0	0	0	0	2	0	0
GCA_003941095.1	0	0	0	0	0	0	2	2	1	0	0	0	0	2	0	0
GCA_003939595.1	0	1	0	0	0	0	2	2	1	0	0	0	0	2	0	0
GCA_003939585.1	0	0	0	0	0	0	2	2	1	0	0	0	0	2	0	0
GCA_003939565.1	0	0	0	0	0	0	2	2	1	0	0	0	0	2	0	0
GCA_003940045.1	0	0	0	0	0	0	2	2	1	0	0	0	0	2	0	0
GCA_003939985.1	0	1	1	1	1	1	2	2	1	1	1	1	1	2	1	1
GCA_003940335.1	0	1	1	0	1	1	2	2	1	1	1	0	1	2	1	1
GCA_003939395.1	0	1	1	0	1	1	2	2	1	1	1	0	0	2	0	1
GCA_003940325.1	0	1	1	0	1	1	2	2	1	1	1	0	0	2	1	1
GCA_003939385.1	0	1	1	0	1	1	2	2	1	1	1	0	1	2	1	1
GCA_003939925.1	0	1	1	0	1	1	2	2	1	1	1	0	1	2	1	1
GCA_001665175.1	0	1	1	1	1	2	1	1	1	1	1	1	1	2	2	1
GCA_001664895.1	0	1	1	1	1	2	1	0	1	1	1	0	1	2	2	1
GCA_001664915.1	0	1	1	1	1	2	1	1	1	1	1	1	1	2	2	1
GCA_001664985.1	0	1	1	1	1	2	1	0	1	1	1	1	1	2	2	1
GCA_001666085.1	0	1	1	1	1	2	1	1	1	1	1	1	1	2	2	1
GCA_001665005.1	0	0	1	0	1	2	1	1	1	0	1	1	1	2	2	1
GCA_001665065.1	0	1	1	1	1	2	1	1	1	1	1	1	1	2	2	1
GCA_001666515.1	0	1	1	1	1	2	1	1	1	1	1	0	1	2	2	1
GCA_001666705.1	0	1	1	1	2	2	2	0	1	1	2	2	1	2	2	1
GCA_001441355.1	0	0	2	2	0	0	1	2	2	2	1	2	2	2	2	2
GCA_002136865.1	0	0	1	1	1	1	2	2	2	0	2	0	1	1	2	1
GCA_004799205.1	0	1	1	1	1	1	1	0	1	1	1	0	1	1	1	1
GCA_006492495.1	0	0	0	0	0	0	0	0	0	0	0	2	0	2	0	2
GCA_006492785.1	0	0	0	0	0	0	0	0	1	0	0	2	0	2	0	2
GCA_006491955.1	0	0	0	0	0	0	0	0	0	0	0	2	0	2	0	2
GCA_006494565.1	0	1	1	1	1	1	1	1	1	1	1	2	1	2	1	2
GCA_006493875.1	0	0	0	0	0	0	0	0	0	0	0	2	0	2	0	2
GCA_006493955.1	0	0	0	0	0	0	0	0	0	0	0	2	0	2	0	2
GCA_006493945.1	0	0	0	0	0	0	0	0	0	0	0	2	0	2	0	2
GCA_006494075.1	0	0	0	1	0	0	1	1	1	0	0	2	0	2	0	2
GCA_006491885.1	0	0	0	0	0	0	0	0	1	0	0	2	0	2	0	2
GCA_006492715.1	0	0	0	0	0	0	0	0	0	0	0	2	0	2	0	2
GCA_006493045.1	0	0	0	0	0	0	0	0	0	0	0	2	0	2	0	2
GCA_006494615.1	0	0	0	0	0	0	0	0	0	0	0	2	0	2	0	2
GCA_006491865.1	0	0	0	0	0	0	0	0	0	0	0	2	0	2	0	2
GCA_006491875.1	0	0	0	0	0	0	0	0	1	0	0	2	0	2	0	2
GCA_006492335.1	0	1	0	1	0	0	0	1	1	1	0	2	1	2	1	2
GCA_006492315.1	0	0	0	0	0	0	0	0	0	0	0	2	0	2	0	2
GCA_006492985.1	0	0	0	0	0	0	0	0	0	0	0	2	0	2	0	2
GCA_006493035.1	0	0	0	0	0	0	1	0	0	0	0	2	0	2	0	2
GCA_006492775.1	0	0	0	0	0	0	0	0	1	0	0	2	0	2	0	2
GCA_006493005.1	0	0	0	0	0	0	0	0	0	0	0	2	0	2	0	2
GCA_006492215.1	0	1	0	1	0	0	0	1	1	1	0	2	0	2	1	2
GCA_006492965.1	0	0	0	0	0	0	0	0	1	0	0	2	0	2	1	2
GCA_006492855.1	0	0	0	1	0	0	0	0	0	0	0	2	0	2	0	2
GCA_006492475.1	0	0	0	0	0	0	0	0	0	0	0	2	0	2	0	2
GCA_006492905.1	0	0	0	1	0	0	0	0	0	0	0	2	0	2	0	2
GCA_006492685.1	0	0	0	1	0	0	0	0	0	0	0	2	0	2	0	2
GCA_006492055.1	0	1	1	1	0	0	0	1	1	0	1	2	0	2	1	2
GCA_006494575.1	0	0	0	0	0	0	0	0	0	0	0	2	0	2	0	2
GCA_006494085.1	0	0	1	1	0	0	1	1	1	1	1	2	0	2	1	2
GCA_006492245.1	0	1	1	1	1	1	1	0	1	1	1	2	1	2	1	2
GCA_006492125.1	0	0	1	1	0	1	1	1	1	0	1	2	0	2	1	2
GCA_006493925.1	0	1	1	1	0	0	1	1	1	1	1	2	1	2	1	2
GCA_006494165.1	0	1	1	1	1	1	1	0	1	1	1	2	1	2	1	2
GCA_006493835.1	0	0	1	1	0	0	1	0	1	0	0	2	0	2	1	2
GCA_006493845.1	0	0	0	0	0	0	1	0	1	0	0	2	0	2	0	2
GCA_006492795.1	0	0	1	1	1	1	1	1	0	1	1	2	1	2	1	2
GCA_006492195.1	0	0	1	0	1	1	0	0	1	1	1	2	1	2	1	2
GCA_006492575.1	0	1	1	1	0	0	1	1	1	1	1	2	0	2	1	2
GCA_006492505.1	0	0	0	0	0	0	0	0	1	0	0	2	0	2	0	2
GCA_006492375.1	0	1	0	1	0	0	1	1	1	0	0	2	0	2	1	2
GCA_006492635.1	0	1	1	1	0	1	0	1	1	1	0	2	0	2	1	2
GCA_006492295.1	0	0	0	0	0	0	0	0	1	0	0	2	0	2	0	2
GCA_006492065.1	0	1	0	1	0	0	0	1	1	0	0	2	0	2	0	2
GCA_006492175.1	0	1	1	1	0	0	1	1	1	1	0	2	1	2	0	2
GCA_006492385.1	0	1	1	1	0	0	1	0	1	1	1	2	0	2	1	2
GCA_006492885.1	0	0	0	0	0	0	0	0	0	0	0	2	0	2	1	2
GCA_006492615.1	0	0	0	1	0	0	1	0	1	0	0	2	0	2	1	2
GCA_006492515.1	0	0	0	0	0	0	0	0	0	0	0	2	0	2	0	2
GCA_006491975.1	0	1	1	1	0	0	0	1	1	1	0	2	1	2	1	2
GCA_006492405.1	0	0	0	0	0	0	0	0	0	0	0	2	1	2	1	2
GCA_006492865.1	0	0	0	0	0	0	0	0	0	0	0	2	0	2	0	2
GCA_006493855.1	0	0	0	1	0	0	0	0	1	0	0	2	0	2	0	2
GCA_006493685.1	0	1	1	1	0	0	0	0	1	1	1	2	0	2	1	2
GCA_006494285.1	0	0	0	1	0	0	0	0	0	0	0	2	0	2	0	2
GCA_006494115.1	0	0	0	0	0	0	0	0	0	0	0	2	0	2	0	2
GCA_006494055.1	0	1	0	1	0	0	0	0	1	0	0	2	0	2	0	2
GCA_006493915.1	0	0	0	0	0	0	0	0	0	0	0	2	0	2	0	2
GCA_006493815.1	0	1	1	1	0	0	1	0	1	1	1	2	0	2	1	2
GCA_006492945.1	0	0	0	0	0	0	0	0	0	0	0	2	0	2	0	2
GCA_008632635.1	0	0	0	0	1	1	0	2	2	2	2	2	0	1	0	1
GCA_031113435.1	0	1	1	0	1	1	1	0	1	1	1	0	1	2	0	1
GCA_031113375.1	0	1	1	0	1	1	1	0	1	1	1	0	1	2	0	1
GCA_031113495.1	0	1	1	0	1	1	1	0	1	1	1	0	1	2	0	1
GCA_031113405.1	0	1	1	0	1	1	0	0	1	1	1	0	1	2	0	1
GCA_032089635.2	0	1	1	0	1	1	1	0	1	1	1	2	1	2	1	1
GCA_033970345.1	0	1	1	0	1	1	1	0	1	1	1	2	1	2	1	1
GCA_049177255.1	0	0	0	1	2	2	2	2	2	0	0	2	2	2	0	0
GCA_049177245.1	0	0	0	0	2	2	2	2	2	0	0	2	2	2	0	1
GCA_049177235.1	0	1	0	0	2	2	2	2	2	0	0	2	2	2	0	0
GCA_049177225.1	0	0	2	1	2	2	2	2	2	0	0	2	2	2	0	1
GCA_001512155.1	2	1	1	1	2	2	2	2	2	2	2	2	2	2	2	2
GCA_001512075.1	2	1	1	1	2	2	1	2	2	2	2	2	2	2	2	2
GCA_001512175.1	2	1	1	1	2	2	1	2	2	2	2	2	2	2	2	2
GCA_001512135.1	2	1	1	1	1	1	1	2	2	2	2	2	2	2	2	2
GCA_000586635.1	2	1	2	2	2	1	1	2	2	2	1	2	2	2	2	2
GCA_000586655.1	2	1	2	2	2	1	1	2	2	2	1	2	2	2	2	2
GCA_001874685.1	2	1	1	1	1	1	1	1	1	1	1	2	1	1	1	1
GCA_001399655.1	2	1	1	1	1	1	2	1	2	2	2	2	2	2	2	2
GCA_001441555.1	2	1	2	2	2	0	1	1	2	2	2	2	1	2	2	2
GCA_001441625.1	2	1	0	2	2	0	1	2	2	2	2	2	2	2	2	2
GCA_016541545.2	2	1	1	1	0	0	0	1	2	2	1	2	2	2	2	2
GCA_016541565.2	2	1	1	1	1	0	2	1	2	2	1	2	2	2	2	2
GCA_016541485.2	2	1	0	1	1	2	1	2	2	2	2	2	2	2	2	2
GCA_016541305.2	2	1	2	2	2	1	0	0	2	2	1	2	2	2	2	2
GCA_016541245.2	2	1	1	1	0	2	0	2	2	2	1	2	2	2	2	2
GCA_016540655.2	2	1	2	1	0	0	0	1	2	2	1	2	0	2	0	2
GCA_016540645.2	2	1	2	2	2	2	2	2	2	2	1	2	2	0	2	2
GCA_016540555.2	2	1	2	1	1	1	0	2	2	2	1	2	2	2	2	2
GCA_016540585.2	2	1	2	1	2	1	0	2	2	2	2	2	2	2	2	2
GCA_016539965.2	2	1	2	1	1	2	0	2	2	2	1	2	2	2	2	2
GCA_016539895.2	2	1	2	1	2	1	0	2	2	2	1	2	1	2	2	2
GCA_016539845.2	2	1	2	1	2	1	0	1	2	2	2	2	1	2	2	2
GCA_016539665.2	2	1	2	1	2	0	0	2	2	2	1	2	2	2	2	2
GCA_016539185.2	2	1	2	2	0	0	1	2	2	2	1	2	2	0	2	2
GCA_016538765.2	2	1	1	1	1	0	2	1	2	2	1	2	2	2	2	2
GCA_016538825.2	2	1	2	0	2	1	0	0	2	2	1	2	2	2	2	1
GCA_016538755.2	2	1	2	1	2	1	0	2	2	2	1	2	2	2	2	2
GCA_016538685.2	2	1	2	1	2	1	0	2	2	2	1	2	2	2	2	2
GCA_016538655.2	2	1	2	1	1	1	0	2	2	2	1	2	2	2	2	2
GCA_016538535.2	2	1	2	2	2	1	1	2	2	2	1	2	2	2	2	2
GCA_016537545.2	2	1	2	1	0	2	0	2	2	2	1	2	2	2	2	2
GCA_016537525.2	2	1	2	1	1	2	0	2	2	2	1	2	2	2	2	2
GCA_016537505.2	2	1	2	1	1	2	2	2	2	2	1	2	2	2	2	2
GCA_016537415.2	2	1	2	1	1	1	0	2	2	2	1	2	2	2	2	2
GCA_016537455.2	2	1	2	1	1	1	0	2	2	2	1	2	1	2	2	2
GCA_016537355.2	2	1	2	1	2	1	0	2	2	2	1	2	2	2	2	2
GCA_016537055.2	2	1	2	1	2	1	0	2	2	2	1	2	2	2	2	2
GCA_016537075.2	2	1	2	1	2	1	0	2	2	2	1	2	2	2	2	2
GCA_016537025.2	2	1	2	1	2	0	0	2	2	2	1	2	2	2	2	2
GCA_016536965.2	2	1	2	1	2	1	0	2	2	2	1	2	2	2	2	2
GCA_016541285.2	2	1	2	1	2	1	0	2	2	2	1	2	2	2	2	2
GCA_016538485.2	2	1	2	2	2	1	1	2	2	2	1	2	2	2	2	2
GCA_016537315.2	2	1	2	1	1	1	0	2	2	2	1	2	2	2	2	2
GCA_016537375.2	2	1	2	1	2	0	0	2	2	2	1	2	2	2	2	2
GCA_016537085.2	2	1	2	1	2	1	0	2	2	2	1	2	2	2	2	2
GCA_016536635.2	2	1	2	2	2	0	1	2	2	2	1	2	2	0	2	2
GCA_016534965.2	2	1	1	1	2	1	1	0	1	1	1	2	2	2	1	2
GCA_016517695.2	2	1	1	0	2	1	1	0	1	1	1	2	2	2	1	2
GCA_016515365.2	2	1	1	0	2	1	1	0	1	1	1	2	2	2	1	2
GCA_016515175.2	2	1	1	1	2	1	1	0	1	1	1	2	2	2	1	2
GCA_016515335.2	2	1	1	0	2	1	1	0	1	1	1	2	2	2	1	2
GCA_000516075.1	2	1	1	1	2	1	2	1	2	1	2	2	1	2	2	2
GCA_001665145.1	2	1	1	1	2	2	2	0	1	1	2	2	0	2	2	1
GCA_001666175.1	2	1	1	1	1	2	2	1	1	1	1	2	1	2	2	1
GCA_001666225.1	2	1	1	1	1	2	2	1	1	1	1	2	1	2	2	1
GCA_001666365.1	2	1	1	0	1	2	1	0	1	1	1	0	0	2	2	1
GCA_001666255.1	2	1	1	1	2	2	2	1	1	1	2	2	1	2	2	1
GCA_001666395.1	2	1	1	1	2	2	2	1	1	1	2	2	1	2	2	1
GCA_001511955.1	2	1	1	1	2	2	2	2	2	2	2	2	2	2	2	2
GCA_900406645.1	2	1	1	1	2	2	2	2	1	2	2	2	2	2	1	2
GCA_900406695.1	2	1	0	0	2	2	2	2	1	2	2	2	2	2	1	2
GCA_900406665.1	2	1	0	0	2	2	2	2	0	2	2	2	2	2	0	2
GCA_900406685.1	2	1	1	1	2	2	2	2	1	2	2	2	2	2	1	2
GCA_900406705.1	2	1	0	1	2	2	2	2	1	2	2	2	2	2	1	2
GCA_900406715.1	2	1	1	1	2	2	2	2	1	2	2	2	2	2	1	2
GCA_900406745.1	2	1	1	1	2	2	2	2	1	2	2	2	2	2	1	2
GCA_900406725.1	2	1	1	1	2	2	2	2	1	2	2	2	2	2	1	2
GCA_900406735.1	2	1	1	1	2	2	2	2	1	2	2	2	2	2	1	2
GCA_900406775.1	2	1	0	0	2	2	2	2	1	2	2	2	2	2	0	2
GCA_900406765.1	2	1	1	1	2	2	2	2	1	2	2	2	2	2	1	2
GCA_900406755.1	2	1	1	1	2	2	2	2	1	2	2	2	2	2	1	2
GCA_018221425.1	2	1	1	1	2	1	2	2	2	2	2	2	1	2	2	2
GCA_018221365.1	2	1	1	1	2	1	2	2	2	2	2	2	1	2	2	2
GCA_018221385.1	2	1	1	1	2	1	2	2	2	2	2	2	1	2	2	2
GCA_031113455.1	2	1	1	0	1	1	1	1	1	1	1	1	1	2	1	1
GCA_016539155.2	2	0	2	2	2	0	2	2	2	2	2	2	2	0	2	2
GCA_016537605.2	2	0	2	2	0	0	0	2	2	2	2	2	0	2	1	2
GCA_016536685.2	2	0	2	2	2	0	2	2	2	2	2	2	2	0	2	2
GCA_016538605.2	2	0	2	2	0	2	2	2	2	2	2	2	2	0	2	2
GCA_900406675.1	2	0	0	0	2	2	2	2	1	2	2	2	2	2	0	2
GCA_900406655.1	2	0	0	0	2	2	2	2	1	2	2	2	2	2	0	2
GCA_001441465.1	2	0	2	1	0	0	1	2	2	2	1	2	0	2	2	2
GCA_015676875.1	2	0	0	0	0	0	0	2	0	0	2	2	2	2	0	0
GCA_015676835.1	2	0	0	0	0	0	0	2	0	0	2	2	2	2	0	0
GCA_015676585.1	2	0	0	0	0	0	0	2	0	0	2	2	2	2	0	0
GCA_015676635.1	2	0	0	0	0	0	0	2	0	0	2	2	2	2	0	0
GCA_001512035.1	2	2	1	1	2	2	2	2	2	2	2	2	2	2	2	2
GCA_001512255.1	2	2	1	1	2	2	1	2	2	2	2	2	2	2	2	2
GCA_001512095.1	2	2	1	1	2	2	2	2	2	2	2	2	2	2	2	2
GCA_001512015.1	2	2	1	1	2	2	1	2	2	2	2	2	2	2	2	2
GCA_001511975.1	2	2	1	1	2	2	2	2	2	2	2	2	2	2	2	2
GCA_001511935.1	2	2	1	1	2	2	2	2	2	2	2	2	2	2	2	2
GCA_001512235.1	2	2	1	1	2	2	2	2	2	2	2	2	2	2	2	2
GCA_001511875.1	2	2	1	1	2	2	1	2	2	2	2	2	2	2	2	2
GCA_001511855.1	2	2	1	1	2	2	1	2	2	2	2	2	2	2	2	2
GCA_001512115.1	2	2	1	1	2	2	1	2	2	2	2	2	2	2	2	2
GCA_001511895.1	2	2	1	1	2	2	1	2	2	2	2	2	2	2	2	2
GCA_016536865.2	2	2	1	2	0	0	1	2	2	2	2	2	2	2	2	2
GCA_016536745.2	2	2	1	2	0	0	0	1	2	2	2	2	2	0	2	2
GCA_016536645.2	2	2	1	2	0	0	1	2	2	2	1	2	2	2	2	2
GCA_032750075.1	2	2	1	2	1	2	1	2	2	2	2	2	2	2	1	2
GCA_032738755.1	2	2	1	2	1	2	1	2	2	2	2	2	2	2	1	2
GCA_032746585.1	2	2	1	2	1	2	1	2	2	2	2	2	2	2	1	2
GCA_032737545.1	2	2	1	2	1	2	1	2	2	2	2	2	2	2	1	2
GCA_032737765.1	2	2	1	2	1	2	1	2	2	2	2	2	2	2	1	2
GCA_032746155.1	2	2	1	2	1	2	1	2	2	2	2	2	2	2	1	2
GCA_032737805.1	2	2	1	2	1	2	1	2	2	2	2	2	2	2	1	2
GCA_032737845.1	2	2	1	2	1	2	1	2	2	2	2	2	2	2	1	2
GCA_032738225.1	2	2	1	2	1	2	2	2	2	2	2	2	2	2	0	2
GCA_032741555.1	2	2	1	2	1	2	2	2	2	2	2	2	2	2	0	2
GCA_032750135.1	2	2	1	2	1	2	2	2	2	2	2	2	2	2	0	2
GCA_032737905.1	2	2	1	2	1	2	2	2	2	2	2	2	2	2	0	2
GCA_032743255.1	2	2	1	2	1	2	2	2	2	2	2	2	2	2	0	2
GCA_032738775.1	2	2	1	2	1	2	1	2	2	2	2	2	2	2	1	2
GCA_032738845.1	2	2	1	2	1	2	2	2	2	2	2	2	2	2	1	2
GCA_032745955.1	2	2	1	2	1	2	1	2	2	2	2	2	2	2	1	2
GCA_032738245.1	2	2	1	2	1	2	1	2	2	2	2	2	2	2	1	2
GCA_032737725.1	2	2	1	2	1	2	1	2	2	2	2	2	2	2	1	2
GCA_032749995.1	2	2	1	2	1	2	1	2	2	2	2	2	2	2	1	2
GCA_032741355.1	2	2	1	2	1	2	1	2	2	2	2	2	2	2	1	2
GCA_032741315.1	2	2	1	2	0	2	2	2	2	2	2	2	2	2	1	2
GCA_032742195.1	2	2	1	2	1	2	1	2	2	2	2	2	2	2	1	2
GCA_032737645.1	2	2	1	2	1	2	1	2	2	2	2	2	2	2	1	2
GCA_032737665.1	2	2	1	2	0	2	2	2	2	2	2	2	2	2	1	2
GCA_032745965.1	2	2	1	2	1	2	1	2	2	2	2	2	2	2	1	2
GCA_032737705.1	2	2	1	2	1	2	1	2	2	2	2	2	2	2	1	2
GCA_032737685.1	2	2	1	2	1	2	1	2	2	2	2	2	2	2	1	2
GCA_001665125.1	2	2	1	1	2	2	2	1	1	2	2	2	1	2	2	1
GCA_001664885.1	2	2	1	1	2	2	2	1	1	2	2	2	1	2	2	1
GCA_001664905.1	2	2	1	1	2	2	2	0	1	2	2	2	0	2	2	1
GCA_001666075.1	2	2	1	1	2	2	2	2	1	2	2	2	1	2	2	1
GCA_001664665.1	2	2	1	1	2	2	2	1	1	2	1	0	1	2	2	1
GCA_001441545.1	2	2	0	1	0	0	2	1	1	2	2	2	1	2	1	2
GCA_902807055.1	2	2	0	0	2	2	0	2	2	2	2	2	2	2	0	2
GCA_045170195.1	2	2	0	0	2	0	0	2	1	2	2	2	2	2	0	2
GCA_045170025.1	2	2	0	0	2	0	0	2	0	2	2	2	2	2	0	2
GCA_045170085.1	2	2	0	0	2	0	0	2	0	2	2	2	2	2	0	2
GCA_045170265.1	2	2	0	0	2	0	0	2	0	2	2	2	2	2	0	2
GCA_045170305.1	2	2	0	0	2	0	0	2	0	2	2	2	2	2	0	2
GCA_045170325.1	2	2	0	0	2	0	0	2	1	2	2	2	2	2	0	2
GCA_045170345.1	2	2	0	0	2	0	0	2	1	2	2	2	2	2	0	2
GCA_045170285.1	2	2	0	0	2	0	0	2	1	2	2	2	2	2	0	2
GCA_045170145.1	2	2	0	0	2	0	0	2	0	2	2	2	2	2	0	2
GCA_045170125.1	2	2	0	0	2	0	0	2	0	2	2	2	2	2	0	2
GCA_045170165.1	2	2	0	0	2	0	0	2	0	2	2	2	2	2	0	2
GCA_045170185.1	2	2	0	0	2	0	0	2	0	2	2	2	2	2	0	2
GCA_045170245.1	2	2	0	0	2	0	0	2	1	2	2	2	2	2	0	2
GCA_044164165.1	2	2	0	0	2	0	0	2	0	2	2	2	2	2	0	2
GCA_044164125.1	2	2	0	0	2	0	0	2	0	2	2	2	2	2	0	2
GCA_044164305.1	2	2	0	0	2	0	0	2	0	2	2	2	2	2	0	2
GCA_016540485.2	2	2	2	1	2	1	0	2	2	2	1	2	2	2	2	2
GCA_016539945.2	2	2	2	1	2	2	2	2	2	2	1	2	1	2	2	2
GCA_016541365.2	2	2	2	1	2	1	0	2	2	2	1	2	2	2	2	2
GCA_016540445.2	2	2	2	1	1	1	0	2	2	2	1	2	2	2	2	2
GCA_016537045.2	2	2	2	1	1	1	0	2	2	2	1	2	1	2	2	2
GCA_016538615.2	2	2	2	0	0	0	0	0	2	2	2	2	2	2	2	2
GCA_016538435.2	2	2	2	0	0	0	0	0	2	2	2	2	0	2	0	2
GCA_016538345.2	2	2	2	0	0	0	0	0	2	2	0	2	0	2	0	2
GCA_000580295.1	2	2	2	2	1	2	2	2	2	2	2	2	2	2	2	2
GCA_000580455.1	2	2	2	2	1	2	2	2	2	2	2	2	2	2	2	2
GCA_000580275.1	2	2	2	2	1	2	2	2	2	2	2	2	2	2	2	2
GCA_000580435.2	2	2	2	2	1	2	2	2	2	2	2	2	2	2	2	2
GCA_000580255.1	2	2	2	2	1	2	2	2	2	2	2	2	2	2	2	2
GCA_000580235.1	2	2	2	2	1	2	2	2	2	2	2	2	2	2	2	2
GCA_000580415.1	2	2	2	2	1	2	2	2	2	2	2	2	2	2	2	2
GCA_000580215.1	2	2	2	2	1	2	2	2	2	2	2	2	2	2	2	2
GCA_000580195.1	2	2	2	2	1	2	2	2	2	2	2	2	2	2	2	2
GCA_000580395.1	2	2	2	2	1	2	2	2	2	2	2	2	2	2	2	2
GCA_000580175.1	2	2	2	2	1	2	2	2	2	2	2	2	2	2	2	2
GCA_000580155.1	2	2	2	2	1	1	2	2	2	2	2	2	2	1	2	2
GCA_000580355.2	2	2	2	2	1	1	2	2	2	2	2	2	2	1	2	2
GCA_000580135.1	2	2	2	2	1	1	2	2	2	2	2	2	2	1	2	2
GCA_000581575.1	2	2	2	2	1	1	2	2	2	2	2	2	2	1	2	2
GCA_000580315.1	2	2	2	2	1	2	2	2	2	2	2	2	2	2	2	2
GCA_000580335.1	2	2	2	2	1	2	2	2	2	2	2	2	2	2	2	2
GCA_000580475.1	2	2	2	2	1	2	2	2	2	2	2	2	2	2	2	2
GCA_000581555.1	2	2	2	2	1	1	2	2	2	2	2	2	2	1	2	2
GCA_000581535.1	2	2	2	2	1	2	2	2	2	2	2	2	2	2	2	2
GCA_000581515.1	2	2	2	2	1	1	2	2	2	2	2	2	2	2	2	2
GCA_000581495.1	2	2	2	2	1	2	2	2	2	2	2	2	2	2	2	2
GCA_000581695.1	2	2	2	2	1	2	2	2	2	2	2	2	2	2	2	2
GCA_000581475.1	2	2	2	2	1	2	2	2	2	2	2	2	2	2	2	2
GCA_000581455.1	2	2	2	2	1	2	2	2	2	2	2	2	2	2	2	2
GCA_000581395.1	2	2	2	2	1	2	2	2	2	2	2	2	2	2	2	2
GCA_000581655.1	2	2	2	2	1	1	2	2	2	2	2	2	2	1	2	2
GCA_000581415.1	2	2	2	2	1	2	2	2	2	2	2	2	2	2	2	2
GCA_000581375.1	2	2	2	2	1	2	2	2	2	2	2	2	2	2	2	2
GCA_000581355.1	2	2	2	2	1	2	2	2	2	2	2	2	2	2	2	2
GCA_000581595.1	2	2	2	2	1	2	2	2	2	2	2	2	2	2	2	2
GCA_000581635.1	2	2	2	2	1	2	2	2	2	2	2	2	2	2	2	2
GCA_000581335.1	2	2	2	2	1	2	2	2	2	2	2	2	2	2	2	2
GCA_000581615.1	2	2	2	2	1	2	2	2	2	2	2	2	2	2	2	2
GCA_000580495.2	2	2	2	2	1	2	2	2	2	2	2	2	2	2	2	2
GCA_000580835.1	2	2	2	2	1	2	2	2	2	2	2	2	2	2	2	2
GCA_000580535.1	2	2	2	2	1	2	2	2	2	2	2	2	2	2	2	2
GCA_000580555.1	2	2	2	2	1	1	2	2	2	2	2	2	2	1	2	2
GCA_000580895.1	2	2	2	2	1	1	2	2	2	2	2	2	2	1	2	2
GCA_000580575.1	2	2	2	2	1	1	2	2	2	2	2	2	2	1	2	2
GCA_000580935.1	2	2	2	2	1	1	2	2	2	2	2	2	2	1	2	2
GCA_000581175.1	2	2	2	2	1	1	2	2	2	2	2	2	2	1	2	2
GCA_000581235.1	2	2	2	2	1	1	2	2	2	2	2	2	2	1	2	2
GCA_000581015.1	2	2	2	2	1	1	2	2	2	2	2	2	2	1	2	2
GCA_000580735.1	2	2	2	2	1	1	2	2	2	2	2	2	2	1	2	2
GCA_000580755.1	2	2	2	2	1	1	2	2	2	2	2	2	2	1	2	2
GCA_000581795.1	2	2	2	2	1	1	2	2	2	2	2	2	2	1	2	2
GCA_000582945.1	2	2	2	2	1	1	2	2	2	2	2	2	2	1	2	2
GCA_000581815.1	2	2	2	2	1	1	2	2	2	2	2	2	2	1	2	2
GCA_000582015.1	2	2	2	2	1	1	2	2	2	2	2	2	2	1	2	2
GCA_000582035.1	2	2	2	2	1	1	2	2	2	2	2	2	2	1	2	2
GCA_000582215.1	2	2	2	2	1	1	2	2	2	2	2	2	2	1	2	2
GCA_000582275.1	2	2	2	2	1	1	2	2	2	2	2	2	2	1	2	2
GCA_000582295.1	2	2	2	2	1	1	2	2	2	2	2	2	2	1	2	2
GCA_000582335.1	2	2	2	2	1	1	2	2	2	2	2	2	2	1	2	2
GCA_000581935.1	2	2	2	2	1	1	2	2	2	2	2	2	2	1	2	2
GCA_000584735.1	2	2	2	2	1	1	2	2	2	2	2	2	2	1	2	2
GCA_000584075.1	2	2	2	2	1	1	2	2	2	2	2	2	2	1	2	2
GCA_000584715.1	2	2	2	2	1	1	2	2	2	2	2	2	2	1	2	2
GCA_000584675.1	2	2	2	2	1	1	2	2	2	2	2	2	2	1	2	2
GCA_000584655.1	2	2	2	2	1	1	2	2	2	2	2	2	2	1	2	2
GCA_000584635.1	2	2	2	2	1	1	2	2	2	2	2	2	2	1	2	2
GCA_000584495.1	2	2	2	2	1	1	2	2	2	2	2	2	2	1	2	2
GCA_000584535.1	2	2	2	2	1	1	2	2	2	2	2	2	2	1	2	2
GCA_000584475.1	2	2	2	2	1	1	2	2	2	2	2	2	2	1	2	2
GCA_000584595.1	2	2	2	2	1	1	2	2	2	2	2	2	2	1	2	2
GCA_000584555.1	2	2	2	2	1	1	2	2	2	2	2	2	2	1	2	2
GCA_000584035.1	2	2	2	2	1	1	2	2	2	2	2	2	2	1	2	2
GCA_000584435.1	2	2	2	2	1	1	2	2	2	2	2	2	2	1	2	2
GCA_000584375.2	2	2	2	2	1	1	2	2	2	2	2	2	2	1	2	2
GCA_000584775.1	2	2	2	2	1	1	2	2	2	2	2	2	2	1	2	2
GCA_000584835.1	2	2	2	2	1	1	2	2	2	2	2	2	2	1	2	2
GCA_000584755.1	2	2	2	2	1	1	2	2	2	2	2	2	2	1	2	2
GCA_000584855.1	2	2	2	2	1	1	2	2	2	2	2	2	2	1	2	2
GCA_000584895.1	2	2	2	2	1	1	2	2	2	2	2	2	2	1	2	2
GCA_000584875.1	2	2	2	2	1	1	2	2	2	2	2	2	2	1	2	2
GCA_000584395.1	2	2	2	2	1	1	2	2	2	2	2	2	2	1	2	2
GCA_000584295.1	2	2	2	2	1	1	2	2	2	2	2	2	2	1	2	2
GCA_000584275.1	2	2	2	2	1	1	2	2	2	2	2	2	2	1	2	2
GCA_000584235.1	2	2	2	2	1	1	2	2	2	2	2	2	2	1	2	2
GCA_000584055.1	2	2	2	2	1	1	2	2	2	2	2	2	2	1	2	2
GCA_000584195.1	2	2	2	2	1	1	2	2	2	2	2	2	2	1	2	2
GCA_000584155.1	2	2	2	2	1	1	2	2	2	2	2	2	2	1	2	2
GCA_000584135.1	2	2	2	2	1	1	2	2	2	2	2	2	2	1	2	2
GCA_000584115.1	2	2	2	2	1	1	2	2	2	2	2	2	2	1	2	2
GCA_000588075.1	2	2	2	2	1	2	2	2	2	2	2	2	2	2	2	2
GCA_000588455.1	2	2	2	2	1	2	2	2	2	2	2	2	2	2	2	2
GCA_000588615.1	2	2	2	2	1	2	2	2	2	2	2	2	2	2	2	2
GCA_000588155.1	2	2	2	2	1	2	2	2	2	2	2	2	2	2	2	2
GCA_000588635.1	2	2	2	2	1	2	2	2	2	2	2	2	2	2	2	2
GCA_000588695.1	2	2	2	2	1	1	2	2	2	2	2	2	2	1	2	2
GCA_000587975.1	2	2	2	2	1	2	2	2	2	2	2	2	2	2	2	2
GCA_000588115.1	2	2	2	2	1	2	2	2	2	2	2	2	2	2	2	2
GCA_000587915.1	2	2	2	2	1	2	2	2	2	2	2	2	2	2	2	2
GCA_000588815.1	2	2	2	2	1	2	2	2	2	2	2	2	2	2	2	2
GCA_000588795.1	2	2	2	2	1	2	2	2	2	2	2	2	2	2	2	2
GCA_000588775.1	2	2	2	2	1	2	2	2	2	2	2	2	2	2	2	2
GCA_000588235.1	2	2	2	2	1	2	2	2	2	2	2	2	2	2	2	2
GCA_000588735.1	2	2	2	2	1	2	2	2	2	2	2	2	2	2	2	2
GCA_000587895.1	2	2	2	2	1	2	2	2	2	2	2	2	2	2	2	2
GCA_000587955.1	2	2	2	2	1	2	2	2	2	2	2	2	2	2	2	2
GCA_000588435.1	2	2	2	2	1	2	2	2	2	2	2	2	2	2	2	2
GCA_000588215.1	2	2	2	2	1	1	2	2	2	2	2	2	2	1	2	2
GCA_000588175.1	2	2	2	2	1	2	2	2	2	2	2	2	2	2	2	2
GCA_000588555.1	2	2	2	2	1	2	2	2	2	2	2	2	2	2	2	2
GCA_000587935.1	2	2	2	2	1	2	2	2	2	2	2	2	2	2	2	2
GCA_000588495.1	2	2	2	2	1	2	2	2	2	2	2	2	2	2	2	2
GCA_000588295.1	2	2	2	2	1	2	2	2	2	2	2	2	2	2	2	2
GCA_000588355.1	2	2	2	2	1	2	2	2	2	2	2	2	2	2	2	2
GCA_000583355.1	2	2	2	2	1	1	2	2	2	2	2	2	2	1	2	2
GCA_000583335.1	2	2	2	2	1	1	2	2	2	2	2	2	2	1	2	2
GCA_000583315.1	2	2	2	2	1	1	2	2	2	2	2	2	2	1	2	2
GCA_000583235.1	2	2	2	2	1	1	2	2	2	2	2	2	2	1	2	2
GCA_000583255.1	2	2	2	2	1	1	2	2	2	2	2	2	2	1	2	2
GCA_000583295.1	2	2	2	2	1	1	2	2	2	2	2	2	2	1	2	2
GCA_000583415.1	2	2	2	2	1	2	2	2	2	2	2	2	2	2	2	2
GCA_000583275.1	2	2	2	2	1	1	2	2	2	2	2	2	2	1	2	2
GCA_000583455.1	2	2	2	2	1	1	2	2	2	2	2	2	2	1	2	2
GCA_000681835.1	2	2	2	2	1	1	2	2	2	2	2	2	2	1	2	2
GCA_000681855.1	2	2	2	2	1	2	2	2	2	2	2	2	2	2	2	2
GCA_000681875.1	2	2	2	2	1	2	2	2	2	2	2	2	2	2	2	2
GCA_000671695.1	2	2	2	2	1	2	2	2	2	2	2	2	2	2	2	2
GCA_000681895.1	2	2	2	2	1	1	2	2	2	2	2	2	2	1	2	2
GCA_000681735.1	2	2	2	2	1	2	2	2	2	2	2	2	2	2	2	2
GCA_000682395.1	2	2	2	2	1	1	2	2	2	2	2	2	2	1	2	2
GCA_000682195.1	2	2	2	2	1	1	2	2	2	2	2	2	2	1	2	2
GCA_000682315.1	2	2	2	2	1	1	2	2	2	2	2	2	2	1	2	2
GCA_000682455.1	2	2	2	2	1	2	2	2	2	2	2	2	2	2	2	2
GCA_000681635.1	2	2	2	2	1	2	2	2	2	2	2	2	2	2	2	2
GCA_000681695.1	2	2	2	2	1	2	2	2	2	2	2	2	2	2	2	2
GCA_000682215.1	2	2	2	2	1	1	2	2	2	2	2	2	2	1	2	2
GCA_000682235.1	2	2	2	2	1	1	2	2	2	2	2	2	2	1	2	2
GCA_000682295.1	2	2	2	2	1	1	2	2	2	2	2	2	2	1	2	2
GCA_000682255.1	2	2	2	2	1	1	2	2	2	2	2	2	2	1	2	2
GCA_000682375.1	2	2	2	2	1	1	2	2	2	2	2	2	2	1	2	2
GCA_000682495.1	2	2	2	2	1	1	2	2	2	2	2	2	2	1	2	2
GCA_000681595.1	2	2	2	2	1	1	2	2	2	2	2	2	2	1	2	2
GCA_000682595.1	2	2	2	2	1	1	2	2	2	2	2	2	2	1	2	2
GCA_000682635.1	2	2	2	2	1	2	2	2	2	2	2	2	2	2	2	2
GCA_016538995.2	2	2	2	2	1	1	1	2	2	2	2	2	0	2	1	2
GCA_016538905.2	2	2	2	2	1	1	1	2	2	2	2	2	0	2	1	2
GCA_016538865.2	2	2	2	2	1	1	1	2	2	2	2	2	0	2	1	2
GCA_002239885.1	2	2	2	2	1	2	2	2	2	2	2	2	2	2	2	2
GCA_002239735.1	2	2	2	2	1	2	2	2	2	2	2	2	2	2	2	2
GCA_002239865.1	2	2	2	2	1	2	2	2	2	2	2	2	2	2	2	2
GCA_002239725.1	2	2	2	2	1	2	2	2	2	2	2	2	2	2	2	2
GCA_002249655.1	2	2	2	2	1	2	2	2	2	2	2	2	2	2	2	2
GCA_002249365.1	2	2	2	2	1	2	2	2	2	2	2	2	2	2	2	2
GCA_002249335.1	2	2	2	2	1	2	2	2	2	2	2	2	2	2	2	2
GCA_002249325.1	2	2	2	2	1	2	2	2	2	2	2	2	2	2	2	2
GCA_002249585.1	2	2	2	2	1	2	2	2	2	2	2	2	2	2	2	2
GCA_002249305.1	2	2	2	2	1	2	2	2	2	2	2	2	2	2	2	2
GCA_002249255.1	2	2	2	2	1	2	2	2	2	2	2	2	2	2	2	2
GCA_002249545.1	2	2	2	2	1	2	2	2	2	2	2	2	2	2	2	2
GCA_002249225.1	2	2	2	2	1	2	2	2	2	2	2	2	2	2	2	2
GCA_002249265.1	2	2	2	2	1	2	2	2	2	2	2	2	2	2	2	2
GCA_002249245.1	2	2	2	2	1	2	2	2	2	2	2	2	2	2	2	2
GCA_002249185.1	2	2	2	2	1	2	2	2	2	2	2	2	2	2	2	2
GCA_002249135.1	2	2	2	2	1	2	2	2	2	2	2	2	2	2	2	2
GCA_002249525.1	2	2	2	2	1	2	2	2	2	2	2	2	2	2	2	2
GCA_002249505.1	2	2	2	2	1	2	2	2	2	2	2	2	2	2	2	2
GCA_002249475.1	2	2	2	2	1	2	2	2	2	2	2	2	2	2	2	2
GCA_002249465.1	2	2	2	2	1	2	2	2	2	2	2	2	2	2	2	2
GCA_002249605.1	2	2	2	2	1	2	2	2	2	2	2	2	2	2	2	2
GCA_002249435.1	2	2	2	2	1	2	2	2	2	2	2	2	2	2	2	2
GCA_002249405.1	2	2	2	2	1	2	2	2	2	2	2	2	2	2	2	2
GCA_002249425.1	2	2	2	2	1	2	2	2	2	2	2	2	2	2	2	2
GCA_002249385.1	2	2	2	2	1	2	2	2	2	2	2	2	2	2	2	2
GCA_000583475.1	2	2	2	2	1	2	2	2	2	2	2	2	2	2	2	2
GCA_000583495.1	2	2	2	2	1	2	2	2	2	2	2	2	2	2	2	2
GCA_000583515.1	2	2	2	2	1	2	2	2	2	2	2	2	2	2	2	2
GCA_000583535.1	2	2	2	2	1	2	2	2	2	2	2	2	2	2	2	2
GCA_000583555.1	2	2	2	2	1	2	2	2	2	2	2	2	2	2	2	2
GCA_000583575.1	2	2	2	2	1	2	2	2	2	2	2	2	2	2	2	2
GCA_000583595.1	2	2	2	2	1	2	2	2	2	2	2	2	2	2	2	2
GCA_000583435.1	2	2	2	2	1	2	2	2	2	2	2	2	2	2	2	2
GCA_000588975.1	2	2	2	2	1	2	2	2	2	2	2	2	2	2	2	2
GCA_000589495.1	2	2	2	2	1	2	2	2	2	2	2	2	2	2	2	2
GCA_000589015.1	2	2	2	2	1	2	2	2	2	2	2	2	2	2	2	2
GCA_000589035.1	2	2	2	2	1	2	2	2	2	2	2	2	2	2	2	2
GCA_000588995.1	2	2	2	2	1	2	2	2	2	2	2	2	2	2	2	2
GCA_000589475.1	2	2	2	2	1	2	2	2	2	2	2	2	2	2	2	2
GCA_000589195.1	2	2	2	2	1	2	2	2	2	2	2	2	2	2	2	2
GCA_000588955.1	2	2	2	2	1	2	2	2	2	2	2	2	2	2	2	2
GCA_000589515.1	2	2	2	2	1	1	2	2	2	2	2	2	2	1	2	2
GCA_000589055.1	2	2	2	2	1	2	2	2	2	2	2	2	2	2	2	2
GCA_000589535.1	2	2	2	2	1	1	2	2	2	2	2	2	2	1	2	2
GCA_000589555.1	2	2	2	2	1	1	2	2	2	2	2	2	2	1	2	2
GCA_000589575.1	2	2	2	2	1	1	2	2	2	2	2	2	2	1	2	2
GCA_000589595.1	2	2	2	2	1	1	2	2	2	2	2	2	2	1	2	2
GCA_000589615.1	2	2	2	2	1	1	2	2	2	2	2	2	2	1	2	2
GCA_000589635.1	2	2	2	2	1	1	2	2	2	2	2	2	2	1	2	2
GCA_000589355.1	2	2	2	2	1	1	2	2	2	2	2	2	2	1	2	2
GCA_000589375.1	2	2	2	2	1	2	2	2	2	2	2	2	2	2	2	2
GCA_000589395.1	2	2	2	2	1	2	2	2	2	2	2	2	2	2	2	2
GCA_000589415.1	2	2	2	2	1	2	2	2	2	2	2	2	2	2	2	2
GCA_000589435.1	2	2	2	2	1	2	2	2	2	2	2	2	2	2	2	2
GCA_000589455.1	2	2	2	2	1	2	2	2	2	2	2	2	2	2	2	2
GCA_000589075.1	2	2	2	2	1	2	2	2	2	2	2	2	2	2	2	2
GCA_000589275.1	2	2	2	2	1	1	2	2	2	2	2	2	2	1	2	2
GCA_000589295.1	2	2	2	2	1	1	2	2	2	2	2	2	2	1	2	2
GCA_000589315.1	2	2	2	2	1	1	2	2	2	2	2	2	2	1	2	2
GCA_000589835.1	2	2	2	2	1	1	2	2	2	2	2	2	2	1	2	2
GCA_000588935.1	2	2	2	2	1	1	2	2	2	2	2	2	2	1	2	2
GCA_000589715.1	2	2	2	2	1	1	2	2	2	2	2	2	2	1	2	2
GCA_000589735.1	2	2	2	2	1	1	2	2	2	2	2	2	2	1	2	2
GCA_000588915.1	2	2	2	2	1	1	2	2	2	2	2	2	2	1	2	2
GCA_000588895.1	2	2	2	2	1	1	2	2	2	2	2	2	2	1	2	2
GCA_000589775.1	2	2	2	2	1	1	2	2	2	2	2	2	2	1	2	2
GCA_000589795.1	2	2	2	2	1	1	2	2	2	2	2	2	2	1	2	2
GCA_000589815.1	2	2	2	2	1	1	2	2	2	2	2	2	2	1	2	2
GCA_000589755.1	2	2	2	2	1	1	2	2	2	2	2	2	2	1	2	2
GCA_000589655.1	2	2	2	2	1	1	2	2	2	2	2	2	2	1	2	2
GCA_000589675.1	2	2	2	2	1	1	2	2	2	2	2	2	2	1	2	2
GCA_000589695.1	2	2	2	2	1	1	2	2	2	2	2	2	2	1	2	2
GCA_000592075.1	2	2	2	2	1	2	2	2	2	2	2	2	2	2	2	2
GCA_000591995.1	2	2	2	2	1	2	2	2	2	2	2	2	2	2	2	2
GCA_000592015.1	2	2	2	2	1	2	2	2	2	2	2	2	2	2	2	2
GCA_000592415.1	2	2	2	2	1	2	2	2	2	2	2	2	2	2	2	2
GCA_000592355.1	2	2	2	2	1	2	2	2	2	2	2	2	2	2	2	2
GCA_000592235.1	2	2	2	2	1	2	2	2	2	2	2	2	2	2	2	2
GCA_000592315.1	2	2	2	2	1	2	2	2	2	2	2	2	2	2	2	2
GCA_000592395.1	2	2	2	2	1	2	2	2	2	2	2	2	2	2	2	2
GCA_000592375.1	2	2	2	2	1	2	2	2	2	2	2	2	2	2	2	2
GCA_000592095.1	2	2	2	2	1	2	2	2	2	2	2	2	2	2	2	2
GCA_000592115.1	2	2	2	2	1	2	2	2	2	2	2	2	2	2	2	2
GCA_000592135.1	2	2	2	2	1	2	2	2	2	2	2	2	2	2	2	2
GCA_000592155.1	2	2	2	2	1	2	2	2	2	2	2	2	2	2	2	2
GCA_000592175.1	2	2	2	2	1	2	2	2	2	2	2	2	2	2	2	2
GCA_000592195.1	2	2	2	2	1	2	2	2	2	2	2	2	2	2	2	2
GCA_000592215.1	2	2	2	2	1	2	2	2	2	2	2	2	2	2	2	2
GCA_000592035.1	2	2	2	2	1	2	2	2	2	2	2	2	2	2	2	2
GCA_000592055.1	2	2	2	2	1	1	2	2	2	2	2	2	2	1	2	2
GCA_000591695.1	2	2	2	2	1	2	2	2	2	2	2	2	2	2	2	2
GCA_000591575.1	2	2	2	2	1	1	2	2	2	2	2	2	2	1	2	2
GCA_000591795.1	2	2	2	2	1	1	2	2	2	2	2	2	2	1	2	2
GCA_000591655.1	2	2	2	2	1	1	2	2	2	2	2	2	2	1	2	2
GCA_000591675.1	2	2	2	2	1	1	2	2	2	2	2	2	2	1	2	2
GCA_000591635.1	2	2	2	2	1	1	2	2	2	2	2	2	2	1	2	2
GCA_000591595.1	2	2	2	2	1	1	2	2	2	2	2	2	2	1	2	2
GCA_000592755.1	2	2	2	2	1	1	2	2	2	2	2	2	2	1	2	2
GCA_000591615.1	2	2	2	2	1	1	2	2	2	2	2	2	2	1	2	2
GCA_000592515.1	2	2	2	2	1	2	2	2	2	2	2	2	2	2	2	2
GCA_000592535.1	2	2	2	2	1	2	2	2	2	2	2	2	2	2	2	2
GCA_000592555.1	2	2	2	2	1	2	2	2	2	2	2	2	2	2	2	2
GCA_000592575.1	2	2	2	2	1	2	2	2	2	2	2	2	2	2	2	2
GCA_000592595.1	2	2	2	2	1	2	2	2	2	2	2	2	2	2	2	2
GCA_000592615.1	2	2	2	2	1	2	2	2	2	2	2	2	2	2	2	2
GCA_000591835.1	2	2	2	2	1	1	2	2	2	2	2	2	2	1	2	2
GCA_000591735.1	2	2	2	2	1	1	2	2	2	2	2	2	2	1	2	2
GCA_000591855.1	2	2	2	2	1	1	2	2	2	2	2	2	2	1	2	2
GCA_000591875.1	2	2	2	2	1	1	2	2	2	2	2	2	2	1	2	2
GCA_000591815.1	2	2	2	2	1	1	2	2	2	2	2	2	2	1	2	2
GCA_000591715.1	2	2	2	2	1	1	2	2	2	2	2	2	2	1	2	2
GCA_000592655.1	2	2	2	2	1	1	2	2	2	2	2	2	2	1	2	2
GCA_000592675.1	2	2	2	2	1	1	2	2	2	2	2	2	2	1	2	2
GCA_000592695.1	2	2	2	2	1	1	2	2	2	2	2	2	2	1	2	2
GCA_000592715.1	2	2	2	2	1	1	2	2	2	2	2	2	2	1	2	2
GCA_000592735.1	2	2	2	2	1	1	2	2	2	2	2	2	2	1	2	2
GCA_000592435.1	2	2	2	2	1	1	2	2	2	2	2	2	2	1	2	2
GCA_000592455.1	2	2	2	2	1	1	2	2	2	2	2	2	2	1	2	2
GCA_000592475.1	2	2	2	2	1	1	2	2	2	2	2	2	2	1	2	2
GCA_000592495.1	2	2	2	2	1	1	2	2	2	2	2	2	2	1	2	2
GCA_000591955.1	2	2	2	2	1	1	2	2	2	2	2	2	2	1	2	2
GCA_000591935.1	2	2	2	2	1	1	2	2	2	2	2	2	2	1	2	2
GCA_000591895.1	2	2	2	2	1	1	2	2	2	2	2	2	2	1	2	2
GCA_000591915.1	2	2	2	2	1	1	2	2	2	2	2	2	2	1	2	2
GCA_000600755.1	2	2	2	2	1	2	2	2	2	2	2	2	2	2	2	2
GCA_000600775.1	2	2	2	2	1	2	2	2	2	2	2	2	2	2	2	2
GCA_000600735.1	2	2	2	2	1	2	2	2	2	2	2	2	2	2	2	2
GCA_000600795.1	2	2	2	2	1	2	2	2	2	2	2	2	2	2	2	2
GCA_000600815.1	2	2	2	2	1	2	2	2	2	2	2	2	2	2	2	2
GCA_000600835.1	2	2	2	2	1	2	2	2	2	2	2	2	2	2	2	2
GCA_000600855.1	2	2	2	2	1	2	2	2	2	2	2	2	2	2	2	2
GCA_000600875.1	2	2	2	2	1	2	2	2	2	2	2	2	2	2	2	2
GCA_000600895.1	2	2	2	2	1	2	2	2	2	2	2	2	2	2	2	2
GCA_000600415.1	2	2	2	2	1	2	2	2	2	2	2	2	2	2	2	2
GCA_000600395.1	2	2	2	2	1	2	2	2	2	2	2	2	2	2	2	2
GCA_000600455.1	2	2	2	2	1	2	2	2	2	2	2	2	2	2	2	2
GCA_000600375.1	2	2	2	2	1	1	2	2	2	2	2	2	2	1	2	2
GCA_000600915.1	2	2	2	2	1	1	2	2	2	2	2	2	2	1	2	2
GCA_000600935.1	2	2	2	2	1	1	2	2	2	2	2	2	2	1	2	2
GCA_000600435.1	2	2	2	2	1	1	2	2	2	2	2	2	2	1	2	2
GCA_000600475.1	2	2	2	2	1	1	2	2	2	2	2	2	2	1	2	2
GCA_000600495.1	2	2	2	2	1	1	2	2	2	2	2	2	2	1	2	2
GCA_000600515.1	2	2	2	2	1	1	2	2	2	2	2	2	2	1	2	2
GCA_000600535.1	2	2	2	2	1	1	2	2	2	2	2	2	2	1	2	2
GCA_000600555.1	2	2	2	2	1	1	2	2	2	2	2	2	2	1	2	2
GCA_000600575.1	2	2	2	2	1	1	2	2	2	2	2	2	2	1	2	2
GCA_000600595.1	2	2	2	2	1	1	2	2	2	2	2	2	2	1	2	2
GCA_000600615.1	2	2	2	2	1	1	2	2	2	2	2	2	2	1	2	2
GCA_000600635.1	2	2	2	2	1	1	2	2	2	2	2	2	2	1	2	2
GCA_000600655.1	2	2	2	2	1	1	2	2	2	2	2	2	2	1	2	2
GCA_000600675.1	2	2	2	2	1	1	2	2	2	2	2	2	2	1	2	2
GCA_000600695.1	2	2	2	2	1	1	2	2	2	2	2	2	2	1	2	2
GCA_000600715.1	2	2	2	2	1	1	2	2	2	2	2	2	2	1	2	2
GCA_000611065.1	2	2	2	2	1	2	2	2	2	2	2	2	2	2	2	2
GCA_000611105.1	2	2	2	2	1	2	2	2	2	2	2	2	2	2	2	2
GCA_000611085.1	2	2	2	2	1	2	2	2	2	2	2	2	2	2	2	2
GCA_000611045.1	2	2	2	2	1	2	2	2	2	2	2	2	2	2	2	2
GCA_000611545.1	2	2	2	2	1	2	2	2	2	2	2	2	2	2	2	2
GCA_000611205.1	2	2	2	2	1	2	2	2	2	2	2	2	2	2	2	2
GCA_000611225.1	2	2	2	2	1	2	2	2	2	2	2	2	2	2	2	2
GCA_000611365.1	2	2	2	2	1	2	2	2	2	2	2	2	2	2	2	2
GCA_000611185.1	2	2	2	2	1	2	2	2	2	2	2	2	2	2	2	2
GCA_000611465.1	2	2	2	2	1	2	2	2	2	2	2	2	2	2	2	2
GCA_000611425.1	2	2	2	2	1	2	2	2	2	2	2	2	2	2	2	2
GCA_000611385.1	2	2	2	2	1	2	2	2	2	2	2	2	2	2	2	2
GCA_000611265.1	2	2	2	2	1	2	2	2	2	2	2	2	2	2	2	2
GCA_000627615.1	2	2	2	2	1	1	2	2	2	2	2	2	2	1	2	2
GCA_000627495.1	2	2	2	2	1	1	2	2	2	2	2	2	2	1	2	2
GCA_000627515.1	2	2	2	2	1	1	2	2	2	2	2	2	2	1	2	2
GCA_000671495.1	2	2	2	2	1	1	2	2	2	2	2	2	2	1	2	2
GCA_000627535.1	2	2	2	2	1	1	2	2	2	2	2	2	2	1	2	2
GCA_000671535.1	2	2	2	2	1	1	2	2	2	2	2	2	2	1	2	2
GCA_000627555.1	2	2	2	2	1	1	2	2	2	2	2	2	2	1	2	2
GCA_000627575.1	2	2	2	2	1	1	2	2	2	2	2	2	2	1	2	2
GCA_000671555.1	2	2	2	2	1	1	2	2	2	2	2	2	2	1	2	2
GCA_000627595.1	2	2	2	2	1	1	2	2	2	2	2	2	2	1	2	2
GCA_000627355.1	2	2	2	2	1	1	2	2	2	2	2	2	2	1	2	2
GCA_000671515.1	2	2	2	2	1	1	2	2	2	2	2	2	2	1	2	2
GCA_000671575.1	2	2	2	2	1	1	2	2	2	2	2	2	2	1	2	2
GCA_000682275.1	2	2	2	2	1	1	2	2	2	2	2	2	2	1	2	2
GCA_000671595.1	2	2	2	2	1	1	2	2	2	2	2	2	2	1	2	2
GCA_000671615.1	2	2	2	2	1	1	2	2	2	2	2	2	2	1	2	2
GCA_000671635.1	2	2	2	2	1	1	2	2	2	2	2	2	2	1	2	2
GCA_000681755.1	2	2	2	2	1	1	2	2	2	2	2	2	2	1	2	2
GCA_000671475.1	2	2	2	2	1	1	2	2	2	2	2	2	2	1	2	2
GCA_000671415.1	2	2	2	2	1	1	2	2	2	2	2	2	2	1	2	2
GCA_000681775.1	2	2	2	2	1	1	2	2	2	2	2	2	2	1	2	2
GCA_000681795.1	2	2	2	2	1	1	2	2	2	2	2	2	2	1	2	2
GCA_000611165.1	2	2	2	2	1	2	2	2	2	2	2	2	2	2	2	2
GCA_000682175.1	2	2	2	2	1	2	2	2	2	2	2	2	2	2	2	2
GCA_000627395.1	2	2	2	2	1	2	2	2	2	2	2	2	2	2	2	2
GCA_000627335.1	2	2	2	2	1	1	2	2	2	2	2	2	2	1	2	2
GCA_000671655.1	2	2	2	2	1	1	2	2	2	2	2	2	2	1	2	2
GCA_000627675.1	2	2	2	2	1	1	2	2	2	2	2	2	2	1	2	2
GCA_000627695.1	2	2	2	2	1	1	2	2	2	2	2	2	2	1	2	2
GCA_000627715.1	2	2	2	2	1	1	2	2	2	2	2	2	2	1	2	2
GCA_000681615.1	2	2	2	2	1	2	2	2	2	2	2	2	2	2	2	2
GCA_000627635.1	2	2	2	2	1	2	2	2	2	2	2	2	2	2	2	2
GCA_000627655.1	2	2	2	2	1	2	2	2	2	2	2	2	2	2	2	2
GCA_000627735.1	2	2	2	2	1	1	2	2	2	2	2	2	2	1	2	2
GCA_000671675.1	2	2	2	2	1	1	2	2	2	2	2	2	2	1	2	2
GCA_000627755.1	2	2	2	2	1	1	2	2	2	2	2	2	2	1	2	2
GCA_000611485.1	2	2	2	2	1	1	2	2	2	2	2	2	2	1	2	2
GCA_000611285.1	2	2	2	2	1	1	2	2	2	2	2	2	2	1	2	2
GCA_000627775.1	2	2	2	2	1	1	2	2	2	2	2	2	2	1	2	2
GCA_000611305.1	2	2	2	2	1	1	2	2	2	2	2	2	2	1	2	2
GCA_000611505.1	2	2	2	2	1	1	2	2	2	2	2	2	2	1	2	2
GCA_000671435.1	2	2	2	2	1	1	2	2	2	2	2	2	2	1	2	2
GCA_000682115.1	2	2	2	2	1	1	2	2	2	2	2	2	2	1	2	2
GCA_000671455.1	2	2	2	2	1	2	2	2	2	2	2	2	2	2	2	2
GCA_000682655.1	2	2	2	2	1	2	2	2	2	2	2	2	2	2	2	2
GCA_000682535.1	2	2	2	2	1	2	2	2	2	2	2	2	2	2	2	2
GCA_000682555.1	2	2	2	2	1	2	2	2	2	2	2	2	2	2	2	2
GCA_000682575.1	2	2	2	2	1	2	2	2	2	2	2	2	2	2	2	2
GCA_000681675.1	2	2	2	2	1	2	2	2	2	2	2	2	2	2	2	2
GCA_000682015.1	2	2	2	2	1	1	2	2	2	2	2	2	2	1	2	2
GCA_000682035.1	2	2	2	2	1	1	2	2	2	2	2	2	2	1	2	2
GCA_000682055.1	2	2	2	2	1	1	2	2	2	2	2	2	2	1	2	2
GCA_000682075.1	2	2	2	2	1	1	2	2	2	2	2	2	2	1	2	2
GCA_000681715.1	2	2	2	2	1	2	2	2	2	2	2	2	2	2	2	2
GCA_000188215.1	2	2	2	2	1	2	2	2	2	2	2	2	2	2	2	2
GCA_000189695.2	2	2	2	2	1	2	2	2	2	2	2	2	2	2	2	2
GCA_000189675.2	2	2	2	2	1	2	2	2	2	2	2	2	2	2	2	2
GCA_000584015.2	2	2	2	2	1	2	2	2	2	2	2	2	2	2	2	2
GCA_000177695.1	2	2	2	2	1	2	2	2	2	2	2	2	2	2	2	2
GCA_000177735.1	2	2	2	2	1	2	2	2	2	2	2	2	2	2	2	2
GCA_000419405.1	2	2	2	2	1	2	2	2	2	2	2	2	2	2	2	2
GCA_000419425.1	2	2	2	2	1	2	2	2	2	2	2	2	2	2	2	2
GCA_000187205.4	2	2	2	2	1	2	2	2	2	2	2	2	2	2	2	2
GCA_000226275.2	2	2	2	2	1	2	2	2	2	2	2	2	2	2	2	2
GCA_000189735.2	2	2	2	2	1	2	2	2	2	2	2	2	2	2	2	2
GCA_000184475.2	2	2	2	2	1	2	2	2	2	2	2	2	2	2	2	2
GCA_000184495.2	2	2	2	2	1	2	2	2	2	2	2	2	2	2	2	2
GCA_000580375.1	2	2	2	2	0	2	2	2	2	2	2	2	2	2	2	2
GCA_000581675.1	2	2	2	2	0	2	2	2	2	2	2	2	2	2	2	2
GCA_000581315.1	2	2	2	2	0	2	2	2	2	2	2	2	2	2	2	2
GCA_000580775.1	2	2	2	2	0	2	2	2	2	2	2	2	2	2	2	2
GCA_000580795.1	2	2	2	2	0	2	2	2	2	2	2	2	2	2	2	2
GCA_000581055.1	2	2	2	2	0	2	2	2	2	2	2	2	2	2	2	2
GCA_000580815.1	2	2	2	2	0	2	2	2	2	2	2	2	2	2	2	2
GCA_000580515.1	2	2	2	2	0	2	2	2	2	2	2	2	2	2	2	2
GCA_000581075.1	2	2	2	2	0	2	2	2	2	2	2	2	2	2	2	2
GCA_000580875.1	2	2	2	2	0	0	2	2	2	2	2	2	2	0	2	2
GCA_000580595.1	2	2	2	2	0	0	2	2	2	2	2	2	2	0	2	2
GCA_000581135.1	2	2	2	2	0	0	2	2	2	2	2	2	2	0	2	2
GCA_000580915.1	2	2	2	2	0	2	2	2	2	2	2	2	2	2	2	2
GCA_000580615.1	2	2	2	2	0	0	2	2	2	2	2	2	2	0	2	2
GCA_000581155.1	2	2	2	2	0	0	2	2	2	2	2	2	2	0	2	2
GCA_000580655.1	2	2	2	2	0	2	2	2	2	2	2	2	2	2	2	2
GCA_000580975.1	2	2	2	2	0	0	2	2	2	2	2	2	2	0	2	2
GCA_000580695.1	2	2	2	2	0	0	2	2	2	2	2	2	2	0	2	2
GCA_000580995.1	2	2	2	2	0	0	2	2	2	2	2	2	2	0	2	2
GCA_000580715.1	2	2	2	2	0	0	2	2	2	2	2	2	2	0	2	2
GCA_000581255.1	2	2	2	2	0	0	2	2	2	2	2	2	2	0	2	2
GCA_000581295.1	2	2	2	2	0	0	2	2	2	2	2	2	2	0	2	2
GCA_000581735.1	2	2	2	2	0	0	2	2	2	2	2	2	2	0	2	2
GCA_000582115.1	2	2	2	2	0	1	2	2	2	2	2	2	2	1	2	2
GCA_000581755.1	2	2	2	2	0	0	2	2	2	2	2	2	2	0	2	2
GCA_000581775.1	2	2	2	2	0	0	2	2	2	2	2	2	2	0	2	2
GCA_000582155.1	2	2	2	2	0	0	2	2	2	2	2	2	2	0	2	2
GCA_000582175.1	2	2	2	2	0	0	2	2	2	2	2	2	2	0	2	2
GCA_000581995.1	2	2	2	2	0	0	2	2	2	2	2	2	2	0	2	2
GCA_000581855.1	2	2	2	2	0	0	2	2	2	2	2	2	2	0	2	2
GCA_000581875.1	2	2	2	2	0	0	2	2	2	2	2	2	2	0	2	2
GCA_000581895.1	2	2	2	2	0	0	2	2	2	2	2	2	2	0	2	2
GCA_000581915.1	2	2	2	2	0	0	2	2	2	2	2	2	2	0	2	2
GCA_000582965.2	2	2	2	2	0	0	2	2	2	2	2	2	2	0	2	2
GCA_000581955.1	2	2	2	2	0	0	2	2	2	2	2	2	2	0	2	2
GCA_000581975.1	2	2	2	2	0	0	2	2	2	2	2	2	2	0	2	2
GCA_000582355.1	2	2	2	2	0	0	2	2	2	2	2	2	2	0	2	2
GCA_000584695.1	2	2	2	2	0	0	2	2	2	2	2	2	2	0	2	2
GCA_000584515.2	2	2	2	2	0	0	2	2	2	2	2	2	2	0	2	2
GCA_000584455.1	2	2	2	2	0	1	2	2	2	2	2	2	2	0	2	2
GCA_000584415.1	2	2	2	2	0	0	2	2	2	2	2	2	2	0	2	2
GCA_000584355.1	2	2	2	2	0	0	2	2	2	2	2	2	2	0	2	2
GCA_000584335.1	2	2	2	2	0	0	2	2	2	2	2	2	2	0	2	2
GCA_000584315.1	2	2	2	2	0	0	2	2	2	2	2	2	2	0	2	2
GCA_000584175.1	2	2	2	2	0	0	2	2	2	2	2	2	2	0	2	2
GCA_000584095.1	2	2	2	2	0	0	2	2	2	2	2	2	2	0	2	2
GCA_000588675.1	2	2	2	2	0	2	2	2	2	2	2	2	2	2	2	2
GCA_000588655.1	2	2	2	2	0	2	2	2	2	2	2	2	2	2	2	2
GCA_000588135.1	2	2	2	2	0	2	2	2	2	2	2	2	2	2	2	2
GCA_000588755.1	2	2	2	2	0	2	2	2	2	2	2	2	2	2	2	2
GCA_000588575.2	2	2	2	2	0	2	2	2	2	2	2	2	2	2	2	2
GCA_000587875.1	2	2	2	2	0	2	2	2	2	2	2	2	2	2	2	2
GCA_000588195.1	2	2	2	2	0	2	2	2	2	2	2	2	2	2	2	2
GCA_000588055.1	2	2	2	2	0	2	2	2	2	2	2	2	2	2	2	2
GCA_000588035.1	2	2	2	2	0	2	2	2	2	2	2	2	2	2	2	2
GCA_000588275.1	2	2	2	2	0	2	2	2	2	2	2	2	2	2	2	2
GCA_000588315.1	2	2	2	2	0	2	2	2	2	2	2	2	2	2	2	2
GCA_000588475.1	2	2	2	2	0	2	2	2	2	2	2	2	2	2	2	2
GCA_000588375.1	2	2	2	2	0	2	2	2	2	2	2	2	2	2	2	2
GCA_000682435.1	2	2	2	2	0	0	2	2	2	2	2	2	2	0	2	2
GCA_000682475.1	2	2	2	2	0	0	2	2	2	2	2	2	2	0	2	2
GCA_000681555.1	2	2	2	2	0	0	2	2	2	2	2	2	2	0	2	2
GCA_000682335.1	2	2	2	2	0	2	2	2	2	2	2	2	2	2	2	2
GCA_000681575.1	2	2	2	2	0	0	2	2	2	2	2	2	2	0	2	2
GCA_000682415.1	2	2	2	2	0	0	2	2	2	2	2	2	2	0	2	2
GCA_016536895.2	2	2	2	2	0	0	2	2	2	2	2	2	0	0	2	2
GCA_016536845.2	2	2	2	2	0	0	0	2	2	2	2	2	2	0	2	2
GCA_016536395.2	2	2	2	2	0	2	1	2	2	2	2	2	2	2	2	2
GCA_016536235.2	2	2	2	2	0	2	2	1	2	2	2	2	2	0	2	2
GCA_016536025.2	2	2	2	2	0	2	1	1	2	2	2	2	2	0	2	2
GCA_016535945.2	2	2	2	2	0	2	1	2	2	2	2	2	2	0	2	2
GCA_016537535.2	2	2	2	2	0	0	1	2	2	2	2	2	2	2	2	2
GCA_000581435.1	2	2	2	2	0	0	2	2	2	2	2	2	2	0	2	2
GCA_000583375.1	2	2	2	2	0	0	2	2	2	2	2	2	2	0	2	2
GCA_016537895.2	2	2	2	2	0	0	0	1	2	2	2	2	0	2	1	2
GCA_016536325.2	2	2	2	2	0	2	1	2	2	2	2	2	2	0	2	2
GCA_000588715.2	2	2	2	2	0	2	2	2	2	2	2	2	2	2	2	2
GCA_000588095.1	2	2	2	2	0	2	2	2	2	2	2	2	2	2	2	2
GCA_000587995.1	2	2	2	2	0	2	2	2	2	2	2	2	2	2	2	2
GCA_000582235.1	2	2	2	2	0	2	2	2	2	2	2	2	2	2	2	2
GCA_000584575.1	2	2	2	2	0	2	2	2	2	2	2	2	2	2	2	2
GCA_000584615.1	2	2	2	2	0	2	2	2	2	2	2	2	2	2	2	2
GCA_000681815.1	2	2	2	2	0	2	2	2	2	2	2	2	2	2	2	2
GCA_000588595.1	2	2	2	2	0	2	2	2	2	2	2	2	2	2	2	2
GCA_000580855.1	2	2	2	2	0	2	2	2	2	2	2	2	2	2	2	2
GCA_000588015.1	2	2	2	2	0	2	2	2	2	2	2	2	2	2	2	2
GCA_000582925.1	2	2	2	2	0	2	2	2	2	2	2	2	2	2	2	2
GCA_000581095.1	2	2	2	2	0	2	2	2	2	2	2	2	2	2	2	2
GCA_000581115.1	2	2	2	2	0	2	2	2	2	2	2	2	2	2	2	2
GCA_000588255.1	2	2	2	2	0	2	2	2	2	2	2	2	2	2	2	2
GCA_000681535.1	2	2	2	2	0	2	2	2	2	2	2	2	2	2	2	2
GCA_000580635.1	2	2	2	2	0	2	2	2	2	2	2	2	2	2	2	2
GCA_000580955.1	2	2	2	2	0	2	2	2	2	2	2	2	2	2	2	2
GCA_000581835.1	2	2	2	2	0	2	2	2	2	2	2	2	2	2	2	2
GCA_000584815.2	2	2	2	2	0	2	2	2	2	2	2	2	2	2	2	2
GCA_000582255.1	2	2	2	2	0	2	2	2	2	2	2	2	2	2	2	2
GCA_000682515.1	2	2	2	2	0	2	2	2	2	2	2	2	2	2	2	2
GCA_000582075.1	2	2	2	2	0	2	2	2	2	2	2	2	2	2	2	2
GCA_000582315.2	2	2	2	2	0	2	2	2	2	2	2	2	2	2	2	2
GCA_000584795.1	2	2	2	2	0	2	2	2	2	2	2	2	2	2	2	2
GCA_000580675.1	2	2	2	2	0	2	2	2	2	2	2	2	2	2	2	2
GCA_000588415.1	2	2	2	2	0	2	2	2	2	2	2	2	2	2	2	2
GCA_000581195.1	2	2	2	2	0	2	2	2	2	2	2	2	2	2	2	2
GCA_000582095.1	2	2	2	2	0	2	2	2	2	2	2	2	2	2	2	2
GCA_000583395.1	2	2	2	2	0	2	2	2	2	2	2	2	2	2	2	2
GCA_000581215.1	2	2	2	2	0	2	2	2	2	2	2	2	2	2	2	2
GCA_000581715.1	2	2	2	2	0	2	2	2	2	2	2	2	2	2	2	2
GCA_000584255.1	2	2	2	2	0	2	2	2	2	2	2	2	2	2	2	2
GCA_000584215.1	2	2	2	2	0	2	2	2	2	2	2	2	2	2	2	2
GCA_000682355.1	2	2	2	2	0	2	2	2	2	2	2	2	2	2	2	2
GCA_000588535.1	2	2	2	2	0	2	2	2	2	2	2	2	2	2	2	2
GCA_000582055.1	2	2	2	2	0	2	2	2	2	2	2	2	2	2	2	2
GCA_000682615.1	2	2	2	2	0	2	2	2	2	2	2	2	2	2	2	2
GCA_000581275.1	2	2	2	2	0	2	2	2	2	2	2	2	2	2	2	2
GCA_000588515.1	2	2	2	2	0	2	2	2	2	2	2	2	2	2	2	2
GCA_000581035.1	2	2	2	2	0	2	2	2	2	2	2	2	2	2	2	2
GCA_000588395.1	2	2	2	2	0	2	2	2	2	2	2	2	2	2	2	2
GCA_000588335.1	2	2	2	2	0	2	2	2	2	2	2	2	2	2	2	2
GCA_000582195.1	2	2	2	2	0	2	2	2	2	2	2	2	2	2	2	2
GCA_000582135.1	2	2	2	2	0	2	2	2	2	2	2	2	2	2	2	2
GCA_000692095.1	2	2	2	2	2	1	2	2	2	2	2	0	2	2	2	2
GCA_016541465.2	2	2	2	2	2	1	1	2	2	2	2	2	0	2	0	2
GCA_016540145.2	2	2	2	2	2	1	1	2	2	2	2	2	2	2	2	2
GCA_016536985.2	2	2	2	2	2	1	0	2	2	2	2	2	2	2	2	2
GCA_016535445.2	2	2	2	2	2	1	1	2	2	2	2	2	2	2	2	2
GCA_016541585.2	2	2	2	2	2	1	1	0	2	2	2	2	0	2	1	2
GCA_016541205.2	2	2	2	2	2	1	1	1	2	2	2	2	0	2	1	2
GCA_016541005.2	2	2	2	2	2	1	1	1	2	2	2	2	1	2	1	2
GCA_016540845.2	2	2	2	2	2	1	1	2	2	2	1	2	1	2	1	2
GCA_016540255.2	2	2	2	2	2	1	2	2	2	2	2	2	1	2	2	2
GCA_016540055.2	2	2	2	2	2	1	1	1	2	2	2	2	1	2	1	2
GCA_016538975.2	2	2	2	2	2	1	1	2	2	2	2	2	0	2	1	2
GCA_016538885.2	2	2	2	2	2	1	1	2	2	2	2	2	0	2	1	2
GCA_016538265.2	2	2	2	2	2	1	1	1	2	2	2	2	0	2	1	2
GCA_016535825.2	2	2	2	2	2	1	1	2	2	2	2	2	1	2	1	2
GCA_016535805.2	2	2	2	2	2	1	0	2	2	2	2	2	1	2	1	2
GCA_016535645.2	2	2	2	2	2	1	1	2	2	2	2	2	1	2	1	2
GCA_016538425.2	2	2	2	2	2	0	2	2	2	2	2	2	2	0	2	2
GCA_047227755.2	2	2	2	2	2	2	1	1	2	2	2	2	2	2	2	2
GCA_001441645.1	2	2	2	2	2	2	1	1	2	2	2	2	2	2	2	2
GCA_001444215.1	2	2	2	2	2	2	1	1	2	2	2	2	0	2	2	1
GCA_016540985.2	2	2	2	2	2	2	1	1	2	2	2	2	2	2	2	2
GCA_016540865.2	2	2	2	2	2	2	1	1	2	2	2	2	0	2	2	1
GCA_016539385.2	2	2	2	2	2	2	1	2	2	2	2	2	2	2	2	2
GCA_016535685.2	2	2	2	2	2	2	1	2	2	2	2	2	2	2	2	2
GCA_016535545.2	2	2	2	2	2	2	1	2	2	2	2	2	2	2	2	2
GCA_016535705.2	2	2	2	2	2	2	1	2	2	2	2	2	2	2	2	2
