	tobramycin	ciprofloxacin	meropenem	ceftazidime	amikacin	gentamicin	imipenem	levofloxacin	cefepime	colistin	ceftolozane_tazobactam	piperacillin_tazobactam	ceftazidime_avibactam	aztreonam
GCA_023917945.1	1	1	1	1	2	2	2	2	2	2	2	2	2	2
GCA_023916425.1	1	1	1	1	2	2	2	2	2	2	2	2	2	2
GCA_023946275.1	1	1	1	0	2	2	2	2	2	2	0	2	0	2
GCA_023916225.1	1	1	1	1	2	2	2	2	2	2	1	2	1	2
GCA_023937205.1	1	1	1	1	2	2	2	2	2	2	2	2	2	2
GCA_023935505.1	1	1	1	1	2	2	2	2	2	2	2	2	2	2
GCA_023934985.1	1	1	1	0	2	2	2	2	2	2	2	2	2	2
GCA_000481885.1	1	1	2	1	1	1	1	1	2	0	2	2	2	2
GCA_000481785.1	1	1	2	0	0	1	0	1	2	0	2	2	2	2
GCA_000481745.1	1	0	2	0	0	1	0	0	2	0	2	2	2	2
GCA_000481565.1	1	1	2	1	1	1	1	1	2	1	2	2	2	2
GCA_000480805.1	1	1	2	0	0	1	1	1	2	0	2	2	2	2
GCA_001875165.1	1	1	1	1	0	1	1	1	1	0	1	1	1	1
GCA_001874955.1	1	1	1	1	1	1	1	1	1	0	1	1	0	1
GCA_001874805.1	1	1	1	1	1	1	1	1	1	0	1	1	1	1
GCA_001874975.1	1	1	1	1	1	1	1	1	1	2	1	1	1	1
GCA_001874795.1	1	1	1	1	1	1	1	1	1	0	1	2	1	1
GCA_001874995.1	1	1	1	1	0	1	2	1	1	2	0	2	0	1
GCA_003204335.1	1	1	1	1	1	1	1	1	1	0	2	1	1	0
GCA_003571805.1	1	1	1	1	1	1	1	1	1	0	1	1	1	0
GCA_002968695.1	1	1	1	1	1	1	1	1	1	0	1	1	1	0
GCA_003324405.1	1	1	1	1	1	1	1	1	1	0	1	1	1	1
GCA_003000795.1	1	1	1	1	1	1	1	1	1	0	2	1	1	1
GCA_002968655.1	1	1	1	1	1	1	1	1	1	2	1	1	0	1
GCA_002968585.1	1	1	1	1	0	1	1	1	2	2	2	1	0	2
GCA_002968755.1	1	0	1	1	0	1	1	0	1	0	1	1	0	1
GCA_002968955.1	1	1	1	1	1	1	1	1	1	0	1	1	2	1
GCA_003000755.1	1	0	1	1	0	1	1	0	1	0	1	1	0	1
GCA_003073895.1	1	1	1	1	1	1	1	1	1	0	1	0	1	0
GCA_003073795.1	1	0	1	1	0	1	1	0	1	0	2	1	1	1
GCA_003074115.1	1	1	1	1	2	1	1	1	1	2	1	1	1	1
GCA_003073615.1	1	1	1	1	1	1	1	1	1	0	1	1	1	1
GCA_003073735.1	1	1	1	1	1	1	1	1	1	0	0	1	1	1
GCA_003324385.1	1	1	1	1	0	1	1	1	1	0	1	1	0	1
GCA_003324275.1	1	1	1	1	0	0	1	1	1	0	1	1	1	1
GCA_003288335.1	1	1	1	1	1	1	1	1	1	0	2	1	1	1
GCA_001875215.1	1	1	1	1	1	1	1	1	1	0	2	1	1	0
GCA_003073695.1	1	2	1	1	2	1	1	2	1	0	1	1	2	1
GCA_003969955.1	1	1	1	0	1	1	1	1	1	2	2	0	2	1
GCA_003970615.1	1	1	1	0	0	1	1	1	0	2	2	0	2	1
GCA_003969855.1	1	1	1	1	0	1	1	1	1	2	2	1	2	1
GCA_003969715.1	1	1	1	0	1	1	1	1	1	2	2	0	2	0
GCA_003969695.1	1	1	1	1	0	1	1	1	1	2	2	1	2	1
GCA_003969165.1	1	1	0	0	0	1	0	1	0	2	2	0	2	0
GCA_003969175.1	1	1	1	0	0	1	1	1	0	2	2	0	2	0
GCA_003969105.1	1	1	0	1	1	1	1	1	1	2	2	1	2	1
GCA_003968395.1	1	1	1	1	1	1	1	1	1	2	2	1	2	1
GCA_003969055.1	1	1	1	0	0	1	1	1	0	2	2	0	2	1
GCA_003969615.1	1	1	0	1	0	0	0	0	0	2	2	0	2	0
GCA_003969555.1	1	1	0	0	0	0	0	1	0	2	2	0	2	1
GCA_003968315.1	1	1	1	0	0	1	1	1	1	2	2	1	2	1
GCA_003968295.1	1	1	1	1	1	1	1	1	1	2	2	1	2	1
GCA_003968225.1	1	1	1	1	0	1	1	1	1	2	2	1	2	1
GCA_003968215.1	1	1	1	1	1	1	1	1	1	2	2	1	2	1
GCA_003968155.1	1	1	1	1	0	1	1	1	1	2	2	1	2	1
GCA_003968165.1	1	1	1	1	0	1	1	1	1	2	2	1	2	1
GCA_003968495.1	1	1	1	0	0	0	1	1	1	2	2	1	2	1
GCA_003968475.1	1	1	1	1	0	1	1	1	1	2	2	1	2	1
GCA_003968055.1	1	1	1	0	0	1	1	1	1	2	2	1	2	1
GCA_003968015.1	1	1	1	1	1	1	1	1	1	2	2	1	2	1
GCA_003968025.1	1	1	1	0	0	1	1	1	0	2	2	1	2	0
GCA_003968425.1	1	0	1	1	0	1	1	0	1	2	2	0	2	0
GCA_007567285.1	1	0	0	2	0	0	0	0	1	2	2	2	2	2
GCA_019740495.1	1	1	1	1	1	1	1	1	1	1	1	1	1	1
GCA_024720575.1	1	1	2	2	1	1	1	2	1	2	2	2	2	2
GCA_024720245.1	1	1	2	2	2	1	1	2	0	2	2	2	2	2
GCA_024720155.1	1	1	2	2	2	1	1	2	0	2	2	2	2	2
GCA_024720115.1	1	1	2	2	0	1	1	2	1	2	2	2	2	2
GCA_024720095.1	1	1	2	2	2	1	1	2	1	2	2	2	2	2
GCA_024720065.1	1	1	2	2	1	1	1	2	2	2	2	0	2	2
GCA_024719995.1	1	1	2	2	2	1	0	2	1	2	2	0	2	2
GCA_024719975.1	1	1	2	2	2	1	1	2	2	2	2	0	2	2
GCA_024719925.1	1	1	2	2	2	1	1	2	1	2	2	0	2	1
GCA_024719875.1	1	1	2	2	2	1	0	2	1	2	2	0	2	2
GCA_024719835.1	1	1	2	2	2	1	1	2	1	2	2	2	2	2
GCA_024719795.1	1	1	2	2	2	1	0	2	1	2	2	2	2	2
GCA_024719725.1	1	1	2	2	2	1	1	2	0	2	2	2	2	2
GCA_024719675.1	1	1	2	2	2	1	1	2	0	2	2	0	2	2
GCA_024719655.1	1	1	2	2	2	1	1	2	0	2	2	2	2	2
GCA_024719455.1	1	1	1	1	1	1	1	1	1	2	2	1	2	1
GCA_024719495.1	1	1	2	2	2	1	1	2	1	2	2	2	2	2
GCA_024719405.1	1	1	2	2	2	1	1	2	1	2	2	1	2	2
GCA_024719375.1	1	1	2	2	0	1	1	2	0	2	2	2	2	2
GCA_024719355.1	1	1	2	2	0	1	2	2	0	2	2	1	2	2
GCA_024719295.1	1	1	2	2	2	1	1	2	1	2	2	1	2	2
GCA_024719275.1	1	1	2	2	2	1	1	2	0	2	2	0	2	2
GCA_024719195.1	1	1	2	2	0	1	1	2	2	2	2	1	2	2
GCA_024719065.1	1	1	2	2	2	1	2	2	2	2	2	1	2	2
GCA_024719005.1	1	1	2	2	0	1	1	2	1	2	2	2	2	2
GCA_024718985.1	1	1	2	1	0	1	2	2	1	2	2	1	2	2
GCA_024718935.1	1	1	1	1	0	1	1	2	0	2	2	1	2	1
GCA_024718915.1	1	1	2	2	2	1	2	2	0	2	2	1	2	1
GCA_024718815.1	1	1	2	2	2	1	1	2	1	2	2	2	2	2
GCA_024718715.1	1	1	2	2	2	1	1	2	1	2	2	1	2	2
GCA_024718585.1	1	1	2	2	0	1	1	2	0	2	2	2	2	2
GCA_024717345.1	1	1	2	2	0	1	1	2	0	2	2	2	2	2
GCA_024717315.1	1	1	2	2	2	1	1	2	0	2	2	1	2	2
GCA_024717285.1	1	1	2	2	2	1	1	2	0	2	2	1	2	2
GCA_024717115.1	1	1	2	0	2	1	1	1	0	2	2	1	2	2
GCA_024716815.1	1	1	2	0	2	1	1	1	0	2	2	1	2	2
GCA_029568485.1	1	1	1	1	1	1	2	1	1	0	1	1	1	1
GCA_030253475.1	1	1	1	1	1	1	1	1	1	1	1	1	1	1
GCA_029635965.2	1	1	1	1	0	1	2	1	1	2	2	1	2	2
GCA_030504675.1	1	1	1	1	1	2	1	1	1	0	2	1	2	1
GCA_030504695.1	1	1	1	1	1	2	1	1	1	0	2	1	2	1
GCA_032335095.2	1	1	1	1	1	1	2	1	1	2	2	1	2	2
GCA_037104425.1	1	1	1	1	1	2	1	1	1	0	2	1	0	1
GCA_037104415.1	1	1	1	1	1	2	1	1	1	0	2	1	0	1
GCA_037104505.1	1	1	1	1	1	2	1	1	1	0	2	1	0	1
GCA_037104435.1	1	1	1	1	1	2	1	1	1	0	2	1	0	1
GCA_048799215.1	1	2	2	0	2	2	2	2	2	1	2	2	2	2
GCA_048799145.1	1	2	2	0	2	2	2	2	2	1	2	2	2	2
GCA_023932685.1	0	0	1	1	2	2	2	2	2	2	2	2	2	2
GCA_023941225.1	0	1	1	0	2	2	2	2	2	2	2	2	2	2
GCA_023936745.1	0	0	0	0	2	2	2	2	2	2	2	2	2	2
GCA_023915865.1	0	0	0	0	2	2	2	2	2	2	2	2	2	2
GCA_023936365.1	0	1	1	1	2	2	2	2	2	2	1	2	0	2
GCA_023917625.1	0	1	1	1	2	2	2	2	2	2	0	2	0	2
GCA_023939225.1	0	1	1	1	2	2	2	2	2	2	0	2	1	2
GCA_023937385.1	0	1	0	0	2	2	2	2	2	2	2	2	2	2
GCA_023945225.1	0	1	1	1	2	2	2	2	2	2	2	2	2	2
GCA_023917045.1	0	0	0	0	2	2	2	2	2	2	2	2	2	2
GCA_023924425.1	0	0	1	1	2	2	2	2	2	2	2	2	2	2
GCA_000482025.1	0	0	2	0	0	0	0	0	2	0	2	2	2	2
GCA_000481985.1	0	0	2	0	0	0	0	0	2	0	2	2	2	2
GCA_000481965.1	0	0	2	0	0	0	0	0	2	0	2	2	2	2
GCA_000481945.1	0	0	2	0	0	0	0	0	2	0	2	2	2	2
GCA_000481925.1	0	0	2	0	0	0	0	0	2	0	2	2	2	2
GCA_000481905.1	0	1	2	0	0	0	0	1	2	0	2	2	2	2
GCA_000481865.1	0	1	2	0	0	0	0	1	2	0	2	2	2	2
GCA_000481845.1	0	0	2	0	0	0	0	0	2	1	2	2	2	2
GCA_000481825.1	0	1	2	1	0	0	0	1	2	0	2	2	2	2
GCA_000481805.1	0	0	2	0	0	0	0	0	2	0	2	2	2	2
GCA_000481765.1	0	0	2	0	0	0	0	0	2	0	2	2	2	2
GCA_000481725.1	0	1	2	0	0	0	0	1	2	0	2	2	2	2
GCA_000481705.1	0	1	2	0	0	0	1	1	2	0	2	2	2	2
GCA_000481685.1	0	1	2	1	0	0	0	1	2	1	2	2	2	2
GCA_000481665.1	0	1	2	0	0	0	1	1	2	0	2	2	2	2
GCA_000481645.1	0	1	2	0	0	0	1	1	2	1	2	2	2	2
GCA_000481625.1	0	0	2	0	0	0	0	0	2	1	2	2	2	2
GCA_000481585.1	0	1	2	1	0	1	1	1	2	1	2	2	2	2
GCA_000481545.1	0	0	2	0	1	1	0	1	2	0	2	2	2	2
GCA_000481525.1	0	0	2	0	0	0	0	0	2	0	2	2	2	2
GCA_000481505.1	0	0	2	0	0	0	0	0	2	0	2	2	2	2
GCA_000481485.1	0	0	2	0	0	0	0	0	2	0	2	2	2	2
GCA_000481465.1	0	0	2	0	0	0	1	0	2	0	2	2	2	2
GCA_000481445.1	0	0	2	0	0	0	0	0	2	0	2	2	2	2
GCA_000481425.1	0	0	2	0	0	0	0	0	2	0	2	2	2	2
GCA_000481405.1	0	0	2	1	0	0	0	0	2	0	2	2	2	2
GCA_000481385.1	0	0	2	0	0	0	0	0	2	0	2	2	2	2
GCA_000481365.1	0	1	2	0	0	0	0	1	2	0	2	2	2	2
GCA_000481345.1	0	0	2	1	0	0	0	0	2	0	2	2	2	2
GCA_000481325.1	0	0	2	0	0	0	0	0	2	1	2	2	2	2
GCA_000481305.1	0	0	2	0	0	0	0	0	2	0	2	2	2	2
GCA_000481285.1	0	0	2	0	0	0	1	0	2	0	2	2	2	2
GCA_000481265.1	0	0	2	0	0	0	0	0	2	0	2	2	2	2
GCA_000481245.1	0	0	2	0	0	0	0	0	2	0	2	2	2	2
GCA_000481225.1	0	0	2	0	0	0	0	0	2	0	2	2	2	2
GCA_000481205.1	0	0	2	0	0	0	0	0	2	1	2	2	2	2
GCA_000481185.1	0	1	2	0	1	0	1	0	2	0	2	2	2	2
GCA_000481165.1	0	0	2	0	0	0	0	0	2	0	2	2	2	2
GCA_000481145.1	0	0	2	0	0	0	0	0	2	0	2	2	2	2
GCA_000520455.1	0	0	2	0	0	0	0	0	2	0	2	2	2	2
GCA_000520435.1	0	0	2	0	0	0	0	0	2	0	2	2	2	2
GCA_000520415.1	0	0	2	0	0	0	0	0	2	0	2	2	2	2
GCA_000520395.1	0	0	2	0	0	0	0	0	2	0	2	2	2	2
GCA_000520375.1	0	1	2	0	0	0	0	1	2	0	2	2	2	2
GCA_000520355.1	0	0	2	0	0	0	1	0	2	0	2	2	2	2
GCA_000520335.1	0	0	2	0	0	0	0	0	2	0	2	2	2	2
GCA_000520315.1	0	0	2	0	0	0	0	1	2	0	2	2	2	2
GCA_000520295.1	0	0	2	0	0	0	0	0	2	0	2	2	2	2
GCA_000520275.1	0	0	2	0	0	0	0	0	2	0	2	2	2	2
GCA_000520255.1	0	0	2	0	0	0	0	0	2	0	2	2	2	2
GCA_000520235.1	0	1	2	0	0	0	0	1	2	0	2	2	2	2
GCA_000481125.1	0	0	2	0	0	0	0	0	2	0	2	2	2	2
GCA_000481105.1	0	0	2	0	0	0	0	0	2	0	2	2	2	2
GCA_000481085.1	0	1	2	0	0	0	0	1	2	0	2	2	2	2
GCA_000481065.1	0	0	2	0	0	0	0	0	2	0	2	2	2	2
GCA_000481045.1	0	0	2	0	0	0	0	0	2	1	2	2	2	2
GCA_000481025.1	0	0	2	0	0	0	0	0	2	0	2	2	2	2
GCA_000481005.1	0	1	2	1	0	0	0	1	2	1	2	2	2	2
GCA_000480985.1	0	0	2	0	0	0	0	0	2	0	2	2	2	2
GCA_000480965.1	0	0	2	0	0	0	0	0	2	0	2	2	2	2
GCA_000480945.1	0	0	2	0	0	0	0	0	2	0	2	2	2	2
GCA_000480925.1	0	0	2	0	0	0	0	0	2	0	2	2	2	2
GCA_000480905.1	0	0	2	0	0	0	1	0	2	0	2	2	2	2
GCA_000480885.1	0	0	2	0	0	0	0	0	2	0	2	2	2	2
GCA_000480865.1	0	0	2	0	0	0	1	0	2	0	2	2	2	2
GCA_000480845.1	0	0	2	0	0	0	0	0	2	0	2	2	2	2
GCA_000480825.1	0	0	2	0	0	0	0	0	2	0	2	2	2	2
GCA_000480785.1	0	0	2	0	0	0	0	0	2	1	2	2	2	2
GCA_000480765.1	0	0	2	0	0	0	0	0	2	0	2	2	2	2
GCA_000480745.1	0	0	2	0	0	0	0	0	2	0	2	2	2	2
GCA_000480725.1	0	0	2	0	0	0	0	0	2	0	2	2	2	2
GCA_000480705.1	0	0	2	0	0	0	0	0	2	0	2	2	2	2
GCA_000480685.1	0	0	2	0	0	0	0	0	2	0	2	2	2	2
GCA_000480665.1	0	0	2	0	0	0	0	0	2	0	2	2	2	2
GCA_000480645.1	0	0	2	0	0	0	0	0	2	0	2	2	2	2
GCA_000480615.1	0	0	2	0	0	0	0	0	2	0	2	2	2	2
GCA_000480595.1	0	0	2	0	0	0	0	0	2	0	2	2	2	2
GCA_000480575.1	0	0	2	0	0	0	0	0	2	0	2	2	2	2
GCA_000480555.1	0	0	2	0	0	0	0	0	2	0	2	2	2	2
GCA_000480535.1	0	0	2	0	0	0	0	0	2	0	2	2	2	2
GCA_000480515.1	0	0	2	0	0	0	0	0	2	0	2	2	2	2
GCA_000480495.1	0	0	2	0	0	0	0	0	2	0	2	2	2	2
GCA_000480475.1	0	0	2	0	0	0	0	0	2	0	2	2	2	2
GCA_000480455.1	0	0	2	0	0	0	0	0	2	0	2	2	2	2
GCA_000480435.1	0	0	2	0	0	0	0	0	2	0	2	2	2	2
GCA_000480415.1	0	0	2	0	0	0	0	0	2	0	2	2	2	2
GCA_000480395.1	0	0	2	0	0	0	0	0	2	0	2	2	2	2
GCA_000520195.1	0	0	2	0	0	0	0	0	2	0	2	2	2	2
GCA_000520175.1	0	0	2	0	0	0	0	0	2	0	2	2	2	2
GCA_000629605.1	0	1	2	0	0	0	0	1	2	0	2	2	2	2
GCA_000629585.1	0	0	2	0	0	0	0	1	2	0	2	2	2	2
GCA_000629565.1	0	0	2	0	0	0	0	0	2	0	2	2	2	2
GCA_000629545.1	0	0	2	0	0	0	0	0	2	0	2	2	2	2
GCA_000629525.1	0	1	2	0	0	0	1	1	2	0	2	2	2	2
GCA_000629505.1	0	0	2	0	0	0	0	0	2	0	2	2	2	2
GCA_000629485.1	0	0	2	0	0	0	0	0	2	0	2	2	2	2
GCA_000629465.1	0	0	2	0	0	0	1	0	2	0	2	2	2	2
GCA_000629445.1	0	0	2	0	0	0	1	0	2	0	2	2	2	2
GCA_000629425.1	0	0	2	0	0	0	0	0	2	0	2	2	2	2
GCA_000629405.1	0	0	2	0	0	0	0	0	2	0	2	2	2	2
GCA_000629385.1	0	1	2	0	0	0	1	1	2	0	2	2	2	2
GCA_000629365.1	0	0	2	0	0	0	0	0	2	0	2	2	2	2
GCA_000629345.1	0	0	2	0	0	0	0	1	2	1	2	2	2	2
GCA_000629325.1	0	0	2	0	0	0	0	0	2	0	2	2	2	2
GCA_000629305.1	0	0	2	0	0	0	0	0	2	0	2	2	2	2
GCA_000629285.1	0	0	2	0	0	0	0	0	2	0	2	2	2	2
GCA_000629265.1	0	0	2	0	0	0	0	0	2	0	2	2	2	2
GCA_000629245.1	0	0	2	0	0	0	0	0	2	0	2	2	2	2
GCA_000629225.1	0	0	2	0	0	0	0	0	2	1	2	2	2	2
GCA_000629205.1	0	0	2	0	0	0	0	0	2	0	2	2	2	2
GCA_000629185.1	0	0	2	0	0	0	0	0	2	0	2	2	2	2
GCA_000629165.1	0	0	2	0	0	0	0	0	2	0	2	2	2	2
GCA_000629145.1	0	0	2	0	0	0	0	0	2	0	2	2	2	2
GCA_000629125.1	0	0	2	0	0	0	0	0	2	0	2	2	2	2
GCA_000629105.1	0	0	2	0	0	0	0	0	2	0	2	2	2	2
GCA_000629085.1	0	0	2	0	0	0	0	0	2	0	2	2	2	2
GCA_000629065.1	0	0	2	0	0	0	0	0	2	0	2	2	2	2
GCA_000629045.1	0	0	2	0	0	0	0	0	2	0	2	2	2	2
GCA_000629025.1	0	0	2	0	0	0	0	0	2	0	2	2	2	2
GCA_001875185.1	0	1	1	1	0	0	1	1	1	0	1	1	1	1
GCA_001875205.1	0	1	1	1	1	1	1	1	1	0	1	1	1	1
GCA_002997005.1	0	1	1	0	0	0	1	1	0	0	2	1	0	1
GCA_003324465.1	0	1	1	1	0	0	1	1	1	0	1	1	1	1
GCA_003000655.1	0	1	1	1	0	0	1	1	1	0	0	1	0	1
GCA_003000695.1	0	1	1	1	0	0	1	1	1	0	0	1	0	1
GCA_002968515.1	0	0	1	1	0	0	1	0	1	0	0	1	0	1
GCA_003074095.1	0	1	1	1	0	0	1	1	1	0	0	1	0	1
GCA_003193645.1	0	1	1	1	0	0	1	1	1	0	2	1	1	1
GCA_003260415.1	0	0	0	0	0	0	1	0	0	0	0	0	0	0
GCA_003288355.1	0	0	1	1	0	0	1	1	1	0	2	1	1	1
GCA_003324295.1	0	1	1	1	0	0	1	1	1	0	2	1	1	1
GCA_003288435.1	0	0	0	1	0	1	1	0	1	0	1	1	1	1
GCA_003324255.1	0	1	1	1	0	0	1	1	1	0	0	1	1	1
GCA_003194245.1	0	1	1	1	1	0	1	1	2	0	2	1	2	1
GCA_000297355.1	0	0	2	0	0	0	0	0	2	0	2	2	2	2
GCA_003969965.1	0	0	1	0	0	0	1	0	0	2	2	0	2	0
GCA_003970055.1	0	0	0	0	0	0	0	0	0	2	2	0	2	0
GCA_003970625.1	0	0	1	0	0	0	1	0	0	2	2	0	2	0
GCA_003969915.1	0	0	1	1	0	0	1	0	0	2	2	0	2	0
GCA_003970635.1	0	0	0	0	0	0	0	0	0	2	2	0	2	0
GCA_003970065.1	0	1	1	1	0	1	1	1	1	2	2	1	2	1
GCA_003969865.1	0	0	1	0	0	0	1	0	0	2	2	0	2	0
GCA_003969875.1	0	1	1	0	0	1	1	1	0	2	2	0	2	0
GCA_003970005.1	0	0	1	0	0	1	1	0	0	2	2	0	2	0
GCA_003969985.1	0	1	0	0	0	0	0	1	1	2	2	0	2	0
GCA_003969975.1	0	0	1	0	0	0	1	0	0	2	2	0	2	0
GCA_003969825.1	0	0	0	0	0	0	0	0	0	2	2	0	2	0
GCA_003969785.1	0	0	0	0	0	0	0	0	0	2	2	0	2	0
GCA_003969475.1	0	0	0	0	0	0	1	0	0	2	2	0	2	0
GCA_003969495.1	0	1	1	1	0	0	1	1	1	2	2	1	2	1
GCA_003969795.1	0	1	0	0	0	0	1	1	0	2	2	0	2	0
GCA_003969485.1	0	1	1	1	0	0	1	1	1	2	2	1	2	1
GCA_003969775.1	0	1	1	0	0	0	1	1	1	2	2	0	2	0
GCA_003969445.1	0	1	0	0	0	0	0	1	0	2	2	0	2	0
GCA_003969415.1	0	0	0	0	0	0	0	0	0	2	2	0	2	0
GCA_003969725.1	0	0	0	0	0	0	0	0	0	2	2	0	2	0
GCA_003969395.1	0	0	0	0	0	0	0	0	0	2	2	0	2	0
GCA_003969405.1	0	0	0	0	0	0	0	1	0	2	2	1	2	1
GCA_003969365.1	0	1	0	1	0	0	1	1	1	2	2	1	2	1
GCA_003969355.1	0	1	0	0	0	1	1	1	1	2	2	0	2	0
GCA_003969305.1	0	0	1	0	0	0	1	0	0	2	2	1	2	0
GCA_003969295.1	0	0	1	0	0	0	1	0	0	2	2	0	2	1
GCA_003969735.1	0	0	1	0	0	0	1	0	0	2	2	0	2	0
GCA_003969315.1	0	0	0	0	0	0	0	0	0	2	2	0	2	0
GCA_003969255.1	0	0	0	1	0	0	0	0	0	2	2	1	2	1
GCA_003978035.1	0	0	0	0	0	0	0	0	0	2	2	0	2	1
GCA_003969655.1	0	0	1	0	0	0	1	0	0	2	2	0	2	1
GCA_003968625.1	0	0	0	0	0	0	0	0	0	2	2	0	2	0
GCA_003977965.1	0	1	0	0	0	0	0	1	0	2	2	1	2	1
GCA_003977945.1	0	0	0	0	0	0	0	0	0	2	2	0	2	0
GCA_003969265.1	0	0	0	0	0	0	0	0	0	2	2	0	2	0
GCA_003969195.1	0	1	0	0	0	0	0	1	0	2	2	0	2	0
GCA_003969225.1	0	0	0	0	0	0	1	0	0	2	2	0	2	0
GCA_003969635.1	0	0	0	0	0	0	0	0	0	2	2	0	2	0
GCA_003969155.1	0	0	0	0	0	0	0	0	0	2	2	0	2	0
GCA_003968385.1	0	0	1	1	0	0	1	1	1	2	2	1	2	1
GCA_003969075.1	0	0	0	0	0	0	0	0	0	2	2	0	2	0
GCA_003977955.1	0	1	1	1	0	0	1	1	1	2	2	1	2	1
GCA_003977935.1	0	0	0	0	0	0	0	0	0	2	2	0	2	0
GCA_003969095.1	0	1	1	0	0	0	1	1	1	2	2	1	2	1
GCA_003969645.1	0	1	1	0	0	0	1	1	0	2	2	0	2	1
GCA_003968615.1	0	1	1	1	0	1	0	1	1	2	2	1	2	1
GCA_003969035.1	0	0	1	0	0	0	1	0	1	2	2	0	2	0
GCA_003968985.1	0	1	1	1	0	0	1	1	1	2	2	1	2	1
GCA_003969575.1	0	0	1	1	0	0	1	0	0	2	2	0	2	1
GCA_003968375.1	0	0	0	0	0	0	1	0	0	2	2	0	2	0
GCA_003977995.1	0	1	1	1	0	0	1	1	1	2	2	1	2	1
GCA_003968585.1	0	0	1	1	0	0	1	0	1	2	2	1	2	1
GCA_003969565.1	0	0	0	0	0	0	0	0	0	2	2	0	2	0
GCA_003969065.1	0	0	0	0	0	0	0	0	0	2	2	0	2	1
GCA_003969885.1	0	1	1	1	1	1	1	1	1	2	2	1	2	1
GCA_003977915.1	0	1	0	1	1	0	0	1	1	2	2	1	2	1
GCA_003968965.1	0	1	0	1	0	0	0	1	1	2	2	1	2	1
GCA_003968955.1	0	0	1	0	0	0	1	0	0	2	2	0	2	0
GCA_003968935.1	0	1	0	0	0	0	0	0	0	2	2	1	2	1
GCA_003977895.1	0	1	0	0	0	0	0	1	0	2	2	0	2	1
GCA_003969535.1	0	1	1	1	0	0	0	1	1	2	2	1	2	1
GCA_003968565.1	0	1	0	0	0	1	1	1	0	2	2	0	2	0
GCA_003968895.1	0	1	1	0	0	0	1	1	1	2	2	1	2	1
GCA_003968325.1	0	0	0	0	0	0	0	0	0	2	2	0	2	0
GCA_003968305.1	0	1	1	1	0	1	0	1	1	2	2	1	2	1
GCA_003968535.1	0	1	1	1	0	0	1	1	1	2	2	1	2	0
GCA_003968275.1	0	0	1	0	0	0	1	0	0	2	2	0	2	0
GCA_003968235.1	0	1	1	1	0	1	1	1	1	2	2	1	2	1
GCA_003968135.1	0	1	1	1	0	0	1	1	1	2	2	1	2	1
GCA_003968525.1	0	0	0	0	0	0	0	0	0	2	2	0	2	1
GCA_003968115.1	0	1	1	1	0	1	1	1	1	2	2	1	2	1
GCA_003968125.1	0	1	1	1	0	0	1	1	1	2	2	1	2	1
GCA_003968045.1	0	1	1	0	0	0	1	1	0	2	2	0	2	0
GCA_003968445.1	0	0	1	0	0	0	0	1	0	2	2	1	2	0
GCA_003968035.1	0	1	1	1	0	0	1	1	1	2	2	1	2	1
GCA_007566955.1	0	1	0	2	0	0	1	1	1	2	2	2	2	2
GCA_007567125.1	0	0	0	2	0	1	0	0	1	2	2	2	2	2
GCA_019915465.1	0	2	0	2	0	0	1	2	2	2	2	2	2	2
GCA_019915445.1	0	2	0	2	0	0	1	2	2	2	2	2	2	2
GCA_019915485.1	0	2	0	2	0	0	0	2	2	2	2	2	2	2
GCA_024717075.1	0	1	2	1	2	0	1	1	0	2	2	1	2	2
GCA_024734815.1	0	2	1	2	0	0	2	1	1	2	2	2	2	2
GCA_024734795.1	0	2	1	2	1	0	2	1	1	2	2	2	2	2
GCA_029635925.2	0	0	0	0	0	0	2	0	0	2	2	0	2	2
GCA_029636025.2	0	0	0	1	0	0	2	0	0	2	2	0	2	2
GCA_032329515.2	0	0	0	0	0	0	2	0	0	2	2	0	2	2
GCA_037104395.1	0	1	1	1	0	2	1	1	1	0	2	1	0	1
GCA_037104405.1	0	1	1	1	0	2	1	1	1	0	2	1	0	1
GCA_037104525.1	0	1	1	1	0	2	1	1	1	0	2	1	0	1
GCA_038080875.1	0	0	0	0	2	2	2	0	0	2	2	0	2	2
GCA_038080835.1	0	0	0	0	2	2	2	0	0	2	2	0	2	2
GCA_038080895.1	0	0	0	0	2	2	2	0	0	2	2	0	2	2
GCA_038080935.1	0	0	1	0	2	2	2	0	0	2	2	0	2	2
GCA_032743355.1	2	1	2	2	2	2	1	2	2	2	2	2	2	2
GCA_032764695.1	2	1	2	2	2	2	1	2	2	2	2	2	2	2
GCA_032743415.1	2	1	2	2	2	2	1	2	2	2	2	2	2	2
GCA_032738425.1	2	1	2	2	2	2	0	2	2	2	2	2	2	2
GCA_032764565.1	2	1	2	2	2	2	0	2	2	2	2	2	2	2
GCA_032742315.1	2	1	2	2	2	2	0	2	2	2	2	2	2	2
GCA_032750435.1	2	1	2	2	2	2	0	2	2	2	2	2	2	2
GCA_032750055.1	2	1	2	2	2	2	0	2	2	2	2	2	2	2
GCA_032743155.1	2	1	2	2	2	2	0	2	2	2	2	2	2	2
GCA_032744195.1	2	1	2	2	2	2	1	2	2	2	2	2	2	2
GCA_032750575.1	2	1	2	2	2	2	0	2	2	2	2	2	2	2
GCA_032750655.1	2	1	2	2	2	2	1	2	2	2	2	2	2	2
GCA_032764805.1	2	1	2	2	2	2	1	2	2	2	2	2	2	2
GCA_032764825.1	2	1	2	2	2	2	1	2	2	2	2	2	2	2
GCA_032764665.1	2	1	2	2	2	2	0	2	2	2	2	2	2	2
GCA_032743395.1	2	1	2	2	2	2	1	2	2	2	2	2	2	2
GCA_032742095.1	2	1	2	2	2	2	1	2	2	2	2	2	2	2
GCA_032764405.1	2	1	2	2	2	2	0	2	2	2	2	2	2	2
GCA_032764425.1	2	1	2	2	2	2	1	2	2	2	2	2	2	2
GCA_032742135.1	2	1	2	2	2	2	0	2	2	2	2	2	2	2
GCA_032742075.1	2	1	2	2	2	2	0	2	2	2	2	2	2	2
GCA_032764485.1	2	1	2	2	2	2	1	2	2	2	2	2	2	2
GCA_032749955.1	2	1	2	2	2	2	1	2	2	2	2	2	2	2
GCA_032764445.1	2	1	2	2	2	2	1	2	2	2	2	2	2	2
GCA_032764585.1	2	1	2	2	2	2	1	2	2	2	2	2	2	2
GCA_032743115.1	2	1	2	2	2	2	1	2	2	2	2	2	2	2
GCA_032744015.1	2	1	2	2	2	2	1	2	2	2	2	2	2	2
GCA_032744115.1	2	1	2	2	2	2	1	2	2	2	2	2	2	2
GCA_032744165.1	2	1	2	2	2	2	1	2	2	2	2	2	2	2
GCA_032750535.1	2	1	2	2	2	2	0	2	2	2	2	2	2	2
GCA_003936975.1	2	1	1	1	1	1	1	1	1	0	1	1	0	1
GCA_003940675.1	2	1	1	0	1	1	1	1	1	0	0	1	0	1
GCA_003936385.1	2	1	1	1	1	1	1	1	1	0	1	1	1	1
GCA_003936965.1	2	1	1	1	1	1	1	1	1	0	1	1	1	1
GCA_003936865.1	2	1	1	1	1	1	1	1	1	0	1	1	1	1
GCA_003936835.1	2	1	1	1	1	1	1	1	1	0	1	1	0	1
GCA_003940585.1	2	1	1	1	1	1	1	1	0	0	1	1	0	0
GCA_003940575.1	2	1	1	1	0	1	1	1	0	0	1	1	0	0
GCA_032764605.1	2	0	2	2	2	2	0	2	2	2	2	2	2	2
GCA_032750555.1	2	0	2	2	2	2	0	2	2	2	2	2	2	2
GCA_003944895.1	2	0	0	0	0	0	0	0	0	0	0	0	0	0
GCA_003940635.1	2	0	0	0	0	0	0	0	0	0	0	0	0	0
GCA_003935835.1	2	0	0	0	0	0	0	0	0	0	0	0	0	0
GCA_003940665.1	2	0	0	0	0	0	0	0	0	0	0	0	0	0
GCA_003936925.1	2	0	0	0	0	0	0	0	0	0	0	0	0	0
GCA_003936325.1	2	0	0	0	0	0	0	0	0	0	0	0	0	0
GCA_003937395.1	2	0	0	0	0	0	0	0	0	0	0	0	0	0
GCA_003937375.1	2	0	0	0	0	0	0	0	0	0	0	0	0	0
GCA_003936935.1	2	0	0	0	0	0	0	0	0	0	0	0	0	0
GCA_003939695.1	2	0	0	0	0	0	0	0	0	0	0	0	0	0
GCA_003939105.1	2	0	0	0	0	0	0	0	0	0	0	0	0	0
GCA_003939685.1	2	0	0	0	0	0	0	0	0	0	0	0	0	0
GCA_003936295.1	2	0	0	0	0	0	0	0	0	0	0	0	0	0
GCA_003936245.1	2	0	0	0	0	0	0	0	0	0	0	0	0	0
GCA_003936905.1	2	0	0	0	0	0	0	0	0	0	0	0	0	0
GCA_003936255.1	2	0	0	0	0	0	0	0	0	0	0	0	0	0
GCA_003936225.1	2	0	0	0	0	0	0	0	0	0	0	0	0	0
GCA_003940625.1	2	0	0	0	0	0	0	0	0	0	0	0	0	0
GCA_003936235.1	2	0	0	0	0	0	0	0	0	0	0	0	0	0
GCA_902807215.1	2	0	2	2	2	0	2	2	2	2	2	2	2	2
GCA_902807105.1	2	0	2	2	2	0	2	2	2	2	2	2	2	2
GCA_045490095.1	2	0	0	2	2	2	2	2	2	2	2	2	2	2
GCA_002193905.1	2	2	1	0	2	2	1	2	0	2	2	0	0	0
GCA_002193815.1	2	2	1	0	2	2	1	2	0	2	2	0	0	0
GCA_002194135.1	2	2	1	0	2	2	1	2	1	2	2	0	0	1
GCA_002193835.1	2	2	1	0	2	2	1	2	0	2	2	0	0	0
GCA_002193995.1	2	2	1	0	2	2	1	2	1	2	2	0	0	1
GCA_002194075.1	2	2	1	1	2	2	1	2	1	2	2	1	0	1
GCA_002193915.1	2	2	1	1	2	2	1	2	1	2	2	1	0	1
GCA_002193895.1	2	2	1	1	2	2	1	2	1	2	2	0	0	1
GCA_002193925.1	2	2	1	1	2	2	1	2	1	2	2	0	0	1
GCA_002193765.1	2	2	1	1	2	2	1	2	0	2	2	0	0	0
GCA_002193755.1	2	2	1	0	2	2	1	2	1	2	2	1	0	1
GCA_000789495.1	2	2	1	1	0	2	2	1	2	0	2	2	2	2
GCA_000789535.1	2	2	1	1	1	2	2	1	2	0	2	2	2	2
GCA_000789525.1	2	2	1	1	0	2	2	1	2	0	2	2	2	2
GCA_000789745.1	2	2	1	2	0	2	2	1	2	0	2	2	2	2
GCA_000789845.1	2	2	1	2	1	2	2	1	2	0	2	2	2	2
GCA_000789905.1	2	2	1	1	1	2	2	1	2	0	2	2	2	2
GCA_000790505.1	2	2	1	1	0	2	2	1	2	0	2	2	2	2
GCA_000790305.1	2	2	1	0	1	2	2	1	2	0	2	2	2	2
GCA_000790285.1	2	2	1	2	1	2	2	1	2	0	2	2	2	2
GCA_000790185.1	2	2	1	1	1	2	2	1	2	0	2	2	2	2
GCA_000790115.1	2	2	1	0	0	2	2	0	2	0	2	2	2	2
GCA_000790725.1	2	2	1	1	1	2	2	1	2	0	2	2	2	2
GCA_000790705.1	2	2	1	1	0	2	2	0	2	0	2	2	2	2
GCA_000790655.1	2	2	1	2	0	2	2	0	2	0	2	2	2	2
GCA_000790605.1	2	2	1	2	0	2	2	1	2	0	2	2	2	2
GCA_000790355.1	2	2	1	1	0	2	2	1	2	0	2	2	2	2
GCA_000790405.1	2	2	1	0	0	2	2	1	2	0	2	2	2	2
GCA_000791085.1	2	2	1	2	0	2	2	1	2	0	2	2	2	2
GCA_000790885.1	2	2	1	1	0	2	2	0	2	0	2	2	2	2
GCA_000790935.1	2	2	1	0	0	2	2	0	2	0	2	2	2	2
GCA_000790915.1	2	2	1	2	0	2	2	1	2	0	2	2	2	2
GCA_000790835.1	2	2	1	0	1	2	2	1	2	0	2	2	2	2
GCA_000790825.1	2	2	1	1	0	2	2	1	2	0	2	2	2	2
GCA_000791205.1	2	2	1	1	1	2	2	1	2	0	2	2	2	2
GCA_000791185.1	2	2	1	1	1	2	2	1	2	0	2	2	2	2
GCA_000791155.1	2	2	1	0	0	2	2	1	2	0	2	2	2	2
GCA_000791125.1	2	2	1	0	1	2	2	0	2	0	2	2	2	2
GCA_000791625.1	2	2	1	2	0	2	2	1	2	0	2	2	2	2
GCA_000791275.1	2	2	1	2	0	2	2	1	2	0	2	2	2	2
GCA_000791985.1	2	2	1	2	0	2	2	1	2	0	2	2	2	2
GCA_000791965.1	2	2	1	0	0	2	2	1	2	0	2	2	2	2
GCA_000791915.1	2	2	1	0	0	2	2	1	2	0	2	2	2	2
GCA_000792065.1	2	2	1	0	0	2	2	0	2	0	2	2	2	2
GCA_000792165.1	2	2	1	1	0	2	2	1	2	0	2	2	2	2
GCA_000792145.1	2	2	1	1	1	2	2	1	2	0	2	2	2	2
GCA_000792115.1	2	2	1	2	0	2	2	1	2	0	2	2	2	2
GCA_000791545.1	2	2	1	2	1	2	2	1	2	0	2	2	2	2
GCA_000791495.1	2	2	1	0	1	2	2	0	2	0	2	2	2	2
GCA_000791485.1	2	2	1	2	1	2	2	0	2	0	2	2	2	2
GCA_000791445.1	2	2	1	2	0	2	2	1	2	0	2	2	2	2
GCA_000791385.1	2	2	1	1	0	2	2	1	2	0	2	2	2	2
GCA_000791735.1	2	2	1	2	1	2	2	1	2	0	2	2	2	2
GCA_000791725.1	2	2	1	2	1	2	2	1	2	0	2	2	2	2
GCA_000791685.1	2	2	1	2	1	2	2	1	2	0	2	2	2	2
GCA_000791825.1	2	2	1	2	0	2	2	0	2	0	2	2	2	2
GCA_000791785.1	2	2	1	1	0	2	2	1	2	0	2	2	2	2
GCA_000792225.1	2	2	1	2	0	2	2	1	2	0	2	2	2	2
GCA_000792825.1	2	2	1	2	0	2	2	1	2	0	2	2	2	2
GCA_000792785.1	2	2	1	1	0	2	2	1	2	0	2	2	2	2
GCA_000792445.1	2	2	1	1	0	2	2	1	2	0	2	2	2	2
GCA_000792395.1	2	2	1	1	0	2	2	1	2	0	2	2	2	2
GCA_000792325.1	2	2	1	1	1	2	2	1	2	0	2	2	2	2
GCA_000792305.1	2	2	1	1	1	2	2	1	2	0	2	2	2	2
GCA_000792725.1	2	2	1	0	1	2	2	1	2	0	2	2	2	2
GCA_000792705.1	2	2	1	0	1	2	2	1	2	0	2	2	2	2
GCA_000792675.1	2	2	1	2	0	2	2	0	2	0	2	2	2	2
GCA_000792665.1	2	2	1	0	1	2	2	1	2	0	2	2	2	2
GCA_000792545.1	2	2	1	2	0	2	2	0	2	0	2	2	2	2
GCA_000795535.1	2	2	1	1	1	2	2	1	2	0	2	2	2	2
GCA_000795525.1	2	2	1	1	1	2	2	1	2	0	2	2	2	2
GCA_000795505.1	2	2	1	2	1	2	2	1	2	0	2	2	2	2
GCA_000795465.1	2	2	1	2	1	2	2	1	2	0	2	2	2	2
GCA_000795435.1	2	2	1	1	1	2	2	1	2	0	2	2	2	2
GCA_000795405.1	2	2	1	2	1	2	2	1	2	0	2	2	2	2
GCA_000795365.1	2	2	1	0	0	2	2	1	2	0	2	2	2	2
GCA_000795265.1	2	2	1	1	1	2	2	1	2	0	2	2	2	2
GCA_000795235.1	2	2	1	1	1	2	2	1	2	0	2	2	2	2
GCA_000795205.1	2	2	1	1	1	2	2	1	2	0	2	2	2	2
GCA_000796405.1	2	2	1	2	0	2	2	1	2	2	2	2	2	2
GCA_000794985.1	2	2	1	1	0	2	2	0	2	0	2	2	2	2
GCA_000794965.1	2	2	1	2	1	2	2	1	2	0	2	2	2	2
GCA_000794945.1	2	2	1	1	1	2	2	1	2	0	2	2	2	2
GCA_000794925.1	2	2	1	1	1	2	2	1	2	0	2	2	2	2
GCA_000794905.1	2	2	1	1	0	2	2	1	2	0	2	2	2	2
GCA_000794885.1	2	2	1	1	0	2	2	1	2	0	2	2	2	2
GCA_000794825.1	2	2	1	0	0	2	2	0	2	0	2	2	2	2
GCA_000794405.1	2	2	1	1	0	2	2	1	2	2	2	2	2	2
GCA_000794365.1	2	2	1	2	0	2	2	0	2	0	2	2	2	2
GCA_000794335.1	2	2	1	2	1	2	2	1	2	0	2	2	2	2
GCA_000794325.1	2	2	1	0	0	2	2	0	2	0	2	2	2	2
GCA_000794305.1	2	2	1	2	0	2	2	1	2	0	2	2	2	2
GCA_000794285.1	2	2	1	0	0	2	2	1	2	0	2	2	2	2
GCA_000794555.1	2	2	1	1	1	2	2	1	2	0	2	2	2	2
GCA_000794545.1	2	2	1	1	1	2	2	1	2	0	2	2	2	2
GCA_000794505.1	2	2	1	2	1	2	2	1	2	0	2	2	2	2
GCA_000794515.1	2	2	1	1	1	2	2	1	2	0	2	2	2	2
GCA_000794445.1	2	2	1	2	0	2	2	0	2	2	2	2	2	2
GCA_000795045.1	2	2	1	1	1	2	2	1	2	0	2	2	2	2
GCA_000794805.1	2	2	1	1	1	2	2	1	2	0	2	2	2	2
GCA_000794785.1	2	2	1	1	0	2	2	1	2	0	2	2	2	2
GCA_000794725.1	2	2	1	2	0	2	2	0	2	0	2	2	2	2
GCA_000794735.1	2	2	1	1	1	2	2	1	2	0	2	2	2	2
GCA_000794645.1	2	2	1	1	1	2	2	1	2	0	2	2	2	2
GCA_000794605.1	2	2	1	2	0	2	2	0	2	0	2	2	2	2
GCA_000794585.1	2	2	1	1	1	2	2	1	2	0	2	2	2	2
GCA_000794245.1	2	2	1	1	1	2	2	1	2	0	2	2	2	2
GCA_000794195.1	2	2	1	0	0	2	2	0	2	0	2	2	2	2
GCA_000794055.1	2	2	1	0	1	2	2	1	2	0	2	2	2	2
GCA_000794045.1	2	2	1	2	1	2	2	0	2	0	2	2	2	2
GCA_000794025.1	2	2	1	0	0	2	2	0	2	0	2	2	2	2
GCA_000794005.1	2	2	1	2	1	2	2	1	2	0	2	2	2	2
GCA_000793945.1	2	2	1	1	0	2	2	1	2	0	2	2	2	2
GCA_000793665.1	2	2	1	2	0	2	2	1	2	0	2	2	2	2
GCA_000793645.1	2	2	1	1	0	2	2	1	2	0	2	2	2	2
GCA_000793595.1	2	2	1	2	1	2	2	1	2	0	2	2	2	2
GCA_000793745.1	2	2	1	2	0	2	2	1	2	0	2	2	2	2
GCA_000793705.1	2	2	1	2	0	2	2	0	2	0	2	2	2	2
GCA_000793685.1	2	2	1	1	0	2	2	0	2	0	2	2	2	2
GCA_000793785.1	2	2	1	2	0	2	2	1	2	0	2	2	2	2
GCA_000793765.1	2	2	1	2	0	2	2	1	2	0	2	2	2	2
GCA_000792885.1	2	2	1	2	0	2	2	0	2	0	2	2	2	2
GCA_000793135.1	2	2	1	2	0	2	2	0	2	0	2	2	2	2
GCA_000793125.1	2	2	1	2	0	2	2	1	2	0	2	2	2	2
GCA_000793055.1	2	2	1	2	0	2	2	1	2	0	2	2	2	2
GCA_000793165.1	2	2	1	2	0	2	2	1	2	0	2	2	2	2
GCA_000793365.1	2	2	1	2	1	2	2	1	2	0	2	2	2	2
GCA_000793345.1	2	2	1	2	0	2	2	1	2	0	2	2	2	2
GCA_000793505.1	2	2	1	2	0	2	2	0	2	0	2	2	2	2
GCA_000793485.1	2	2	1	1	0	2	2	0	2	0	2	2	2	2
GCA_000793455.1	2	2	1	1	0	2	2	0	2	0	2	2	2	2
GCA_000796165.1	2	2	1	1	1	2	2	1	2	0	2	2	2	2
GCA_000796125.1	2	2	1	1	0	2	2	1	2	2	2	2	2	2
GCA_000796045.1	2	2	1	1	0	2	2	1	2	2	2	2	2	2
GCA_000796025.1	2	2	1	1	1	2	2	1	2	0	2	2	2	2
GCA_000795955.1	2	2	1	1	1	2	2	1	2	0	2	2	2	2
GCA_000795945.1	2	2	1	0	1	2	2	1	2	2	2	2	2	2
GCA_000795925.1	2	2	1	2	0	2	2	1	2	2	2	2	2	2
GCA_000795905.1	2	2	1	1	1	2	2	1	2	0	2	2	2	2
GCA_000795875.1	2	2	1	2	0	2	2	0	2	2	2	2	2	2
GCA_000795865.1	2	2	1	1	0	2	2	1	2	0	2	2	2	2
GCA_000795845.1	2	2	1	1	0	2	2	1	2	2	2	2	2	2
GCA_000795815.1	2	2	1	1	0	2	2	1	2	0	2	2	2	2
GCA_000795805.1	2	2	1	1	1	2	2	1	2	0	2	2	2	2
GCA_000795785.1	2	2	1	0	0	2	2	0	2	2	2	2	2	2
GCA_000795765.1	2	2	1	0	0	2	2	1	2	2	2	2	2	2
GCA_000795725.1	2	2	1	1	1	2	2	1	2	0	2	2	2	2
GCA_000795705.1	2	2	1	0	1	2	2	1	2	0	2	2	2	2
GCA_000795685.1	2	2	1	1	0	2	2	1	2	0	2	2	2	2
GCA_000795665.1	2	2	1	1	1	2	2	1	2	0	2	2	2	2
GCA_000795635.1	2	2	1	1	0	2	2	0	2	0	2	2	2	2
GCA_000795625.1	2	2	1	1	1	2	2	1	2	0	2	2	2	2
GCA_000795605.1	2	2	1	1	0	2	2	1	2	0	2	2	2	2
GCA_000796685.1	2	2	1	2	1	2	2	1	2	0	2	2	2	2
GCA_000796655.1	2	2	1	2	1	2	2	1	2	0	2	2	2	2
GCA_000796645.1	2	2	1	1	0	2	2	1	2	0	2	2	2	2
GCA_000796615.1	2	2	1	2	1	2	2	0	2	0	2	2	2	2
GCA_000796605.1	2	2	1	2	0	2	2	0	2	0	2	2	2	2
GCA_000796585.1	2	2	1	2	1	2	2	1	2	0	2	2	2	2
GCA_000796505.1	2	2	1	2	0	2	2	1	2	2	2	2	2	2
GCA_000796365.1	2	2	1	1	1	2	2	1	2	0	2	2	2	2
GCA_000796345.1	2	2	1	2	1	2	2	1	2	0	2	2	2	2
GCA_000796295.1	2	2	1	2	1	2	2	1	2	0	2	2	2	2
GCA_000796285.1	2	2	1	2	0	2	2	1	2	0	2	2	2	2
GCA_000796245.1	2	2	1	1	0	2	2	1	2	0	2	2	2	2
GCA_000796225.1	2	2	1	1	0	2	2	1	2	0	2	2	2	2
GCA_000797395.1	2	2	1	1	1	2	2	1	2	0	2	2	2	2
GCA_000797205.1	2	2	1	1	1	2	2	1	2	0	2	2	2	2
GCA_000797185.1	2	2	1	1	1	2	2	1	2	0	2	2	2	2
GCA_000797165.1	2	2	1	2	1	2	2	1	2	0	2	2	2	2
GCA_000797145.1	2	2	1	2	0	2	2	1	2	0	2	2	2	2
GCA_000797125.1	2	2	1	2	1	2	2	1	2	0	2	2	2	2
GCA_000797085.1	2	2	1	1	1	2	2	1	2	0	2	2	2	2
GCA_000797025.1	2	2	1	1	0	2	2	1	2	0	2	2	2	2
GCA_000796985.1	2	2	1	1	1	2	2	1	2	0	2	2	2	2
GCA_000796945.1	2	2	1	2	1	2	2	1	2	0	2	2	2	2
GCA_000796925.1	2	2	1	0	1	2	2	1	2	0	2	2	2	2
GCA_000796875.1	2	2	1	2	1	2	2	1	2	0	2	2	2	2
GCA_000796845.1	2	2	1	1	1	2	2	1	2	0	2	2	2	2
GCA_000796795.1	2	2	1	2	1	2	2	1	2	0	2	2	2	2
GCA_000796785.1	2	2	1	2	1	2	2	1	2	1	2	2	2	2
GCA_000796745.1	2	2	1	2	1	2	2	1	2	1	2	2	2	2
GCA_000796725.1	2	2	1	1	1	2	2	1	2	0	2	2	2	2
GCA_000937495.2	2	2	1	1	2	2	2	1	2	2	2	1	2	1
GCA_049383645.1	2	2	1	1	2	2	1	2	1	2	2	2	2	2
GCA_002194055.1	2	2	0	0	2	2	0	2	0	2	2	0	0	0
GCA_002194025.1	2	2	0	0	2	2	1	2	0	2	2	0	0	0
GCA_002194005.1	2	2	0	1	2	2	1	2	1	2	2	0	0	1
GCA_002193975.1	2	2	0	0	2	2	0	2	0	2	2	0	0	0
GCA_002193685.1	2	2	0	0	2	2	1	2	0	2	2	0	0	0
GCA_002193745.1	2	2	0	1	2	2	1	2	1	2	2	0	0	1
GCA_002193655.1	2	2	0	0	2	2	0	2	0	2	2	0	0	0
GCA_002193735.1	2	2	0	1	2	2	0	2	0	2	2	1	0	1
GCA_002193675.1	2	2	0	0	2	2	1	2	0	2	2	0	0	1
GCA_002193665.1	2	2	0	0	2	2	1	2	0	2	2	0	0	0
GCA_002194095.1	2	2	0	0	2	2	0	2	0	2	2	0	0	0
GCA_002194085.1	2	2	0	0	2	2	1	2	1	2	2	0	0	0
GCA_002193845.1	2	2	0	0	2	2	1	2	0	2	2	0	0	0
GCA_002193825.1	2	2	0	0	2	2	1	2	0	2	2	0	0	0
GCA_000789485.1	2	2	0	0	0	2	2	0	2	0	2	2	2	2
GCA_000793585.1	2	2	0	2	0	2	2	1	2	0	2	2	2	2
GCA_000789705.1	2	2	0	2	0	2	2	0	2	0	2	2	2	2
GCA_000789685.1	2	2	0	2	0	2	2	0	2	0	2	2	2	2
GCA_000789635.1	2	2	0	1	0	2	2	1	2	0	2	2	2	2
GCA_000789645.1	2	2	0	2	0	2	2	0	2	0	2	2	2	2
GCA_000789625.1	2	2	0	1	0	2	2	1	2	0	2	2	2	2
GCA_000789605.1	2	2	0	0	0	2	2	0	2	0	2	2	2	2
GCA_000789555.1	2	2	0	2	1	2	2	1	2	0	2	2	2	2
GCA_000789545.1	2	2	0	2	0	2	2	0	2	0	2	2	2	2
GCA_000789785.1	2	2	0	2	0	2	2	0	2	0	2	2	2	2
GCA_000789755.1	2	2	0	2	0	2	2	0	2	0	2	2	2	2
GCA_000789725.1	2	2	0	2	0	2	2	0	2	0	2	2	2	2
GCA_000789835.1	2	2	0	0	0	2	2	0	2	0	2	2	2	2
GCA_000789805.1	2	2	0	2	0	2	2	0	2	0	2	2	2	2
GCA_000789815.1	2	2	0	2	0	2	2	0	2	0	2	2	2	2
GCA_000789925.1	2	2	0	2	0	2	2	0	2	0	2	2	2	2
GCA_000789935.1	2	2	0	0	0	2	2	0	2	0	2	2	2	2
GCA_000789885.1	2	2	0	2	1	2	2	1	2	0	2	2	2	2
GCA_000789965.1	2	2	0	2	0	2	2	0	2	0	2	2	2	2
GCA_000789975.1	2	2	0	2	0	2	2	0	2	0	2	2	2	2
GCA_000790025.1	2	2	0	2	0	2	2	0	2	0	2	2	2	2
GCA_000789995.1	2	2	0	2	0	2	2	0	2	0	2	2	2	2
GCA_000790485.1	2	2	0	2	0	2	2	1	2	0	2	2	2	2
GCA_000790265.1	2	2	0	0	0	2	2	1	2	0	2	2	2	2
GCA_000790245.1	2	2	0	2	0	2	2	0	2	0	2	2	2	2
GCA_000790205.1	2	2	0	2	0	2	2	0	2	0	2	2	2	2
GCA_000790215.1	2	2	0	0	0	2	2	0	2	0	2	2	2	2
GCA_000790065.1	2	2	0	1	0	2	2	1	2	0	2	2	2	2
GCA_000790035.1	2	2	0	2	0	2	2	0	2	0	2	2	2	2
GCA_000790145.1	2	2	0	0	0	2	2	1	2	0	2	2	2	2
GCA_000790155.1	2	2	0	2	0	2	2	0	2	0	2	2	2	2
GCA_000790105.1	2	2	0	2	0	2	2	1	2	0	2	2	2	2
GCA_000790085.1	2	2	0	2	0	2	2	1	2	0	2	2	2	2
GCA_000790735.1	2	2	0	2	0	2	2	0	2	0	2	2	2	2
GCA_000790685.1	2	2	0	2	0	2	2	0	2	0	2	2	2	2
GCA_000790645.1	2	2	0	2	0	2	2	0	2	0	2	2	2	2
GCA_000790625.1	2	2	0	2	0	2	2	0	2	0	2	2	2	2
GCA_000790585.1	2	2	0	2	0	2	2	0	2	0	2	2	2	2
GCA_000790565.1	2	2	0	0	0	2	2	1	2	0	2	2	2	2
GCA_000790545.1	2	2	0	0	0	2	2	1	2	0	2	2	2	2
GCA_000790525.1	2	2	0	1	1	2	2	1	2	0	2	2	2	2
GCA_000790385.1	2	2	0	2	0	2	2	0	2	0	2	2	2	2
GCA_000790345.1	2	2	0	0	0	2	2	0	2	0	2	2	2	2
GCA_000790325.1	2	2	0	2	0	2	2	0	2	0	2	2	2	2
GCA_006971785.1	2	2	0	2	0	2	2	0	2	0	2	2	2	2
GCA_000790445.1	2	2	0	2	0	2	2	0	2	0	2	2	2	2
GCA_000790425.1	2	2	0	2	0	2	2	0	2	0	2	2	2	2
GCA_000791105.1	2	2	0	2	0	2	2	0	2	0	2	2	2	2
GCA_000791065.1	2	2	0	2	0	2	2	0	2	0	2	2	2	2
GCA_000791035.1	2	2	0	2	0	2	2	0	2	0	2	2	2	2
GCA_000791025.1	2	2	0	2	0	2	2	0	2	0	2	2	2	2
GCA_000791005.1	2	2	0	2	0	2	2	0	2	0	2	2	2	2
GCA_000790985.1	2	2	0	2	0	2	2	0	2	0	2	2	2	2
GCA_000790965.1	2	2	0	2	0	2	2	0	2	0	2	2	2	2
GCA_000790905.1	2	2	0	0	0	2	2	0	2	0	2	2	2	2
GCA_000790865.1	2	2	0	2	0	2	2	0	2	0	2	2	2	2
GCA_000790805.1	2	2	0	2	0	2	2	0	2	0	2	2	2	2
GCA_000790785.1	2	2	0	0	0	2	2	0	2	0	2	2	2	2
GCA_000790765.1	2	2	0	0	0	2	2	0	2	0	2	2	2	2
GCA_000791265.1	2	2	0	2	0	2	2	0	2	0	2	2	2	2
GCA_000791235.1	2	2	0	2	0	2	2	0	2	0	2	2	2	2
GCA_000791225.1	2	2	0	0	0	2	2	0	2	0	2	2	2	2
GCA_000791145.1	2	2	0	2	0	2	2	0	2	0	2	2	2	2
GCA_000791665.1	2	2	0	2	0	2	2	0	2	0	2	2	2	2
GCA_000791635.1	2	2	0	2	0	2	2	0	2	0	2	2	2	2
GCA_000791605.1	2	2	0	0	0	2	2	0	2	0	2	2	2	2
GCA_000791345.1	2	2	0	2	0	2	2	0	2	0	2	2	2	2
GCA_000791325.1	2	2	0	2	0	2	2	0	2	0	2	2	2	2
GCA_000791305.1	2	2	0	2	0	2	2	0	2	0	2	2	2	2
GCA_000792025.1	2	2	0	2	0	2	2	0	2	0	2	2	2	2
GCA_000792005.1	2	2	0	2	0	2	2	0	2	0	2	2	2	2
GCA_000791945.1	2	2	0	1	0	2	2	1	2	0	2	2	2	2
GCA_000791905.1	2	2	0	2	0	2	2	0	2	0	2	2	2	2
GCA_000791885.1	2	2	0	2	0	2	2	0	2	0	2	2	2	2
GCA_000791855.1	2	2	0	0	0	2	2	0	2	0	2	2	2	2
GCA_000791835.1	2	2	0	2	0	2	2	0	2	0	2	2	2	2
GCA_000792095.1	2	2	0	2	0	2	2	0	2	0	2	2	2	2
GCA_000792085.1	2	2	0	0	0	2	2	0	2	0	2	2	2	2
GCA_000792045.1	2	2	0	2	0	2	2	0	2	0	2	2	2	2
GCA_000792155.1	2	2	0	2	0	2	2	0	2	0	2	2	2	2
GCA_000791585.1	2	2	0	2	0	2	2	0	2	0	2	2	2	2
GCA_000791565.1	2	2	0	2	0	2	2	0	2	0	2	2	2	2
GCA_000791525.1	2	2	0	2	0	2	2	1	2	0	2	2	2	2
GCA_000791465.1	2	2	0	2	0	2	2	0	2	0	2	2	2	2
GCA_000791425.1	2	2	0	2	0	2	2	0	2	0	2	2	2	2
GCA_000791405.1	2	2	0	0	0	2	2	0	2	0	2	2	2	2
GCA_000791365.1	2	2	0	2	0	2	2	0	2	0	2	2	2	2
GCA_000791705.1	2	2	0	2	0	2	2	0	2	0	2	2	2	2
GCA_000791805.1	2	2	0	2	0	2	2	0	2	0	2	2	2	2
GCA_000791765.1	2	2	0	2	0	2	2	0	2	0	2	2	2	2
GCA_000792265.1	2	2	0	2	0	2	2	0	2	0	2	2	2	2
GCA_000792245.1	2	2	0	2	0	2	2	0	2	0	2	2	2	2
GCA_000792205.1	2	2	0	1	0	2	2	1	2	0	2	2	2	2
GCA_000792805.1	2	2	0	1	0	2	2	1	2	0	2	2	2	2
GCA_000792765.1	2	2	0	1	0	2	2	1	2	0	2	2	2	2
GCA_000792385.1	2	2	0	1	0	2	2	0	2	0	2	2	2	2
GCA_000792365.1	2	2	0	2	0	2	2	0	2	0	2	2	2	2
GCA_000792345.1	2	2	0	2	0	2	2	0	2	0	2	2	2	2
GCA_000792285.1	2	2	0	2	0	2	2	0	2	0	2	2	2	2
GCA_000792745.1	2	2	0	2	0	2	2	0	2	0	2	2	2	2
GCA_000792635.1	2	2	0	2	0	2	2	0	2	0	2	2	2	2
GCA_000792625.1	2	2	0	0	0	2	2	0	2	0	2	2	2	2
GCA_000792605.1	2	2	0	0	0	2	2	1	2	0	2	2	2	2
GCA_000792575.1	2	2	0	2	0	2	2	0	2	0	2	2	2	2
GCA_000792565.1	2	2	0	2	0	2	2	0	2	0	2	2	2	2
GCA_000792515.1	2	2	0	2	0	2	2	1	2	0	2	2	2	2
GCA_000792505.1	2	2	0	2	0	2	2	0	2	0	2	2	2	2
GCA_000792465.1	2	2	0	0	0	2	2	0	2	0	2	2	2	2
GCA_000792475.1	2	2	0	0	0	2	2	0	2	0	2	2	2	2
GCA_000792425.1	2	2	0	2	0	2	2	0	2	0	2	2	2	2
GCA_000795565.1	2	2	0	2	1	2	2	1	2	0	2	2	2	2
GCA_000795485.1	2	2	0	1	1	2	2	1	2	0	2	2	2	2
GCA_000795425.1	2	2	0	1	1	2	2	1	2	0	2	2	2	2
GCA_000795385.1	2	2	0	2	0	2	2	0	2	0	2	2	2	2
GCA_000795345.1	2	2	0	0	0	2	2	1	2	0	2	2	2	2
GCA_000795325.1	2	2	0	2	0	2	2	1	2	0	2	2	2	2
GCA_000795305.1	2	2	0	0	0	2	2	0	2	0	2	2	2	2
GCA_000795285.1	2	2	0	0	0	2	2	0	2	0	2	2	2	2
GCA_000795225.1	2	2	0	2	0	2	2	0	2	0	2	2	2	2
GCA_000795185.1	2	2	0	0	0	2	2	1	2	0	2	2	2	2
GCA_000796385.1	2	2	0	0	0	2	2	0	2	2	2	2	2	2
GCA_000795165.1	2	2	0	2	0	2	2	0	2	0	2	2	2	2
GCA_000795145.1	2	2	0	2	0	2	2	0	2	0	2	2	2	2
GCA_000795115.1	2	2	0	0	0	2	2	0	2	0	2	2	2	2
GCA_000795105.1	2	2	0	0	0	2	2	0	2	0	2	2	2	2
GCA_000794995.1	2	2	0	2	0	2	2	0	2	0	2	2	2	2
GCA_000794865.1	2	2	0	0	0	2	2	1	2	0	2	2	2	2
GCA_000794845.1	2	2	0	2	1	2	2	0	2	0	2	2	2	2
GCA_000794265.1	2	2	0	1	1	2	2	1	2	0	2	2	2	2
GCA_000794485.1	2	2	0	0	0	2	2	0	2	2	2	2	2	2
GCA_000794425.1	2	2	0	2	0	2	2	0	2	2	2	2	2	2
GCA_000794455.1	2	2	0	0	0	2	2	1	2	2	2	2	2	2
GCA_000795085.1	2	2	0	2	0	2	2	0	2	0	2	2	2	2
GCA_000795065.1	2	2	0	0	0	2	2	0	2	0	2	2	2	2
GCA_000795025.1	2	2	0	2	0	2	2	0	2	0	2	2	2	2
GCA_000794745.1	2	2	0	1	0	2	2	1	2	0	2	2	2	2
GCA_000794705.1	2	2	0	2	0	2	2	0	2	0	2	2	2	2
GCA_000794675.1	2	2	0	2	0	2	2	1	2	0	2	2	2	2
GCA_000794665.1	2	2	0	2	0	2	2	0	2	0	2	2	2	2
GCA_000794625.1	2	2	0	2	0	2	2	1	2	0	2	2	2	2
GCA_000794185.1	2	2	0	1	1	2	2	1	2	0	2	2	2	2
GCA_000794175.1	2	2	0	1	0	2	2	0	2	0	2	2	2	2
GCA_000794165.1	2	2	0	0	0	2	2	0	2	0	2	2	2	2
GCA_000794095.1	2	2	0	2	0	2	2	0	2	0	2	2	2	2
GCA_000794085.1	2	2	0	0	1	2	2	1	2	0	2	2	2	2
GCA_000793905.1	2	2	0	2	0	2	2	0	2	0	2	2	2	2
GCA_000793885.1	2	2	0	2	0	2	2	1	2	0	2	2	2	2
GCA_000793865.1	2	2	0	2	0	2	2	0	2	0	2	2	2	2
GCA_000793845.1	2	2	0	2	0	2	2	0	2	0	2	2	2	2
GCA_000793985.1	2	2	0	2	0	2	2	0	2	0	2	2	2	2
GCA_000793955.1	2	2	0	0	0	2	2	1	2	0	2	2	2	2
GCA_000793915.1	2	2	0	1	0	2	2	0	2	0	2	2	2	2
GCA_000793615.1	2	2	0	0	0	2	2	0	2	0	2	2	2	2
GCA_000793725.1	2	2	0	2	0	2	2	0	2	0	2	2	2	2
GCA_000793825.1	2	2	0	2	0	2	2	0	2	0	2	2	2	2
GCA_000793805.1	2	2	0	2	0	2	2	0	2	0	2	2	2	2
GCA_000792975.1	2	2	0	1	0	2	2	1	2	0	2	2	2	2
GCA_000792965.1	2	2	0	2	0	2	2	1	2	0	2	2	2	2
GCA_000792945.1	2	2	0	2	0	2	2	0	2	0	2	2	2	2
GCA_000792925.1	2	2	0	0	0	2	2	0	2	0	2	2	2	2
GCA_000792895.1	2	2	0	2	0	2	2	0	2	0	2	2	2	2
GCA_000792855.1	2	2	0	0	0	2	2	1	2	0	2	2	2	2
GCA_000792845.1	2	2	0	1	0	2	2	1	2	0	2	2	2	2
GCA_000793105.1	2	2	0	2	0	2	2	1	2	0	2	2	2	2
GCA_000793085.1	2	2	0	0	1	2	2	1	2	0	2	2	2	2
GCA_000793045.1	2	2	0	0	0	2	2	0	2	0	2	2	2	2
GCA_000793025.1	2	2	0	2	0	2	2	1	2	0	2	2	2	2
GCA_000793005.1	2	2	0	2	0	2	2	0	2	0	2	2	2	2
GCA_000793245.1	2	2	0	0	0	2	2	0	2	0	2	2	2	2
GCA_000793255.1	2	2	0	0	0	2	2	1	2	0	2	2	2	2
GCA_000793225.1	2	2	0	1	0	2	2	0	2	0	2	2	2	2
GCA_000793205.1	2	2	0	2	0	2	2	1	2	0	2	2	2	2
GCA_000793185.1	2	2	0	2	0	2	2	0	2	0	2	2	2	2
GCA_000793385.1	2	2	0	2	0	2	2	0	2	0	2	2	2	2
GCA_000793315.1	2	2	0	0	1	2	2	1	2	0	2	2	2	2
GCA_000793295.1	2	2	0	2	0	2	2	0	2	0	2	2	2	2
GCA_000793285.1	2	2	0	2	0	2	2	0	2	0	2	2	2	2
GCA_000793445.1	2	2	0	2	0	2	2	0	2	0	2	2	2	2
GCA_000793395.1	2	2	0	0	0	2	2	0	2	0	2	2	2	2
GCA_000793415.1	2	2	0	0	0	2	2	0	2	0	2	2	2	2
GCA_000796205.1	2	2	0	0	0	2	2	1	2	2	2	2	2	2
GCA_000796175.1	2	2	0	2	0	2	2	0	2	2	2	2	2	2
GCA_000796145.1	2	2	0	2	0	2	2	0	2	2	2	2	2	2
GCA_000796085.1	2	2	0	2	0	2	2	0	2	2	2	2	2	2
GCA_000796095.1	2	2	0	0	0	2	2	0	2	2	2	2	2	2
GCA_000796465.1	2	2	0	2	0	2	2	0	2	2	2	2	2	2
GCA_000796475.1	2	2	0	1	0	2	2	1	2	2	2	2	2	2
GCA_000796445.1	2	2	0	2	0	2	2	0	2	2	2	2	2	2
GCA_000796425.1	2	2	0	2	0	2	2	0	2	2	2	2	2	2
GCA_000796065.1	2	2	0	2	0	2	2	0	2	2	2	2	2	2
GCA_000796005.1	2	2	0	0	0	2	2	0	2	2	2	2	2	2
GCA_000795985.1	2	2	0	2	0	2	2	0	2	2	2	2	2	2
GCA_000795735.1	2	2	0	2	0	2	2	0	2	2	2	2	2	2
GCA_000795585.1	2	2	0	2	0	2	2	0	2	0	2	2	2	2
GCA_000796555.1	2	2	0	2	0	2	2	0	2	0	2	2	2	2
GCA_000796545.1	2	2	0	2	0	2	2	0	2	0	2	2	2	2
GCA_000796525.1	2	2	0	0	1	2	2	0	2	0	2	2	2	2
GCA_000796325.1	2	2	0	2	0	2	2	1	2	0	2	2	2	2
GCA_000796255.1	2	2	0	0	0	2	2	1	2	0	2	2	2	2
GCA_000797355.1	2	2	0	0	1	2	2	0	2	0	2	2	2	2
GCA_000797345.1	2	2	0	1	1	2	2	1	2	0	2	2	2	2
GCA_000797325.1	2	2	0	2	1	2	2	0	2	0	2	2	2	2
GCA_000797305.1	2	2	0	0	1	2	2	1	2	0	2	2	2	2
GCA_000797285.1	2	2	0	0	1	2	2	1	2	0	2	2	2	2
GCA_000797265.1	2	2	0	2	1	2	2	1	2	0	2	2	2	2
GCA_000797245.1	2	2	0	0	1	2	2	0	2	0	2	2	2	2
GCA_000797225.1	2	2	0	2	1	2	2	1	2	0	2	2	2	2
GCA_000797105.1	2	2	0	2	0	2	2	0	2	0	2	2	2	2
GCA_000797055.1	2	2	0	2	0	2	2	0	2	0	2	2	2	2
GCA_000797045.1	2	2	0	2	0	2	2	1	2	0	2	2	2	2
GCA_000797005.1	2	2	0	0	0	2	2	0	2	0	2	2	2	2
GCA_000796955.1	2	2	0	2	0	2	2	1	2	0	2	2	2	2
GCA_000796865.1	2	2	0	1	0	2	2	1	2	0	2	2	2	2
GCA_000796825.1	2	2	0	2	1	2	2	1	2	0	2	2	2	2
GCA_000796765.1	2	2	0	2	0	2	2	0	2	0	2	2	2	2
GCA_000710625.1	2	2	0	0	2	2	2	1	2	2	2	2	2	1
GCA_000937465.2	2	2	0	1	2	2	2	1	2	2	2	1	2	1
GCA_001910265.1	2	2	2	1	2	2	1	2	2	2	2	2	2	2
GCA_001909645.1	2	2	2	1	2	2	1	2	2	2	2	2	2	2
GCA_001910215.1	2	2	2	1	2	2	1	2	2	2	2	2	2	2
GCA_001910305.1	2	2	2	1	2	2	1	2	2	2	2	2	2	2
GCA_001910285.1	2	2	2	1	2	2	1	2	2	2	2	2	2	2
GCA_001910055.1	2	2	2	1	2	2	1	2	2	2	2	2	2	2
GCA_001909795.1	2	2	2	1	2	2	1	2	2	2	2	2	2	2
GCA_001909615.1	2	2	2	1	2	2	1	2	2	2	2	2	2	2
GCA_001910425.1	2	2	2	1	2	2	1	2	2	2	2	2	2	2
GCA_001909825.1	2	2	2	1	2	2	1	2	2	2	2	2	2	2
GCA_001910375.1	2	2	2	1	2	2	1	2	2	2	2	2	2	2
GCA_001909445.1	2	2	2	1	2	2	1	2	2	2	2	2	2	2
GCA_001909655.1	2	2	2	1	2	2	1	2	2	2	2	2	2	2
GCA_001909605.1	2	2	2	1	2	2	1	2	2	2	2	2	2	2
GCA_001909585.1	2	2	2	1	2	2	1	2	2	2	2	2	2	2
GCA_001909495.1	2	2	2	1	2	2	1	2	2	2	2	2	2	2
GCA_001909455.1	2	2	2	1	2	2	1	2	2	2	2	2	2	2
GCA_001910345.1	2	2	2	1	2	2	1	2	2	2	2	2	2	2
GCA_001910045.1	2	2	2	1	2	2	1	2	2	2	2	2	2	2
GCA_001909775.1	2	2	2	1	2	2	1	2	2	2	2	2	2	2
GCA_001910365.1	2	2	2	1	2	2	1	2	2	2	2	2	2	2
GCA_001909485.1	2	2	2	1	2	2	1	2	2	2	2	2	2	2
GCA_001910115.1	2	2	2	1	2	2	1	2	2	2	2	2	2	2
GCA_001910105.1	2	2	2	1	2	2	1	2	2	2	2	2	2	2
GCA_001909945.1	2	2	2	1	2	2	1	2	2	2	2	2	2	2
GCA_001909675.1	2	2	2	1	2	2	1	2	2	2	2	2	2	2
GCA_025696595.1	2	2	2	1	2	2	2	2	2	2	2	2	2	2
GCA_025696545.1	2	2	2	1	2	2	2	2	2	2	2	2	2	2
GCA_025696875.1	2	2	2	1	2	2	2	2	2	2	2	2	2	2
GCA_025696945.1	2	2	2	1	2	2	2	2	2	2	2	2	2	2
GCA_025697485.1	2	2	2	1	2	2	2	2	2	2	2	2	2	2
GCA_025697495.1	2	2	2	1	2	2	2	2	2	2	2	2	2	2
GCA_025697785.1	2	2	2	1	2	2	2	2	2	2	2	2	2	2
GCA_025697755.1	2	2	2	1	2	2	2	2	2	2	2	2	2	2
GCA_025697885.1	2	2	2	1	2	2	2	2	2	2	2	2	2	2
GCA_025697945.1	2	2	2	1	2	2	2	2	2	2	2	2	2	2
GCA_025698575.1	2	2	2	1	2	2	2	2	2	2	2	2	2	2
GCA_025698675.1	2	2	2	1	2	2	2	2	2	2	2	2	2	2
