	ceftazidime	colistin	trimethoprim_sulfamethoxazole	ciprofloxacin	tobramycin	amikacin	ampicillin	cefoxitin	azithromycin	gentamicin	cefotaxime	tetracycline	nalidixic_acid	ertapenem	ceftriaxone	sulfisoxazole	streptomycin	ticarcillin_clavulanic_acid	trimethoprim	cefpirome	temocillin
GCA_026502625.1	1	0	1	2	1	0	1	1	1	1	2	1	2	2	1	2	2	1	2	2	2
GCA_026694125.1	1	0	1	2	1	0	1	1	1	1	2	1	2	2	1	2	2	1	2	2	2
GCA_026492845.1	1	0	1	2	1	0	1	1	1	1	2	1	2	2	1	2	2	1	2	2	2
GCA_026492645.1	1	0	1	2	0	0	1	0	0	1	2	1	2	2	1	2	2	0	2	2	2
GCA_026492925.1	1	0	0	2	0	0	1	0	0	0	2	0	2	2	1	2	2	1	2	2	2
GCA_026491945.1	1	0	1	2	1	0	1	1	1	1	2	1	2	2	1	2	2	1	2	2	2
GCA_026491845.1	1	0	1	2	1	0	1	1	1	1	2	1	2	2	1	2	2	1	2	2	2
GCA_026491825.1	1	0	1	2	1	0	1	1	1	1	2	1	2	2	1	2	2	1	2	2	2
GCA_026491765.1	1	0	0	2	0	0	1	0	0	0	2	0	2	2	1	2	2	1	2	2	2
GCA_026491705.1	1	0	1	2	1	0	1	1	1	1	2	1	2	2	1	2	2	1	2	2	2
GCA_026491645.1	1	0	1	2	1	0	1	1	1	1	2	1	2	2	1	2	2	1	2	2	2
GCA_026491605.1	1	0	0	2	0	0	1	0	0	0	2	0	2	2	1	2	2	0	2	2	2
GCA_026491585.1	1	0	1	2	1	0	1	1	1	1	2	1	2	2	1	2	2	1	2	2	2
GCA_026491625.1	1	0	1	2	1	0	1	1	1	1	2	1	2	2	1	2	2	1	2	2	2
GCA_026873195.1	1	0	1	2	1	0	1	1	1	1	2	1	2	2	1	2	2	1	2	2	2
GCA_026503365.1	1	0	1	2	1	0	1	0	1	1	2	1	2	2	1	2	2	1	2	2	2
GCA_014031815.1	1	2	2	0	1	1	1	1	0	1	1	1	0	1	2	2	1	2	1	1	1
GCA_014032595.1	1	2	2	0	1	1	1	1	1	1	1	1	0	1	2	2	1	2	1	1	1
GCA_014028995.1	1	2	2	0	1	1	1	1	0	1	1	1	0	1	2	2	1	2	1	1	1
GCA_014031655.1	1	2	2	0	1	1	1	1	0	1	1	1	0	1	2	2	1	2	1	1	1
GCA_014034515.1	1	2	2	1	1	1	1	1	0	1	1	1	1	1	2	2	1	2	1	1	1
GCA_014027535.1	1	2	2	1	1	1	1	1	0	1	1	1	1	1	2	2	1	2	1	1	1
GCA_014034055.1	1	2	2	1	1	1	1	1	1	1	1	1	1	1	2	2	1	2	1	1	1
GCA_014029675.1	1	2	2	1	0	0	1	1	0	0	1	0	1	1	2	2	0	2	1	1	1
GCA_014032175.1	1	2	2	1	1	1	1	1	0	1	1	1	1	1	2	2	1	2	1	1	1
GCA_014027715.1	1	2	2	1	1	1	1	1	0	1	1	1	1	1	2	2	1	2	1	1	1
GCA_014030935.1	1	2	2	1	1	1	1	1	0	1	1	1	1	1	2	2	1	2	1	1	1
GCA_014033905.1	1	2	2	1	1	1	1	1	1	1	1	1	1	1	2	2	1	2	1	1	1
GCA_004289015.1	1	2	2	1	1	1	1	1	0	1	1	1	1	1	2	2	1	2	1	1	1
GCA_014029455.1	1	2	2	0	1	1	1	1	0	1	1	0	0	1	2	2	1	2	1	1	1
GCA_014030175.1	1	2	2	1	1	1	1	1	0	1	1	1	1	1	2	2	1	2	1	1	1
GCA_014008955.1	1	2	2	1	0	0	1	1	0	0	1	0	1	1	2	2	0	2	1	1	1
GCA_014030875.1	1	2	2	1	1	1	1	1	1	1	1	1	1	1	2	2	1	2	1	1	1
GCA_014031455.1	1	2	2	0	1	1	1	1	1	1	1	1	0	1	2	2	1	2	1	1	1
GCA_014029855.1	1	2	2	0	1	1	1	1	0	1	1	0	0	1	2	2	1	2	1	1	1
GCA_014016595.1	1	2	2	1	1	1	1	1	0	1	1	1	1	1	2	2	1	2	1	1	1
GCA_014033015.1	1	2	2	1	0	0	1	1	0	0	1	0	1	1	2	2	0	2	1	1	1
GCA_014023325.1	1	2	2	0	0	0	1	1	0	0	1	1	0	1	2	2	0	2	1	1	1
GCA_014016565.1	1	2	2	0	1	1	1	1	0	1	1	1	0	1	2	2	1	2	1	1	1
GCA_014030995.1	1	2	2	1	1	1	1	1	0	1	1	1	1	1	2	2	1	2	1	1	1
GCA_014032755.1	1	2	2	1	1	1	1	1	0	1	1	1	1	1	2	2	1	2	1	1	1
GCA_014019655.1	1	2	2	1	1	1	1	1	0	1	1	1	1	1	2	2	1	2	1	1	1
GCA_014032935.1	1	2	2	1	1	1	1	1	0	1	1	1	1	1	2	2	1	2	1	1	1
GCA_014011355.1	1	2	2	1	1	1	1	1	1	1	1	1	1	1	2	2	1	2	1	1	1
GCA_014019615.1	1	2	2	1	1	1	1	1	0	1	1	1	1	1	2	2	1	2	1	1	1
GCA_014021655.1	1	2	2	0	1	1	1	1	0	1	1	0	0	1	2	2	1	2	0	1	1
GCA_014033315.1	1	2	2	0	1	1	1	1	0	1	1	1	0	1	2	2	1	2	1	1	1
GCA_014030055.1	1	2	2	1	1	1	1	1	1	1	1	0	1	1	2	2	1	2	1	1	1
GCA_014021075.1	1	2	2	0	1	1	1	1	0	1	1	1	0	1	2	2	1	2	1	1	1
GCA_014034375.1	1	2	2	0	1	1	1	1	1	1	1	1	0	1	2	2	1	2	1	1	1
GCA_014011415.1	1	2	2	0	1	1	1	1	1	1	1	1	0	1	2	2	1	2	1	1	1
GCA_014010415.1	1	2	2	0	1	1	1	1	1	1	1	1	0	1	2	2	1	2	1	1	1
GCA_014023395.1	1	2	2	0	1	1	1	1	1	1	1	0	0	1	2	2	1	2	1	1	1
GCA_014032095.1	1	2	2	1	1	1	1	1	1	1	1	1	1	1	2	2	1	2	1	1	1
GCA_014030115.1	1	2	2	0	1	1	1	1	1	1	1	1	0	1	2	2	1	2	1	1	1
GCA_014032015.1	1	2	2	1	0	0	1	1	1	0	1	0	1	1	2	2	0	2	1	1	1
GCA_014032235.1	1	2	2	0	1	1	1	1	1	1	1	1	0	1	2	2	1	2	1	1	1
GCA_014030395.1	1	2	2	1	1	1	1	1	0	1	1	1	1	1	2	2	1	2	1	1	1
GCA_014029915.1	1	2	2	0	1	1	1	1	1	1	1	1	0	1	2	2	1	2	1	1	1
GCA_014031935.1	1	2	2	0	1	1	1	1	0	1	1	1	0	1	2	2	1	2	1	1	1
GCA_014030855.1	1	2	2	0	1	1	1	1	1	1	1	1	0	1	2	2	1	2	1	1	1
GCA_014021355.1	1	2	2	1	1	1	1	1	1	1	1	1	1	1	2	2	1	2	1	1	1
GCA_014029415.1	1	2	2	0	1	1	1	1	0	1	1	1	0	1	2	2	1	2	1	1	1
GCA_014031875.1	1	2	2	1	1	1	1	1	1	1	1	1	1	1	2	2	1	2	1	1	1
GCA_014034575.1	1	2	2	1	1	1	1	1	1	1	1	0	1	1	2	2	1	2	1	1	1
GCA_014033815.1	1	2	2	0	1	1	1	1	0	1	1	0	0	1	2	2	1	2	1	1	1
GCA_014031735.1	1	2	2	0	1	1	1	1	1	1	1	0	0	1	2	2	1	2	1	1	1
GCA_014023975.1	1	2	2	0	1	1	1	1	1	1	1	1	0	1	2	2	1	2	1	1	1
GCA_014006455.1	1	2	2	1	1	1	1	1	1	1	1	1	1	1	2	2	1	2	1	1	1
GCA_014031435.1	1	2	2	0	0	0	1	1	0	0	1	1	0	1	2	2	0	2	1	1	1
GCA_014025875.1	1	2	2	0	0	0	1	1	0	0	1	1	0	1	2	2	0	2	1	1	1
GCA_014031755.1	1	2	2	0	1	1	1	1	1	1	1	1	0	1	2	2	1	2	1	1	1
GCA_014030595.1	1	2	2	0	1	1	1	1	1	1	1	1	0	1	2	2	1	2	1	1	1
GCA_014030255.1	1	2	2	0	1	1	1	1	1	1	1	1	0	1	2	2	1	2	1	1	1
GCA_014033235.1	1	2	2	1	0	0	1	1	1	0	1	0	1	1	2	2	0	2	1	1	1
GCA_014030095.1	1	2	2	0	1	1	1	1	0	1	1	1	0	1	2	2	1	2	1	1	1
GCA_014013235.1	1	2	2	0	0	0	1	1	0	0	1	1	0	1	2	2	0	2	1	1	1
GCA_014030895.1	1	2	2	0	1	1	1	1	1	1	1	0	0	1	2	2	1	2	1	1	1
GCA_014029575.1	1	2	2	1	1	1	1	1	1	1	1	1	1	1	2	2	1	2	1	1	1
GCA_014025195.1	1	2	2	0	1	1	1	1	1	1	1	1	0	1	2	2	1	2	1	1	1
GCA_014032355.1	1	2	2	1	1	1	1	1	0	1	1	1	1	1	2	2	1	2	1	1	1
GCA_014030915.1	1	2	2	1	1	1	1	1	0	1	1	1	1	1	2	2	1	2	1	1	1
GCA_014032855.1	1	2	2	0	1	1	1	1	0	1	1	0	0	1	2	2	1	2	1	1	1
GCA_014031195.1	1	2	2	1	0	0	1	1	0	0	1	1	1	1	2	2	0	2	1	1	1
GCA_014033875.1	1	2	2	0	0	0	1	1	0	0	1	1	0	1	2	2	0	2	1	1	1
GCA_014010075.1	1	2	2	0	1	1	1	1	1	1	1	0	0	1	2	2	1	2	1	1	1
GCA_014032215.1	1	2	2	1	1	1	1	1	0	1	1	1	1	1	2	2	1	2	1	1	1
GCA_014031695.1	1	2	2	0	1	1	1	1	0	1	1	1	0	1	2	2	1	2	1	1	1
GCA_004799185.1	1	0	1	0	0	0	1	0	2	0	1	1	2	0	1	2	2	2	2	2	2
GCA_029720105.1	1	2	1	1	0	0	1	0	1	0	1	1	1	0	1	2	2	2	2	2	2
GCA_046376025.1	1	2	2	1	2	2	1	0	2	0	1	1	1	2	2	2	2	2	1	2	2
GCA_046376005.1	1	2	2	1	2	2	1	0	2	0	1	0	1	2	2	2	2	2	1	2	2
GCA_003606425.1	0	1	0	0	0	0	1	0	1	0	0	0	2	0	0	2	2	2	2	2	2
GCA_026502725.1	0	0	1	2	1	0	1	0	1	1	2	1	2	2	1	2	2	1	2	2	2
GCA_026502685.1	0	0	1	2	1	0	1	0	1	1	2	1	2	2	1	2	2	1	2	2	2
GCA_026502705.1	0	0	1	2	1	0	1	0	1	1	2	1	2	2	1	2	2	1	2	2	2
GCA_026502645.1	0	0	1	2	1	0	1	0	1	1	2	1	2	2	1	2	2	1	2	2	2
GCA_026696345.1	0	0	1	2	1	0	1	0	1	1	2	1	2	2	1	2	2	1	2	2	2
GCA_026502605.1	0	0	1	2	1	0	1	0	1	1	2	1	2	2	1	2	2	1	2	2	2
GCA_026502585.1	0	0	1	2	1	0	1	0	1	1	2	1	2	2	1	2	2	1	2	2	2
GCA_026491545.1	0	0	1	2	1	0	1	0	1	1	2	1	2	2	1	2	2	1	2	2	2
GCA_026696325.1	0	0	1	2	1	0	1	0	1	1	2	1	2	2	1	2	2	1	2	2	2
GCA_026491565.1	0	0	1	2	1	0	1	0	1	1	2	1	2	2	1	2	2	1	2	2	2
GCA_026491505.1	0	0	1	2	1	0	1	0	1	1	2	1	2	2	1	2	2	1	2	2	2
GCA_026491485.1	0	0	1	2	1	0	1	0	1	1	2	1	2	2	1	2	2	1	2	2	2
GCA_026490185.1	0	0	1	2	1	0	1	0	1	1	2	1	2	2	1	2	2	1	2	2	2
GCA_026490165.1	0	0	1	2	1	0	1	0	1	1	2	1	2	2	1	2	2	1	2	2	2
GCA_026490105.1	0	0	1	2	1	0	1	0	1	1	2	1	2	2	1	2	2	1	2	2	2
GCA_026490135.1	0	0	1	2	1	0	1	0	1	1	2	1	2	2	1	2	2	1	2	2	2
GCA_026490125.1	0	0	1	2	1	0	1	0	1	1	2	1	2	2	1	2	2	1	2	2	2
GCA_026490065.1	0	0	1	2	1	0	1	0	1	1	2	1	2	2	1	2	2	1	2	2	2
GCA_026490085.1	0	0	1	2	1	0	1	0	1	1	2	1	2	2	1	2	2	1	2	2	2
GCA_026490025.1	0	0	1	2	1	0	1	0	1	1	2	1	2	2	1	2	2	1	2	2	2
GCA_026489945.1	0	0	1	2	1	0	1	0	1	1	2	1	2	2	1	2	2	1	2	2	2
GCA_026489925.1	0	0	1	2	1	0	1	0	1	1	2	1	2	2	1	2	2	1	2	2	2
GCA_026490005.1	0	0	1	2	1	0	1	0	1	1	2	1	2	2	1	2	2	1	2	2	2
GCA_026489985.1	0	0	1	2	1	0	1	0	1	1	2	1	2	2	1	2	2	1	2	2	2
GCA_026489205.1	0	0	1	2	1	0	1	0	1	1	2	1	2	2	1	2	2	1	2	2	2
GCA_026489165.1	0	0	1	2	1	0	1	0	1	1	2	1	2	2	1	2	2	1	2	2	2
GCA_026489145.1	0	0	1	2	1	0	1	0	1	1	2	1	2	2	1	2	2	1	2	2	2
GCA_026489125.1	0	0	1	2	1	0	1	0	1	1	2	1	2	2	1	2	2	1	2	2	2
GCA_026873175.1	0	0	1	2	1	0	1	0	1	1	2	1	2	2	1	2	2	1	2	2	2
GCA_026696265.1	0	0	1	2	1	0	1	0	1	1	2	1	2	2	1	2	2	1	2	2	2
GCA_026489105.1	0	0	1	2	1	0	1	0	1	1	2	1	2	2	1	2	2	1	2	2	2
GCA_026489085.1	0	0	1	2	1	0	1	0	1	1	2	1	2	2	1	2	2	1	2	2	2
GCA_026489025.1	0	0	1	2	1	0	1	0	1	1	2	1	2	2	1	2	2	1	2	2	2
GCA_026489005.1	0	0	1	2	1	0	1	0	1	1	2	1	2	2	1	2	2	1	2	2	2
GCA_026489045.1	0	0	1	2	1	0	1	0	1	1	2	1	2	2	1	2	2	1	2	2	2
GCA_026502805.1	0	0	1	2	0	0	0	0	0	0	2	1	2	2	0	2	2	0	2	2	2
GCA_026502765.1	0	0	0	2	0	0	0	0	0	0	2	0	2	2	0	2	2	0	2	2	2
GCA_026502785.1	0	0	1	2	0	0	1	0	0	0	2	1	2	2	0	2	2	1	2	2	2
GCA_026502745.1	0	0	1	2	0	0	0	0	0	0	2	1	2	2	0	2	2	0	2	2	2
GCA_026488985.1	0	0	1	2	1	0	1	0	0	1	2	1	2	2	1	2	2	1	2	2	2
GCA_026488965.1	0	0	1	2	0	0	1	0	0	0	2	1	2	2	1	2	2	1	2	2	2
GCA_026492725.1	0	0	1	2	0	0	0	0	0	0	2	1	2	2	0	2	2	0	2	2	2
GCA_026492705.1	0	0	1	2	0	0	0	0	0	0	2	1	2	2	0	2	2	0	2	2	2
GCA_026698885.1	0	0	1	2	0	0	1	0	0	0	2	1	2	2	1	2	2	1	2	2	2
GCA_026493005.1	0	0	1	2	1	0	1	1	0	1	2	1	2	2	1	2	2	0	2	2	2
GCA_026492945.1	0	0	0	2	0	0	0	0	0	0	2	0	2	2	0	2	2	0	2	2	2
GCA_026503005.1	0	0	1	2	0	0	0	0	0	0	2	1	2	2	0	2	2	0	2	2	2
GCA_026480505.1	0	0	1	2	0	0	0	0	0	0	2	1	2	2	0	2	2	0	2	2	2
GCA_026480485.1	0	0	1	2	1	0	1	0	1	1	2	1	2	2	1	2	2	0	2	2	2
GCA_026492685.1	0	0	1	2	1	0	1	0	0	1	2	1	2	2	1	2	2	1	2	2	2
GCA_026492665.1	0	0	1	2	1	0	1	0	0	1	2	1	2	2	1	2	2	1	2	2	2
GCA_026492625.1	0	0	1	2	1	0	1	0	0	1	2	1	2	2	1	2	2	1	2	2	2
GCA_026492605.1	0	0	1	2	0	0	1	0	0	0	2	1	2	2	1	2	2	0	2	2	2
GCA_026693345.1	0	0	1	2	1	0	1	0	1	1	2	1	2	2	1	2	2	0	2	2	2
GCA_026492565.1	0	0	1	2	0	0	1	0	0	1	2	0	2	2	1	2	2	0	2	2	2
GCA_026492905.1	0	0	1	2	0	0	0	0	0	0	2	1	2	2	0	2	2	0	2	2	2
GCA_026492885.1	0	0	0	2	0	0	1	0	0	0	2	0	2	2	1	2	2	0	2	2	2
GCA_026492805.1	0	0	0	2	0	0	1	0	0	0	2	0	2	2	1	2	2	1	2	2	2
GCA_026492825.1	0	0	1	2	1	0	1	0	1	1	2	1	2	2	1	2	2	1	2	2	2
GCA_026492775.1	0	0	1	2	1	0	1	0	0	1	2	1	2	2	1	2	2	1	2	2	2
GCA_026492765.1	0	0	0	2	0	0	1	0	0	0	2	0	2	2	1	2	2	1	2	2	2
GCA_026492165.1	0	0	1	2	1	0	1	0	0	1	2	1	2	2	1	2	2	1	2	2	2
GCA_026492145.1	0	0	1	2	0	0	1	0	0	0	2	1	2	2	1	2	2	1	2	2	2
GCA_026492125.1	0	0	0	2	0	0	1	0	1	0	2	0	2	2	1	2	2	0	2	2	2
GCA_026492105.1	0	0	1	2	1	0	1	0	1	1	2	0	2	2	1	2	2	0	2	2	2
GCA_026492085.1	0	0	1	2	1	0	1	0	1	1	2	0	2	2	1	2	2	1	2	2	2
GCA_026492065.1	0	0	1	2	1	0	1	0	0	1	2	1	2	2	1	2	2	1	2	2	2
GCA_026492025.1	0	0	1	2	1	0	1	0	1	1	2	1	2	2	1	2	2	1	2	2	2
GCA_026491965.1	0	0	1	2	1	0	1	0	0	1	2	1	2	2	1	2	2	1	2	2	2
GCA_026492005.1	0	1	1	2	1	0	1	0	0	1	2	1	2	2	1	2	2	1	2	2	2
GCA_026491985.1	0	0	1	2	1	0	1	0	0	1	2	1	2	2	1	2	2	1	2	2	2
GCA_026491925.1	0	0	1	2	1	0	1	0	0	1	2	1	2	2	1	2	2	1	2	2	2
GCA_026700245.1	0	0	1	2	1	0	1	0	0	1	2	1	2	2	1	2	2	0	2	2	2
GCA_026491885.1	0	0	1	2	0	0	1	0	0	0	2	0	2	2	1	2	2	1	2	2	2
GCA_026873095.1	0	1	1	2	1	0	1	0	0	1	2	1	2	2	1	2	2	1	2	2	2
GCA_026491905.1	0	1	1	2	1	0	1	0	0	1	2	1	2	2	1	2	2	1	2	2	2
GCA_026491865.1	0	0	0	2	1	0	1	0	0	1	2	0	2	2	1	2	2	1	2	2	2
GCA_026491785.1	0	0	1	2	1	0	1	0	1	1	2	1	2	2	1	2	2	0	2	2	2
GCA_026491745.1	0	0	1	2	1	0	1	0	0	1	2	1	2	2	0	2	2	0	2	2	2
GCA_026491725.1	0	0	1	2	1	0	1	0	0	1	2	1	2	2	1	2	2	1	2	2	2
GCA_026491685.1	0	0	1	2	1	0	1	0	1	1	2	1	2	2	1	2	2	1	2	2	2
GCA_026491665.1	0	0	1	2	1	0	1	0	1	1	2	1	2	2	1	2	2	1	2	2	2
GCA_026488945.1	0	0	1	2	1	0	1	0	1	1	2	1	2	2	1	2	2	1	2	2	2
GCA_026488905.1	0	0	1	2	1	0	1	0	1	1	2	1	2	2	1	2	2	1	2	2	2
GCA_026488865.1	0	0	1	2	1	0	1	0	1	1	2	1	2	2	1	2	2	0	2	2	2
GCA_026696285.1	0	0	1	2	1	0	1	0	1	1	2	1	2	2	1	2	2	1	2	2	2
GCA_026488885.1	0	0	1	2	1	0	1	0	1	1	2	1	2	2	1	2	2	1	2	2	2
GCA_026488845.1	0	0	1	2	1	0	1	0	1	1	2	1	2	2	1	2	2	0	2	2	2
GCA_026488825.1	0	0	1	2	1	0	1	0	1	1	2	1	2	2	1	2	2	1	2	2	2
GCA_026488805.1	0	0	1	2	1	0	1	0	1	1	2	1	2	2	1	2	2	0	2	2	2
GCA_026488775.1	0	0	1	2	1	0	1	0	1	1	2	1	2	2	1	2	2	1	2	2	2
GCA_026488765.1	0	0	1	2	1	1	1	0	1	1	2	1	2	2	1	2	2	0	2	2	2
GCA_026482145.1	0	0	1	2	1	0	1	0	1	1	2	1	2	2	1	2	2	0	2	2	2
GCA_026482185.1	0	0	1	2	1	0	1	0	1	1	2	1	2	2	1	2	2	1	2	2	2
GCA_026482165.1	0	0	1	2	1	0	1	0	1	1	2	1	2	2	1	2	2	0	2	2	2
GCA_026482125.1	0	0	1	2	1	0	1	0	1	1	2	1	2	2	1	2	2	0	2	2	2
GCA_026482045.1	0	0	1	2	1	0	1	0	1	1	2	1	2	2	1	2	2	0	2	2	2
GCA_026482105.1	0	0	1	2	1	0	1	0	1	1	2	1	2	2	1	2	2	0	2	2	2
GCA_026481125.1	0	0	1	2	1	0	1	0	1	1	2	1	2	2	1	2	2	0	2	2	2
GCA_026481185.1	0	0	0	2	1	0	1	0	1	1	2	0	2	2	1	2	2	1	2	2	2
GCA_026693435.1	0	0	0	2	1	0	1	0	1	1	2	0	2	2	1	2	2	1	2	2	2
GCA_026693365.1	0	1	1	2	1	0	1	0	1	1	2	1	2	2	1	2	2	1	2	2	2
GCA_026481105.1	0	0	1	2	1	0	1	0	1	1	2	1	2	2	1	2	2	1	2	2	2
GCA_026481165.1	0	0	1	2	1	0	1	0	1	1	2	1	2	2	1	2	2	1	2	2	2
GCA_026481085.1	0	1	1	2	1	0	1	0	1	1	2	1	2	2	1	2	2	0	2	2	2
GCA_026481065.1	0	1	1	2	1	0	1	0	1	1	2	1	2	2	1	2	2	0	2	2	2
GCA_026481045.1	0	1	1	2	1	0	1	0	1	1	2	1	2	2	1	2	2	1	2	2	2
GCA_026481025.1	0	0	1	2	1	0	1	0	1	1	2	1	2	2	1	2	2	1	2	2	2
GCA_026480985.1	0	0	1	2	1	0	1	0	1	1	2	1	2	2	1	2	2	1	2	2	2
GCA_026481005.1	0	0	1	2	1	0	1	0	1	1	2	1	2	2	1	2	2	1	2	2	2
GCA_026480965.1	0	1	1	2	1	0	1	0	1	1	2	1	2	2	1	2	2	1	2	2	2
GCA_026480945.1	0	1	1	2	1	0	1	0	1	1	2	1	2	2	1	2	2	1	2	2	2
GCA_026480885.1	0	1	1	2	1	0	1	0	1	1	2	1	2	2	1	2	2	0	2	2	2
GCA_026480905.1	0	1	1	2	1	0	1	0	1	1	2	1	2	2	1	2	2	0	2	2	2
GCA_026480865.1	0	1	1	2	1	0	1	0	1	1	2	1	2	2	1	2	2	1	2	2	2
GCA_026693285.1	0	1	1	2	1	0	1	0	1	1	2	1	2	2	1	2	2	1	2	2	2
GCA_026693325.1	0	1	1	2	1	0	1	0	1	1	2	1	2	2	1	2	2	1	2	2	2
GCA_026693625.1	0	0	1	2	1	0	1	0	1	1	2	1	2	2	1	2	2	0	2	2	2
GCA_026480845.1	0	1	1	2	1	0	1	0	1	1	2	1	2	2	1	2	2	0	2	2	2
GCA_026480825.1	0	1	1	2	1	0	1	0	1	1	2	1	2	2	1	2	2	1	2	2	2
GCA_026480805.1	0	1	1	2	1	0	1	0	1	1	2	1	2	2	1	2	2	1	2	2	2
GCA_026480765.1	0	1	1	2	1	0	1	0	1	1	2	1	2	2	1	2	2	1	2	2	2
GCA_026480725.1	0	1	1	2	1	0	1	0	1	1	2	1	2	2	1	2	2	1	2	2	2
GCA_026480745.1	0	1	1	2	1	0	1	0	1	1	2	1	2	2	1	2	2	0	2	2	2
GCA_026480705.1	0	1	1	2	1	0	1	0	1	1	2	1	2	2	1	2	2	0	2	2	2
GCA_026480645.1	0	1	1	2	1	0	1	0	1	1	2	1	2	2	1	2	2	1	2	2	2
GCA_026480665.1	0	1	1	2	1	0	1	0	1	1	2	1	2	2	1	2	2	1	2	2	2
GCA_026480685.1	0	0	1	2	1	0	1	0	1	1	2	1	2	2	1	2	2	1	2	2	2
GCA_026480625.1	0	1	1	2	1	0	1	0	1	1	2	1	2	2	1	2	2	1	2	2	2
GCA_026480585.1	0	1	1	2	1	0	1	0	1	1	2	1	2	2	1	2	2	1	2	2	2
GCA_026480565.1	0	0	1	2	1	0	1	1	1	1	2	1	2	2	1	2	2	0	2	2	2
GCA_026480605.1	0	1	1	2	1	0	1	1	1	1	2	1	2	2	1	2	2	1	2	2	2
GCA_026480545.1	0	0	1	2	1	0	1	0	1	1	2	1	2	2	1	2	2	1	2	2	2
GCA_026480525.1	0	0	1	2	1	0	1	0	1	1	2	1	2	2	1	2	2	1	2	2	2
GCA_026693295.1	0	1	1	2	1	0	1	0	1	1	2	1	2	2	1	2	2	1	2	2	2
GCA_026480425.1	0	1	1	2	1	0	1	0	1	1	2	1	2	2	1	2	2	1	2	2	2
GCA_026480465.1	0	1	1	2	1	0	1	0	1	1	2	1	2	2	1	2	2	1	2	2	2
GCA_026506235.1	0	0	1	2	1	0	1	0	1	1	2	1	2	2	1	2	2	1	2	2	2
GCA_026506205.1	0	0	1	2	1	0	1	0	1	1	2	1	2	2	1	2	2	1	2	2	2
GCA_026873075.1	0	0	1	2	1	0	1	0	1	1	2	1	2	2	1	2	2	1	2	2	2
GCA_026506185.1	0	0	1	2	1	0	1	0	1	1	2	1	2	2	1	2	2	1	2	2	2
GCA_026506165.1	0	0	1	2	1	0	1	0	1	1	2	1	2	2	1	2	2	0	2	2	2
GCA_026506145.1	0	0	1	2	1	0	1	0	1	1	2	1	2	2	1	2	2	1	2	2	2
GCA_026506125.1	0	0	0	2	1	0	1	0	1	1	2	1	2	2	1	2	2	0	2	2	2
GCA_026506085.1	0	0	1	2	1	0	1	0	1	1	2	1	2	2	1	2	2	1	2	2	2
GCA_026506045.1	0	0	1	2	1	0	1	0	1	1	2	1	2	2	1	2	2	1	2	2	2
GCA_026506005.1	0	0	0	2	1	0	1	0	1	1	2	1	2	2	1	2	2	1	2	2	2
GCA_026506065.1	0	0	1	2	1	0	1	0	1	1	2	1	2	2	1	2	2	1	2	2	2
GCA_026506015.1	0	0	1	2	1	0	1	0	1	1	2	1	2	2	1	2	2	1	2	2	2
GCA_026693605.1	0	0	1	2	1	0	1	0	1	1	2	1	2	2	1	2	2	1	2	2	2
GCA_026693415.1	0	0	1	2	1	0	1	0	1	1	2	1	2	2	1	2	2	0	2	2	2
GCA_026505985.1	0	0	1	2	1	0	1	0	1	1	2	1	2	2	1	2	2	1	2	2	2
GCA_026505945.1	0	0	1	2	1	0	1	0	1	1	2	1	2	2	1	2	2	0	2	2	2
GCA_026505965.1	0	0	1	2	1	0	1	0	1	1	2	1	2	2	1	2	2	0	2	2	2
GCA_026505925.1	0	0	1	2	1	0	1	0	1	1	2	1	2	2	1	2	2	1	2	2	2
GCA_026505905.1	0	0	1	2	1	0	1	0	1	1	2	1	2	2	1	2	2	1	2	2	2
GCA_026505885.1	0	0	1	2	1	0	1	0	1	1	2	1	2	2	1	2	2	1	2	2	2
GCA_026505865.1	0	0	1	2	1	0	1	0	1	1	2	1	2	2	1	2	2	1	2	2	2
GCA_026505845.1	0	0	1	2	1	0	1	0	1	1	2	1	2	2	1	2	2	1	2	2	2
GCA_026505785.1	0	0	1	2	1	0	1	0	1	1	2	1	2	2	1	2	2	1	2	2	2
GCA_026505805.1	0	0	1	2	1	0	1	0	1	1	2	1	2	2	1	2	2	1	2	2	2
GCA_026505765.1	0	0	1	2	1	0	1	0	1	1	2	1	2	2	1	2	2	1	2	2	2
GCA_026505745.1	0	0	1	2	1	0	1	0	1	1	2	1	2	2	1	2	2	1	2	2	2
GCA_026505665.1	0	0	1	2	1	0	1	0	1	1	2	1	2	2	1	2	2	1	2	2	2
GCA_026505725.1	0	0	1	2	1	0	1	0	1	1	2	1	2	2	1	2	2	1	2	2	2
GCA_026505705.1	0	0	1	2	1	0	1	0	1	1	2	1	2	2	1	2	2	1	2	2	2
GCA_026505685.1	0	0	1	2	1	0	1	0	1	1	2	1	2	2	1	2	2	1	2	2	2
GCA_026505625.1	0	0	1	2	1	0	1	0	1	1	2	1	2	2	1	2	2	1	2	2	2
GCA_026504285.1	0	0	1	2	1	0	1	0	1	1	2	1	2	2	1	2	2	1	2	2	2
GCA_026504215.1	0	0	1	2	1	0	1	0	1	1	2	1	2	2	1	2	2	1	2	2	2
GCA_026504245.1	0	0	1	2	1	0	1	0	1	1	2	1	2	2	1	2	2	1	2	2	2
GCA_026504265.1	0	0	1	2	1	0	1	0	1	1	2	1	2	2	1	2	2	1	2	2	2
GCA_026503185.1	0	0	1	2	1	0	1	0	1	1	2	1	2	2	1	2	2	1	2	2	2
GCA_026503125.1	0	0	1	2	1	0	1	0	1	1	2	1	2	2	1	2	2	1	2	2	2
GCA_026503345.1	0	0	1	2	1	0	1	0	1	1	2	1	2	2	1	2	2	1	2	2	2
GCA_026503135.1	0	0	1	2	1	0	1	0	1	1	2	1	2	2	1	2	2	1	2	2	2
GCA_026503105.1	0	0	1	2	1	0	1	0	1	1	2	1	2	2	1	2	2	1	2	2	2
GCA_026503165.1	0	0	1	2	1	0	1	0	1	1	2	1	2	2	1	2	2	1	2	2	2
GCA_026503385.1	0	0	1	2	1	0	1	0	1	1	2	1	2	2	1	2	2	1	2	2	2
GCA_026503065.1	0	0	1	2	1	0	1	0	1	1	2	1	2	2	1	2	2	1	2	2	2
GCA_026503025.1	0	0	1	2	1	0	1	0	1	1	2	1	2	2	1	2	2	1	2	2	2
GCA_026503045.1	0	0	1	2	1	0	1	0	1	1	2	1	2	2	1	2	2	1	2	2	2
GCA_026503085.1	0	0	1	2	1	0	1	0	1	1	2	1	2	2	1	2	2	1	2	2	2
GCA_026502985.1	0	0	1	2	1	0	1	0	1	1	2	1	2	2	1	2	2	1	2	2	2
GCA_026502965.1	0	0	1	2	1	0	1	0	1	1	2	1	2	2	1	2	2	1	2	2	2
GCA_026502945.1	0	0	1	2	1	0	1	0	1	1	2	1	2	2	1	2	2	1	2	2	2
GCA_026502925.1	0	0	1	2	1	0	1	0	1	1	2	1	2	2	1	2	2	1	2	2	2
GCA_026502905.1	0	0	1	2	1	0	1	0	1	1	2	1	2	2	1	2	2	1	2	2	2
GCA_026502885.1	0	0	1	2	1	0	1	0	1	1	2	1	2	2	1	2	2	1	2	2	2
GCA_026502865.1	0	0	1	2	1	0	1	0	1	1	2	1	2	2	1	2	2	1	2	2	2
GCA_026502825.1	0	0	1	2	1	0	1	0	1	1	2	1	2	2	1	2	2	1	2	2	2
GCA_026502845.1	0	0	1	2	1	0	1	0	1	1	2	1	2	2	1	2	2	1	2	2	2
GCA_026502665.1	0	0	1	2	1	0	1	0	1	1	2	1	2	2	1	2	2	1	2	2	2
GCA_026491525.1	0	0	1	2	1	0	1	0	1	1	2	1	2	2	1	2	2	1	2	2	2
GCA_026490045.1	0	0	1	2	1	0	1	0	1	1	2	1	2	2	1	2	2	1	2	2	2
GCA_026489065.1	0	0	1	2	1	0	1	0	0	1	2	1	2	2	1	2	2	1	2	2	2
GCA_026492745.1	0	0	1	2	1	0	1	0	0	1	2	1	2	2	1	2	2	1	2	2	2
GCA_026492585.1	0	0	1	2	1	0	1	0	0	1	2	1	2	2	1	2	2	1	2	2	2
GCA_026492325.1	0	0	1	2	1	0	1	0	0	1	2	1	2	2	1	2	2	1	2	2	2
GCA_026501185.1	0	0	1	2	1	0	1	0	0	1	2	1	2	2	1	2	2	1	2	2	2
GCA_026493105.1	0	0	1	2	1	0	1	0	0	1	2	1	2	2	1	2	2	1	2	2	2
GCA_026492865.1	0	0	1	2	1	0	1	0	0	1	2	1	2	2	1	2	2	1	2	2	2
GCA_026492045.1	0	0	1	2	1	0	1	0	0	1	2	1	2	2	1	2	2	0	2	2	2
GCA_026491805.1	0	0	1	2	1	0	1	0	0	1	2	1	2	2	1	2	2	1	2	2	2
GCA_026698245.1	0	0	1	2	1	0	1	0	0	1	2	1	2	2	1	2	2	1	2	2	2
GCA_026488925.1	0	0	1	2	1	0	1	0	0	1	2	1	2	2	1	2	2	1	2	2	2
GCA_026483185.1	0	0	1	2	1	0	1	0	0	1	2	1	2	2	1	2	2	1	2	2	2
GCA_026481145.1	0	0	1	2	1	0	1	0	0	1	2	1	2	2	1	2	2	1	2	2	2
GCA_026480925.1	0	0	1	2	1	0	1	0	0	1	2	1	2	2	1	2	2	1	2	2	2
GCA_026480785.1	0	0	1	2	1	0	1	0	0	1	2	1	2	2	1	2	2	0	2	2	2
GCA_026480445.1	0	0	1	2	0	0	0	0	0	0	2	1	2	2	0	2	2	0	2	2	2
GCA_026873055.1	0	0	1	2	0	0	0	0	0	0	2	1	2	2	0	2	2	1	2	2	2
GCA_026506105.1	0	0	1	2	0	0	0	0	0	0	2	1	2	2	0	2	2	0	2	2	2
GCA_026693395.1	0	0	1	2	0	0	0	0	0	0	2	1	2	2	0	2	2	0	2	2	2
GCA_026505825.1	0	0	1	2	0	0	0	0	0	0	2	1	2	2	0	2	2	0	2	2	2
GCA_026505645.1	0	0	1	2	0	0	1	0	0	0	2	1	2	2	1	2	2	0	2	2	2
GCA_014023515.1	0	2	2	0	1	1	0	0	0	1	0	1	0	0	2	2	1	2	1	0	0
GCA_014030815.1	0	2	2	0	1	1	0	0	0	1	0	1	0	0	2	2	1	2	1	0	0
GCA_014033415.1	0	2	2	1	1	1	0	0	0	1	0	0	1	0	2	2	1	2	1	0	0
GCA_014030455.1	0	2	2	1	1	1	0	0	0	1	0	1	1	0	2	2	1	2	1	0	0
GCA_014027515.1	0	2	2	1	1	1	0	0	0	1	0	1	1	0	2	2	1	2	1	0	0
GCA_014027795.1	0	2	2	1	1	1	0	0	0	1	0	1	1	0	2	2	1	2	1	0	0
GCA_014007535.1	0	2	2	1	1	1	0	0	0	1	0	1	1	0	2	2	1	2	1	0	0
GCA_014012335.1	0	2	2	0	1	1	0	0	0	1	0	1	0	0	2	2	1	2	1	0	0
GCA_014034625.1	0	2	2	0	1	1	0	0	0	1	0	1	0	0	2	2	1	2	1	0	0
GCA_014032375.1	0	2	2	0	1	1	0	0	0	1	0	1	0	0	2	2	1	2	1	0	0
GCA_014030955.1	0	2	2	0	1	1	0	0	0	1	0	1	0	0	2	2	1	2	1	0	0
GCA_014029435.1	0	2	2	1	1	1	0	0	0	1	0	1	1	0	2	2	1	2	1	0	0
GCA_014029595.1	0	2	2	1	1	1	0	0	0	1	0	1	1	0	2	2	1	2	1	0	0
GCA_014027975.1	0	2	2	1	1	1	0	0	0	1	0	0	1	0	2	2	1	2	1	0	0
GCA_014033115.1	0	2	2	0	1	1	0	0	0	1	0	1	0	0	2	2	1	2	1	0	0
GCA_014033385.1	0	2	2	0	1	1	0	0	0	1	0	1	0	0	2	2	1	2	1	0	0
GCA_014031895.1	0	2	2	0	1	1	0	0	0	1	0	1	0	0	2	2	1	2	1	0	0
GCA_014029655.1	0	2	2	1	2	2	0	0	0	2	0	1	1	0	2	2	2	2	1	0	0
GCA_014015795.1	0	2	2	1	1	1	0	0	0	1	0	1	1	0	2	2	1	2	1	0	0
GCA_014031275.2	0	2	2	0	1	1	0	0	0	1	0	1	0	0	2	2	1	2	1	0	0
GCA_014006855.1	0	2	2	0	1	1	0	0	0	1	0	1	0	0	2	2	1	2	1	0	0
GCA_014030715.1	0	2	2	0	0	0	0	0	0	0	0	0	0	0	2	2	0	2	1	0	0
GCA_014031155.1	0	2	2	1	0	0	0	0	0	0	0	0	1	0	2	2	0	2	1	0	0
GCA_014031495.1	0	2	2	1	0	0	0	0	0	0	0	0	1	0	2	2	0	2	1	0	0
GCA_014031415.1	0	2	2	0	0	0	0	0	0	0	0	0	0	0	2	2	0	2	1	0	0
GCA_014034015.1	0	2	2	0	1	1	0	0	0	1	0	1	0	0	2	2	1	2	1	0	0
GCA_014028135.1	0	2	2	1	1	1	0	0	0	1	0	1	1	0	2	2	1	2	1	0	0
GCA_014031515.1	0	2	2	0	1	1	0	0	0	1	0	0	0	0	2	2	1	2	1	0	0
GCA_014034255.1	0	2	2	0	1	1	0	0	0	1	0	1	0	0	2	2	1	2	1	0	0
GCA_014031335.1	0	2	2	0	1	1	0	0	0	1	0	1	0	0	2	2	1	2	0	0	0
GCA_014033125.1	0	2	2	1	1	1	0	0	0	1	0	1	1	0	2	2	1	2	1	0	0
GCA_014012015.1	0	2	2	0	1	1	0	0	0	1	0	1	0	0	2	2	1	2	1	0	0
GCA_014029895.1	0	2	2	0	1	1	0	0	0	1	0	1	0	0	2	2	1	2	1	0	0
GCA_014023095.1	0	2	2	1	2	2	0	0	0	2	0	1	1	0	2	2	2	2	1	0	0
GCA_014020975.1	0	2	2	1	0	0	0	0	0	0	0	0	1	0	2	2	0	2	1	0	0
GCA_014015875.1	0	2	2	1	0	0	0	0	0	0	0	0	1	0	2	2	0	2	1	0	0
GCA_014034335.1	0	2	2	1	2	2	0	0	0	2	0	1	1	0	2	2	2	2	1	0	0
GCA_014030435.1	0	2	2	0	1	1	0	0	0	1	0	1	0	0	2	2	1	2	1	0	0
GCA_014030515.1	0	2	2	1	2	2	0	0	0	2	0	1	1	0	2	2	2	2	1	0	0
GCA_014031975.1	0	2	2	0	0	0	0	0	0	0	0	0	0	0	2	2	0	2	1	0	0
GCA_014027195.1	0	2	2	0	1	1	0	0	0	1	0	1	0	0	2	2	1	2	1	0	0
GCA_014031375.1	0	2	2	1	1	1	0	0	0	1	0	1	1	0	2	2	1	2	1	0	0
GCA_014011795.1	0	2	2	1	1	1	0	0	0	1	0	0	1	0	2	2	1	2	1	0	0
GCA_014027635.1	0	2	2	0	1	1	0	0	0	1	0	1	0	0	2	2	1	2	1	0	0
GCA_014032975.1	0	2	2	0	1	1	0	0	0	1	0	1	0	0	2	2	1	2	1	0	0
GCA_014031575.1	0	2	2	0	1	1	0	0	0	1	0	1	0	0	2	2	1	2	1	0	0
GCA_014030755.1	0	2	2	0	1	1	0	0	0	1	0	1	0	0	2	2	1	2	1	0	0
GCA_014008665.1	0	2	2	1	1	1	0	0	0	1	0	1	1	0	2	2	1	2	1	0	0
GCA_014006195.1	0	2	2	0	1	1	0	0	0	1	0	1	0	0	2	2	1	2	1	0	0
GCA_014032135.1	0	2	2	1	1	1	0	0	0	1	0	1	1	0	2	2	1	2	1	0	0
GCA_014007595.1	0	2	2	0	1	1	0	0	0	1	0	1	0	0	2	2	1	2	1	0	0
GCA_014019775.1	0	2	2	0	1	1	0	0	0	1	0	1	0	0	2	2	1	2	1	0	0
GCA_014016615.1	0	2	2	0	0	0	0	0	0	0	0	0	0	0	2	2	0	2	1	0	0
GCA_014029995.1	0	2	2	1	1	1	0	0	0	1	0	1	1	0	2	2	1	2	1	0	0
GCA_014030635.1	0	2	2	0	1	1	0	0	0	1	0	1	0	0	2	2	1	2	1	0	0
GCA_014014015.1	0	2	2	0	1	1	0	0	0	1	0	1	0	0	2	2	1	2	1	0	0
GCA_014020655.1	0	2	2	1	1	1	0	0	0	1	0	1	1	0	2	2	1	2	1	0	0
GCA_014029795.1	0	2	2	0	1	1	0	0	0	1	0	1	0	0	2	2	1	2	1	0	0
GCA_014032395.1	0	2	2	1	1	1	0	0	0	1	0	1	1	0	2	2	1	2	1	0	0
GCA_014009755.1	0	2	2	1	1	1	0	0	0	1	0	0	1	0	2	2	1	2	1	0	0
GCA_014033995.1	0	2	2	0	1	1	0	0	0	1	0	0	0	0	2	2	1	2	1	0	0
GCA_014029555.1	0	2	2	0	1	1	0	0	0	1	0	1	0	0	2	2	1	2	1	0	0
GCA_014032495.1	0	2	2	1	1	1	0	0	0	1	0	1	1	0	2	2	1	2	1	0	0
GCA_014031215.1	0	2	2	1	1	1	0	0	0	1	0	1	1	0	2	2	1	2	1	0	0
GCA_014032195.1	0	2	2	1	1	1	0	0	0	1	0	1	1	0	2	2	1	2	1	0	0
GCA_014012635.1	0	2	2	0	1	1	0	0	0	1	0	0	0	0	2	2	1	2	1	0	0
GCA_014032795.1	0	2	2	1	1	1	0	0	0	1	0	1	1	0	2	2	1	2	1	0	0
GCA_014033375.1	0	2	2	1	1	1	0	0	0	1	0	1	1	0	2	2	1	2	1	0	0
GCA_014029635.1	0	2	2	1	0	0	0	0	0	0	0	0	1	0	2	2	0	2	1	0	0
GCA_014031395.1	0	2	2	0	1	1	0	0	0	1	0	1	0	0	2	2	1	2	1	0	0
GCA_014034355.1	0	2	2	0	1	1	0	0	0	1	0	1	0	0	2	2	1	2	1	0	0
GCA_014031555.1	0	2	2	1	1	1	0	0	0	1	0	1	1	0	2	2	1	2	1	0	0
GCA_014032545.1	0	2	2	1	2	2	0	0	0	2	0	1	1	0	2	2	2	2	1	0	0
GCA_014033745.1	0	2	2	0	0	0	0	0	0	0	0	0	0	0	2	2	0	2	0	0	0
GCA_014033165.1	0	2	2	0	1	1	0	0	0	1	0	1	0	0	2	2	1	2	1	0	0
GCA_014009475.1	0	2	2	0	0	0	0	0	0	0	0	0	0	0	2	2	0	2	1	0	0
GCA_014011395.1	0	2	2	0	0	0	0	0	0	0	0	0	0	0	2	2	0	2	1	0	0
GCA_014030475.1	0	2	2	1	1	1	0	0	0	1	0	1	1	0	2	2	1	2	1	0	0
GCA_014010175.1	0	2	2	0	1	1	0	0	0	1	0	1	0	0	2	2	1	2	1	0	0
GCA_014033495.1	0	2	2	0	1	1	0	0	0	1	0	1	0	0	2	2	1	2	1	0	0
GCA_014012395.1	0	2	2	0	1	1	0	0	0	1	0	1	0	0	2	2	1	2	1	0	0
GCA_014023715.1	0	2	2	0	0	0	0	0	0	0	0	0	0	0	2	2	0	2	1	0	0
GCA_014029475.1	0	2	2	1	2	2	0	0	0	2	0	1	1	0	2	2	2	2	1	0	0
GCA_014019195.1	0	2	2	1	2	2	0	0	0	2	0	1	1	0	2	2	2	2	1	0	0
GCA_014032335.1	0	2	2	0	0	0	0	0	0	0	0	0	0	0	2	2	0	2	1	0	0
GCA_014031625.1	0	2	2	1	1	1	0	0	0	1	0	0	1	0	2	2	1	2	1	0	0
GCA_014034455.1	0	2	2	1	0	0	0	0	0	0	0	0	1	0	2	2	0	2	1	0	0
GCA_014031295.1	0	2	2	1	1	1	0	0	0	1	0	1	1	0	2	2	1	2	1	0	0
GCA_014009595.1	0	2	2	0	1	1	0	0	0	1	0	1	0	0	2	2	1	2	1	0	0
GCA_014032415.1	0	2	2	0	1	1	0	0	0	1	0	1	0	0	2	2	1	2	1	0	0
GCA_014011015.1	0	2	2	0	1	1	0	0	0	1	0	1	0	0	2	2	1	2	1	0	0
GCA_014030495.1	0	2	2	1	1	1	0	0	0	1	0	0	1	0	2	2	1	2	1	0	0
GCA_014026975.1	0	2	2	1	1	1	0	0	0	1	0	1	1	0	2	2	1	2	1	0	0
GCA_014029935.1	0	2	2	0	1	1	0	0	0	1	0	1	0	0	2	2	1	2	1	0	0
GCA_014034095.1	0	2	2	0	1	1	0	0	0	1	0	1	0	0	2	2	1	2	1	0	0
GCA_014032255.1	0	2	2	0	1	1	0	0	0	1	0	1	0	0	2	2	1	2	1	0	0
GCA_014017795.1	0	2	2	1	1	1	0	0	0	1	0	1	1	0	2	2	1	2	1	0	0
GCA_014022735.1	0	2	2	0	1	1	0	0	0	1	0	1	0	0	2	2	1	2	1	0	0
GCA_014030295.1	0	2	2	0	1	1	0	0	0	1	0	1	0	0	2	2	1	2	1	0	0
GCA_014030365.1	0	2	2	1	0	0	0	0	0	0	0	0	1	0	2	2	0	2	1	0	0
GCA_014033615.1	0	2	2	1	2	2	0	0	0	2	0	1	1	0	2	2	2	2	1	0	0
GCA_014026795.1	0	2	2	0	1	1	0	0	0	1	0	1	0	0	2	2	1	2	1	0	0
GCA_014031835.1	0	2	2	0	0	0	0	0	0	0	0	0	0	0	2	2	0	2	0	0	0
GCA_014032815.1	0	2	2	1	2	2	0	0	0	2	0	1	1	0	2	2	2	2	1	0	0
GCA_014033475.1	0	2	2	0	1	1	0	0	0	1	0	1	0	0	2	2	1	2	1	0	0
GCA_014027235.1	0	2	2	0	0	0	0	0	0	0	0	0	0	0	2	2	0	2	1	0	0
GCA_014011275.1	0	2	2	1	1	1	0	0	0	1	0	1	1	0	2	2	1	2	1	0	0
GCA_014030315.1	0	2	2	1	1	1	0	0	0	1	0	1	1	0	2	2	1	2	1	0	0
GCA_014029975.1	0	2	2	0	0	0	0	0	0	0	0	0	0	0	2	2	0	2	1	0	0
GCA_014032995.1	0	2	2	0	1	1	0	0	0	1	0	1	0	0	2	2	1	2	1	0	0
GCA_014033255.1	0	2	2	0	1	1	0	0	0	1	0	1	0	0	2	2	1	2	1	0	0
GCA_014032875.1	0	2	2	0	1	1	0	0	0	1	0	1	0	0	2	2	1	2	1	0	0
GCA_014018595.1	0	2	2	0	0	0	0	0	0	0	0	0	0	0	2	2	0	2	1	0	0
GCA_014034385.1	0	2	2	0	1	1	0	0	0	1	0	1	0	0	2	2	1	2	1	0	0
GCA_014026995.1	0	2	2	1	1	1	0	0	0	1	0	1	1	0	2	2	1	2	1	0	0
GCA_014032635.1	0	2	2	1	1	1	0	0	0	1	0	1	1	0	2	2	1	2	1	0	0
GCA_014033035.1	0	2	2	1	1	1	0	0	0	1	0	1	1	0	2	2	1	2	1	0	0
GCA_014033955.1	0	2	2	0	1	1	0	0	0	1	0	0	0	0	2	2	1	2	1	0	0
GCA_014017115.1	0	2	2	1	1	1	0	0	0	1	0	1	1	0	2	2	1	2	1	0	0
GCA_014032315.1	0	2	2	1	1	1	0	0	0	1	0	1	1	0	2	2	1	2	1	0	0
GCA_014029755.1	0	2	2	1	1	1	0	0	0	1	0	1	1	0	2	2	1	2	1	0	0
GCA_014030015.1	0	2	2	0	1	1	0	0	0	1	0	1	0	0	2	2	1	2	1	0	0
GCA_014020135.1	0	2	2	1	1	1	0	0	0	1	0	1	1	0	2	2	1	2	1	0	0
GCA_014032435.1	0	2	2	1	1	1	0	0	0	1	0	1	1	0	2	2	1	2	1	0	0
GCA_014033975.1	0	2	2	0	0	0	0	0	0	0	0	0	0	0	2	2	0	2	1	0	0
GCA_014009175.1	0	2	2	1	0	0	0	0	0	0	0	0	1	0	2	2	0	2	1	0	0
GCA_014017035.1	0	2	2	1	1	1	0	0	0	1	0	1	1	0	2	2	1	2	1	0	0
GCA_014032075.1	0	2	2	1	1	1	0	0	0	1	0	1	1	0	2	2	1	2	1	0	0
GCA_014032055.1	0	2	2	0	1	1	0	0	0	1	0	1	0	0	2	2	1	2	1	0	0
GCA_014017675.1	0	2	2	1	2	2	0	0	0	2	0	1	1	0	2	2	2	2	1	0	0
GCA_014032955.1	0	2	2	0	1	1	0	0	0	1	0	1	0	0	2	2	1	2	1	0	0
GCA_014033715.1	0	2	2	0	1	1	0	0	0	1	0	1	0	0	2	2	1	2	1	0	0
GCA_014033445.1	0	2	2	0	1	1	0	0	0	1	0	0	0	0	2	2	1	2	1	0	0
GCA_014034195.1	0	2	2	0	1	1	0	0	0	1	0	0	0	0	2	2	1	2	1	0	0
GCA_014030655.1	0	2	2	1	1	1	0	0	0	1	0	1	1	0	2	2	1	2	1	0	0
GCA_014034035.1	0	2	2	0	1	1	0	0	0	1	0	1	0	0	2	2	1	2	1	0	0
GCA_014011375.1	0	2	2	0	1	1	0	0	0	1	0	1	0	0	2	2	1	2	1	0	0
GCA_014031595.1	0	2	2	0	1	1	0	0	0	1	0	1	0	0	2	2	1	2	1	0	0
GCA_014027015.1	0	2	2	0	1	1	0	0	0	1	0	1	0	0	2	2	1	2	1	0	0
GCA_014033095.1	0	2	2	1	1	1	0	0	0	1	0	1	1	0	2	2	1	2	1	0	0
GCA_014033675.1	0	2	2	1	1	1	0	0	0	1	0	1	1	0	2	2	1	2	1	0	0
GCA_014034535.1	0	2	2	0	1	1	0	0	0	1	0	0	0	0	2	2	1	2	1	0	0
GCA_014029715.1	0	2	2	1	1	1	0	0	0	1	0	1	1	0	2	2	1	2	1	0	0
GCA_014034135.1	0	2	2	0	0	0	0	0	0	0	0	0	0	0	2	2	0	2	1	0	0
GCA_014030035.1	0	2	2	1	1	1	0	0	0	1	0	1	1	0	2	2	1	2	1	0	0
GCA_014031715.1	0	2	2	0	1	1	0	0	0	1	0	1	0	0	2	2	1	2	1	0	0
GCA_014029495.1	0	2	2	0	0	0	0	0	0	0	0	0	0	0	2	2	0	2	1	0	0
GCA_014031355.1	0	2	2	0	1	1	0	0	0	1	0	1	0	0	2	2	1	2	1	0	0
GCA_014014535.1	0	2	2	0	1	1	0	0	0	1	0	1	0	0	2	2	1	2	1	0	0
GCA_014031915.1	0	2	2	0	1	1	0	0	0	1	0	1	0	0	2	2	1	2	1	0	0
GCA_014033215.1	0	2	2	1	1	1	0	0	0	1	0	1	1	0	2	2	1	2	1	0	0
GCA_014025435.1	0	2	2	0	0	0	0	0	0	0	0	0	0	0	2	2	0	2	1	0	0
GCA_014032655.1	0	2	2	1	2	2	0	0	0	2	0	1	1	0	2	2	2	2	1	0	0
GCA_014024675.1	0	2	2	1	1	1	0	0	0	1	0	1	1	0	2	2	1	2	1	0	0
GCA_012757215.1	0	2	2	0	1	1	0	0	0	1	0	1	0	0	2	2	1	2	1	0	0
GCA_014033635.1	0	2	2	0	0	0	0	0	0	0	0	0	0	0	2	2	0	2	1	0	0
GCA_014029515.1	0	2	2	0	0	0	0	0	0	0	0	0	0	0	2	2	0	2	1	0	0
GCA_014033275.1	0	2	2	1	1	1	0	0	0	1	0	1	1	0	2	2	1	2	1	0	0
GCA_020378505.1	0	2	2	1	0	0	0	0	0	0	0	0	1	0	2	2	0	2	1	0	0
GCA_014033795.1	0	2	2	1	1	1	0	0	0	1	0	1	1	0	2	2	1	2	1	0	0
GCA_014030695.1	0	2	2	1	2	2	0	0	0	2	0	1	1	0	2	2	2	2	1	0	0
GCA_014031015.1	0	2	2	1	0	0	0	0	0	0	0	0	1	0	2	2	0	2	0	0	0
GCA_014029955.1	0	2	2	0	1	1	0	0	0	1	0	1	0	0	2	2	1	2	1	0	0
GCA_014033285.1	0	2	2	0	1	1	0	0	0	1	0	1	0	0	2	2	1	2	1	0	0
GCA_014030795.1	0	2	2	1	1	1	0	0	0	1	0	1	1	0	2	2	1	2	1	0	0
GCA_014031055.1	0	2	2	0	1	1	0	0	0	1	0	1	0	0	2	2	1	2	1	0	0
GCA_014005795.1	0	2	2	0	1	1	0	0	0	1	0	1	0	0	2	2	1	2	1	0	0
GCA_014030075.1	0	2	2	1	2	2	0	0	0	2	0	1	1	0	2	2	2	2	1	0	0
GCA_014029685.1	0	2	2	1	1	1	0	0	0	1	0	1	1	0	2	2	1	2	1	0	0
GCA_014032695.1	0	2	2	0	1	1	0	0	0	1	0	1	0	0	2	2	1	2	1	0	0
GCA_014031075.1	0	2	2	1	2	2	0	0	0	2	0	1	1	0	2	2	2	2	1	0	0
GCA_014025775.1	0	2	2	1	2	2	0	0	0	2	0	1	1	0	2	2	2	2	1	0	0
GCA_014025355.1	0	2	2	1	1	1	0	0	0	1	0	1	1	0	2	2	1	2	1	0	0
GCA_014033595.1	0	2	2	1	1	1	0	0	0	1	0	1	1	0	2	2	1	2	1	0	0
GCA_014031475.1	0	2	2	0	1	1	0	0	0	1	0	1	0	0	2	2	1	2	1	0	0
GCA_014029775.1	0	2	2	1	1	1	0	0	0	1	0	1	1	0	2	2	1	2	1	0	0
GCA_014008195.1	0	2	2	1	1	1	0	0	0	1	0	1	1	0	2	2	1	2	1	0	0
GCA_014031235.1	0	2	2	0	1	1	0	0	0	1	0	1	0	0	2	2	1	2	1	0	0
GCA_014033765.1	0	2	2	0	1	1	0	0	0	1	0	1	0	0	2	2	1	2	1	0	0
GCA_014020755.1	0	2	2	0	1	1	0	0	0	1	0	1	0	0	2	2	1	2	1	0	0
GCA_014033155.1	0	2	2	1	1	1	0	0	0	1	0	1	1	0	2	2	1	2	1	0	0
GCA_014034435.1	0	2	2	0	1	1	0	0	0	1	0	1	0	0	2	2	1	2	1	0	0
GCA_014024875.1	0	2	2	1	1	1	0	0	0	1	0	1	1	0	2	2	1	2	1	0	0
GCA_014030535.1	0	2	2	1	1	1	0	0	0	1	0	0	1	0	2	2	1	2	1	0	0
GCA_014032675.1	0	2	2	1	1	1	0	0	0	1	0	1	1	0	2	2	1	2	1	0	0
GCA_014009735.1	0	2	2	0	1	1	0	0	0	1	0	1	0	0	2	2	1	2	1	0	0
GCA_009664515.1	0	2	1	0	0	2	1	2	2	2	0	2	2	2	2	2	2	1	1	2	2
GCA_046376405.1	0	2	2	1	2	2	1	0	2	0	1	1	1	2	2	2	2	2	1	2	2
GCA_046376365.1	0	2	2	1	2	2	1	0	2	0	0	1	1	2	2	2	2	2	1	2	2
GCA_046376385.1	0	2	2	1	2	2	1	0	2	0	0	1	1	2	2	2	2	2	1	2	2
GCA_046376345.1	0	2	2	1	2	2	1	0	2	0	0	1	1	2	2	2	2	2	1	2	2
GCA_046376325.1	0	2	2	1	2	2	1	0	2	0	0	1	1	2	2	2	2	2	1	2	2
GCA_046376305.1	0	2	2	1	2	2	1	0	2	0	0	1	1	2	2	2	2	2	1	2	2
GCA_046376285.1	0	2	2	1	2	2	1	0	2	0	0	1	1	2	2	2	2	2	1	2	2
GCA_046376245.1	0	2	2	1	2	2	1	0	2	0	0	1	1	2	2	2	2	2	1	2	2
GCA_046376265.1	0	2	2	1	2	2	1	0	2	0	0	1	1	2	2	2	2	2	1	2	2
GCA_046376185.1	0	2	2	1	2	2	1	0	2	0	0	1	1	2	2	2	2	2	1	2	2
GCA_046376205.1	0	2	2	0	2	2	1	0	2	0	0	0	1	2	2	2	2	2	1	2	2
GCA_046376225.1	0	2	2	1	2	2	1	0	2	0	0	0	1	2	2	2	2	2	1	2	2
GCA_046376145.1	0	2	2	1	2	2	0	0	2	0	0	1	1	2	2	2	2	2	1	2	2
GCA_046376085.1	0	2	2	0	2	2	1	0	2	0	0	0	1	2	2	2	2	2	1	2	2
GCA_046375985.1	0	2	2	1	2	2	1	0	2	0	1	0	1	2	2	2	2	2	1	2	2
GCA_046375965.1	0	2	2	1	2	2	1	0	2	0	1	0	1	2	2	2	2	2	1	2	2
GCA_046370605.1	0	2	2	1	2	2	1	0	2	0	0	1	1	2	2	2	2	2	1	2	2
GCA_046370545.1	0	2	2	1	2	2	1	0	2	0	0	1	1	2	2	2	2	2	1	2	2
GCA_046370585.1	0	2	2	1	2	2	1	0	2	0	1	0	1	2	2	2	2	2	1	2	2
GCA_046370485.1	0	2	2	0	2	2	0	0	2	0	0	1	1	2	2	2	2	2	1	2	2
GCA_046370465.1	0	2	2	1	2	2	1	0	2	0	1	0	1	2	2	2	2	2	1	2	2
GCA_046370425.1	0	2	2	1	2	2	0	0	2	0	0	0	1	2	2	2	2	2	1	2	2
GCA_013474555.1	2	1	0	0	2	2	0	0	0	0	2	0	0	2	0	0	2	2	2	2	2
GCA_013473755.1	2	1	0	0	2	2	0	0	0	0	2	0	0	2	0	0	2	2	2	2	2
GCA_013472415.1	2	1	0	0	2	2	0	0	0	0	2	0	0	2	0	0	2	2	2	2	2
GCA_013468385.1	2	1	1	0	2	2	0	0	0	0	2	1	0	2	0	1	2	2	2	2	2
GCA_013459995.1	2	1	0	0	2	2	0	0	0	0	2	0	0	2	0	0	2	2	2	2	2
GCA_013456835.1	2	1	0	0	2	2	0	0	0	0	2	0	0	2	0	0	2	2	2	2	2
GCA_013436595.1	2	1	1	0	2	2	0	0	0	0	2	1	0	2	0	1	2	2	2	2	2
GCA_013584435.1	2	1	1	1	2	2	1	0	1	0	2	1	1	2	1	1	2	2	2	2	2
GCA_013453615.1	2	1	1	0	2	2	0	0	0	0	2	0	0	2	0	0	2	2	2	2	2
GCA_013871975.1	2	1	1	0	2	2	0	0	0	0	2	1	0	2	0	1	2	2	2	2	2
GCA_014184275.1	2	1	1	0	2	2	1	0	1	0	2	1	1	2	1	1	2	2	2	2	2
GCA_014241755.1	2	1	0	0	2	2	0	0	0	0	2	0	0	2	0	0	2	2	2	2	2
GCA_014241655.1	2	1	0	0	2	2	0	0	0	0	2	0	0	2	0	0	2	2	2	2	2
GCA_014241155.1	2	1	1	1	2	2	1	0	1	0	2	1	1	2	0	1	2	2	2	2	2
GCA_014241695.1	2	1	1	1	2	2	1	0	1	0	2	1	1	2	0	1	2	2	2	2	2
GCA_014240595.1	2	1	0	0	2	2	0	0	0	0	2	0	0	2	0	0	2	2	2	2	2
GCA_014252855.1	2	1	1	0	2	2	1	0	1	0	2	1	0	2	0	1	2	2	2	2	2
GCA_014302395.1	2	1	1	1	2	2	1	0	1	0	2	1	1	2	0	1	2	2	2	2	2
GCA_014301245.1	2	1	0	0	2	2	0	0	0	0	2	0	0	2	0	0	2	2	2	2	2
GCA_014361545.1	2	1	1	0	2	2	1	0	1	0	2	1	1	2	1	1	2	2	2	2	2
GCA_015182905.1	2	1	0	1	2	2	0	0	0	0	2	0	1	2	0	0	2	2	2	2	2
GCA_015211645.1	2	1	1	0	2	2	0	0	0	0	2	1	0	2	0	1	2	2	2	2	2
GCA_016571655.1	2	1	0	0	2	2	0	0	0	0	2	0	0	2	0	0	2	2	2	2	2
GCA_017232595.1	2	1	1	0	2	2	0	0	0	0	2	1	1	2	0	1	2	2	2	2	2
GCA_017136775.1	2	1	1	1	2	2	1	0	1	0	2	1	1	2	0	1	2	2	2	2	2
GCA_019644915.1	2	1	1	1	2	2	1	0	1	0	2	1	1	2	0	1	2	2	2	2	2
GCA_020228575.1	2	1	1	0	2	2	0	0	0	0	2	1	0	2	0	1	2	2	2	2	2
GCA_002246755.1	2	1	2	2	2	2	2	2	2	2	2	2	2	2	2	2	2	2	2	2	2
GCA_002246495.2	2	1	2	2	2	2	2	2	2	2	2	2	2	2	2	2	2	2	2	2	2
GCA_002246485.2	2	1	2	2	2	2	2	2	2	2	2	2	2	2	2	2	2	2	2	2	2
GCA_002246515.1	2	1	2	2	2	2	2	2	2	2	2	2	2	2	2	2	2	2	2	2	2
GCA_002246085.1	2	1	2	2	2	2	2	2	2	2	2	2	2	2	2	2	2	2	2	2	2
GCA_002246595.3	2	1	2	2	2	2	2	2	2	2	2	2	2	2	2	2	2	2	2	2	2
GCA_002246115.2	2	1	2	2	2	2	2	2	2	2	2	2	2	2	2	2	2	2	2	2	2
GCA_002247905.2	2	1	2	2	2	2	2	2	2	2	2	2	2	2	2	2	2	2	2	2	2
GCA_002247975.2	2	1	2	2	2	2	2	2	2	2	2	2	2	2	2	2	2	2	2	2	2
GCA_002251815.2	2	1	2	2	2	2	2	2	2	2	2	2	2	2	2	2	2	2	2	2	2
GCA_002247995.2	2	1	2	2	2	2	2	2	2	2	2	2	2	2	2	2	2	2	2	2	2
GCA_002248015.1	2	1	2	2	2	2	2	2	2	2	2	2	2	2	2	2	2	2	2	2	2
GCA_013856685.1	2	2	1	0	2	2	0	0	0	0	2	1	0	2	0	1	1	2	2	2	2
GCA_012401145.1	2	2	1	0	2	2	0	0	0	0	2	1	0	2	0	1	1	2	2	2	2
GCA_013853265.1	2	2	1	0	2	2	0	0	0	0	2	1	0	2	0	1	1	2	2	2	2
GCA_013852485.1	2	2	1	0	2	2	0	0	0	0	2	1	1	2	0	1	1	2	2	2	2
GCA_013850205.1	2	2	1	1	2	2	0	0	0	0	2	1	1	2	0	1	1	2	2	2	2
GCA_013850185.1	2	2	1	1	2	2	0	0	0	0	2	1	1	2	0	1	1	2	2	2	2
GCA_012451925.1	2	2	1	0	2	2	1	0	0	0	2	1	0	2	0	1	1	2	2	2	2
GCA_013844285.1	2	2	1	0	2	2	0	0	0	0	2	1	0	2	0	1	1	2	2	2	2
GCA_013836505.1	2	2	1	0	2	2	1	0	1	0	2	1	1	2	1	1	1	2	2	2	2
GCA_013837645.1	2	2	1	0	2	2	1	0	0	0	2	1	0	2	0	1	1	2	2	2	2
GCA_013837555.1	2	2	1	0	2	2	0	0	0	0	2	1	0	2	0	1	1	2	2	2	2
GCA_013837665.1	2	2	1	0	2	2	1	0	0	0	2	1	0	2	0	1	1	2	2	2	2
GCA_013836605.1	2	2	1	0	2	2	0	0	0	0	2	0	0	2	0	0	1	2	2	2	2
GCA_013837145.1	2	2	1	0	2	2	1	0	0	0	2	0	0	2	0	1	1	2	2	2	2
GCA_013836275.1	2	2	1	0	2	2	0	0	0	0	2	1	0	2	0	1	1	2	2	2	2
GCA_012527215.1	2	2	1	0	2	2	0	0	0	0	2	1	0	2	0	1	1	2	2	2	2
GCA_013825255.1	2	2	1	1	2	2	1	0	1	0	2	0	1	2	0	1	0	2	2	2	2
GCA_012526015.1	2	2	1	1	2	2	1	0	1	0	2	1	1	2	1	1	1	2	2	2	2
GCA_013647275.1	2	2	1	0	2	2	0	0	0	0	2	1	0	2	0	1	1	2	2	2	2
GCA_013627115.1	2	2	1	1	2	2	1	0	1	0	2	0	1	2	0	1	0	2	2	2	2
GCA_015707415.1	2	2	1	0	2	0	1	0	2	0	2	0	0	2	0	1	1	2	2	2	2
GCA_014040175.1	2	2	1	0	2	2	0	0	1	0	2	1	0	2	0	1	1	2	2	2	2
GCA_014039815.1	2	2	1	0	2	2	1	0	1	0	2	0	0	2	0	1	1	2	2	2	2
GCA_014003715.1	2	2	1	0	2	2	0	0	0	0	2	1	0	2	0	1	1	2	2	2	2
GCA_014001255.1	2	2	1	1	2	2	1	0	1	0	2	1	1	2	0	1	1	2	2	2	2
GCA_013999155.1	2	2	1	0	2	2	0	0	0	0	2	1	1	2	0	1	1	2	2	2	2
GCA_013998955.1	2	2	1	0	2	2	0	0	0	0	2	1	1	2	0	1	1	2	2	2	2
GCA_013996195.1	2	2	1	0	2	2	1	0	1	0	2	1	0	2	0	1	1	2	2	2	2
GCA_013995915.1	2	2	1	0	2	2	1	0	0	0	2	1	0	2	0	1	1	2	2	2	2
GCA_013993825.1	2	2	1	0	2	2	0	0	0	0	2	1	1	2	0	1	1	2	2	2	2
GCA_013993455.1	2	2	1	1	2	2	1	0	1	0	2	0	1	2	1	1	1	2	2	2	2
GCA_013995535.1	2	2	1	0	2	2	1	0	0	0	2	1	1	2	0	1	1	2	2	2	2
GCA_013995175.1	2	2	1	0	2	2	0	0	0	0	2	1	1	2	0	1	1	2	2	2	2
GCA_013992815.1	2	2	1	0	2	2	0	0	0	0	2	1	0	2	0	1	1	2	2	2	2
GCA_013991615.1	2	2	1	0	2	2	0	0	0	0	2	1	0	2	0	1	1	2	2	2	2
GCA_013991995.1	2	2	1	0	2	2	0	0	0	0	2	1	1	2	0	1	1	2	2	2	2
GCA_013992055.1	2	2	1	0	2	2	0	0	0	0	2	1	0	2	0	1	1	2	2	2	2
GCA_013990455.1	2	2	1	0	2	2	0	0	0	0	2	1	1	2	0	1	1	2	2	2	2
GCA_013988435.1	2	2	1	0	2	2	0	0	0	0	2	1	0	2	0	1	1	2	2	2	2
GCA_013987885.1	2	2	1	0	2	2	0	0	0	0	2	1	0	2	0	1	1	2	2	2	2
GCA_013985715.1	2	2	1	1	2	2	1	0	1	0	2	1	1	2	0	1	1	2	2	2	2
GCA_013985835.1	2	2	1	0	2	2	0	0	0	0	2	1	0	2	0	1	1	2	2	2	2
GCA_013985535.1	2	2	1	0	2	2	0	0	1	0	2	1	0	2	0	1	1	2	2	2	2
GCA_013986295.1	2	2	1	0	2	2	0	0	0	0	2	1	0	2	0	1	1	2	2	2	2
GCA_013975665.1	2	2	1	0	2	2	0	0	0	0	2	1	0	2	0	1	1	2	2	2	2
GCA_013974895.1	2	2	1	1	2	2	1	0	1	0	2	1	1	2	0	1	1	2	2	2	2
GCA_013972045.1	2	2	1	1	2	2	1	1	1	0	2	1	1	2	0	1	1	2	2	2	2
GCA_013971675.1	2	2	1	0	2	2	0	0	0	0	2	1	0	2	0	1	1	2	2	2	2
GCA_013971505.1	2	2	1	0	2	2	0	0	0	0	2	1	0	2	0	1	1	2	2	2	2
GCA_013971385.1	2	2	1	0	2	2	1	0	1	0	2	1	0	2	0	1	1	2	2	2	2
GCA_013961805.1	2	2	1	0	2	2	0	0	0	0	2	1	0	2	0	1	1	2	2	2	2
GCA_013957915.1	2	2	1	1	2	2	1	0	1	0	2	1	1	2	0	1	1	2	2	2	2
GCA_013956465.1	2	2	1	0	2	2	0	0	0	0	2	1	0	2	0	1	1	2	2	2	2
GCA_013956885.1	2	2	1	0	2	2	0	0	0	0	2	1	0	2	0	1	1	2	2	2	2
GCA_013953005.1	2	2	1	0	2	2	0	0	0	0	2	1	0	2	0	1	1	2	2	2	2
GCA_013952465.1	2	2	1	0	2	2	1	0	0	0	2	0	0	2	0	1	1	2	2	2	2
GCA_013951765.1	2	2	1	0	2	2	0	0	0	0	2	0	0	2	0	1	0	2	2	2	2
GCA_013949825.1	2	2	1	0	2	2	0	0	0	0	2	1	0	2	0	1	1	2	2	2	2
GCA_013949605.1	2	2	1	1	2	2	1	0	1	0	2	1	1	2	0	1	1	2	2	2	2
GCA_004232945.1	2	2	1	0	2	2	0	0	0	0	2	1	1	2	0	1	1	2	2	2	2
GCA_004234565.1	2	2	1	0	2	2	1	0	1	0	2	1	0	2	0	1	1	2	2	2	2
GCA_013933385.1	2	2	1	1	2	2	1	0	0	0	2	1	1	2	1	1	1	2	2	2	2
GCA_013924425.1	2	2	1	1	2	2	1	0	1	0	2	1	1	2	0	1	1	2	2	2	2
GCA_013924715.1	2	2	1	1	2	2	1	0	1	0	2	1	1	2	0	1	1	2	2	2	2
GCA_014057085.1	2	2	1	1	2	2	1	0	1	0	2	1	1	2	0	1	1	2	2	2	2
GCA_014056905.1	2	2	1	1	2	2	1	0	1	0	2	1	1	2	0	1	1	2	2	2	2
GCA_014107195.1	2	2	1	0	2	2	0	0	0	0	2	1	0	2	0	1	1	2	2	2	2
GCA_014056245.1	2	2	1	1	2	2	1	0	1	0	2	1	1	2	0	1	1	2	2	2	2
GCA_014057225.1	2	2	1	0	2	2	0	0	1	0	2	1	0	2	0	1	1	2	2	2	2
GCA_013904305.1	2	2	1	0	2	2	0	0	0	0	2	1	0	2	0	1	1	2	2	2	2
GCA_013904405.1	2	2	1	1	2	2	1	0	1	0	2	1	1	2	0	1	1	2	2	2	2
GCA_013902405.1	2	2	1	0	2	2	0	0	0	0	2	1	0	2	0	1	1	2	2	2	2
GCA_013902345.1	2	2	1	0	2	2	0	0	0	0	2	1	0	2	0	1	1	2	2	2	2
GCA_013901565.1	2	2	1	0	2	2	0	0	0	0	2	0	0	2	0	0	1	2	2	2	2
GCA_013901315.1	2	2	1	1	2	2	0	0	1	0	2	1	1	2	0	1	1	2	2	2	2
GCA_013901165.1	2	2	1	0	2	2	0	0	0	0	2	1	0	2	0	1	1	2	2	2	2
GCA_013901085.1	2	2	1	0	2	2	0	0	0	0	2	1	0	2	0	1	1	2	2	2	2
GCA_013900405.1	2	2	1	0	2	2	1	0	0	0	2	1	0	2	0	1	1	2	2	2	2
GCA_013898805.1	2	2	1	0	2	2	1	0	0	0	2	0	0	2	0	0	1	2	2	2	2
GCA_013898415.1	2	2	1	0	2	2	0	0	0	0	2	0	0	2	0	0	1	2	2	2	2
GCA_013898455.1	2	2	1	0	2	2	0	0	0	0	2	0	0	2	0	0	1	2	2	2	2
GCA_013897845.1	2	2	1	0	2	2	1	0	0	0	2	1	0	2	0	1	1	2	2	2	2
GCA_013897745.1	2	2	1	0	2	2	0	0	0	0	2	1	0	2	0	1	1	2	2	2	2
GCA_013896395.1	2	2	1	0	2	2	1	0	0	0	2	0	0	2	0	1	1	2	2	2	2
GCA_013897585.1	2	2	1	0	2	2	1	0	1	0	2	1	0	2	0	1	1	2	2	2	2
GCA_013897555.1	2	2	1	0	2	2	1	0	0	0	2	0	0	2	0	1	1	2	2	2	2
GCA_013897375.1	2	2	1	0	2	2	1	0	0	0	2	1	0	2	0	1	1	2	2	2	2
GCA_013897245.1	2	2	1	0	2	2	0	0	0	0	2	0	0	2	0	0	1	2	2	2	2
GCA_013897405.1	2	2	1	0	2	2	1	0	0	0	2	0	0	2	0	1	1	2	2	2	2
GCA_013896365.1	2	2	1	0	2	2	1	0	0	0	2	0	0	2	0	1	1	2	2	2	2
GCA_013896635.1	2	2	1	1	2	2	1	0	1	0	2	0	1	2	0	1	1	2	2	2	2
GCA_013894455.1	2	2	1	0	2	2	1	0	0	0	2	1	0	2	0	1	1	2	2	2	2
GCA_013893795.1	2	2	1	0	2	2	1	0	0	1	2	1	0	2	0	1	1	2	2	2	2
GCA_013890735.1	2	2	1	0	2	2	1	0	0	0	2	1	0	2	0	1	1	2	2	2	2
GCA_013890515.1	2	2	1	1	2	2	0	0	0	0	2	1	1	2	0	1	1	2	2	2	2
GCA_013889795.1	2	2	1	0	2	2	0	0	0	0	2	0	0	2	0	0	1	2	2	2	2
GCA_013887275.1	2	2	1	0	2	2	1	0	0	0	2	1	0	2	0	1	1	2	2	2	2
GCA_013885895.1	2	2	1	1	2	2	1	0	1	0	2	0	1	2	0	1	1	2	2	2	2
GCA_013883575.1	2	2	1	1	2	2	1	0	1	0	2	1	1	2	0	1	1	2	2	2	2
GCA_013881895.1	2	2	1	1	2	2	1	0	1	0	2	1	1	2	0	1	1	2	2	2	2
GCA_013866655.1	2	2	1	1	2	2	1	0	1	0	2	0	1	2	0	1	1	2	2	2	2
GCA_013859575.1	2	2	1	0	2	2	0	0	1	0	2	1	0	2	0	1	1	2	2	2	2
GCA_013859475.1	2	2	1	0	2	2	1	0	0	0	2	1	1	2	1	1	1	2	2	2	2
GCA_014028875.1	2	2	1	2	2	2	0	2	2	2	2	2	1	2	2	2	2	2	2	2	2
GCA_013994675.1	2	2	1	1	2	2	1	2	2	2	2	2	2	2	2	2	2	2	2	2	2
GCA_017228775.1	2	2	1	1	2	2	0	2	2	2	0	2	1	2	2	2	2	2	2	2	2
GCA_017228755.1	2	2	1	1	2	2	1	2	2	2	1	2	1	2	2	2	2	2	2	2	2
GCA_017228735.1	2	2	1	1	2	2	0	2	2	2	0	2	1	2	2	2	2	2	2	2	2
GCA_017245535.1	2	2	1	0	2	2	0	2	2	2	0	1	1	2	2	2	1	2	2	2	2
GCA_017244615.1	2	2	1	1	2	2	0	2	2	2	0	1	1	2	2	2	1	2	2	2	2
GCA_017244335.1	2	2	1	1	2	2	0	2	2	2	0	1	1	2	2	2	1	2	2	2	2
GCA_017244175.1	2	2	1	1	2	2	0	2	2	2	0	1	1	2	2	2	1	2	2	2	2
GCA_017244155.1	2	2	1	1	2	2	0	2	2	2	0	1	1	2	2	2	1	2	2	2	2
GCA_017244135.1	2	2	1	1	2	2	0	2	2	2	0	1	1	2	2	2	1	2	2	2	2
GCA_017244015.1	2	2	1	1	2	2	0	2	2	2	0	1	1	2	2	2	1	2	2	2	2
GCA_017243955.1	2	2	1	1	2	2	0	2	2	2	0	1	1	2	2	2	1	2	2	2	2
GCA_017244805.1	2	2	1	1	2	2	0	2	2	2	0	1	1	2	2	2	1	2	2	2	2
GCA_017244775.1	2	2	1	1	2	2	0	2	2	2	0	1	1	2	2	2	1	2	2	2	2
GCA_017244675.1	2	2	1	1	2	2	0	2	2	2	0	1	1	2	2	2	1	2	2	2	2
GCA_017244695.1	2	2	1	1	2	2	0	2	2	2	0	1	1	2	2	2	1	2	2	2	2
GCA_017244655.1	2	2	1	1	2	2	0	2	2	2	0	1	1	2	2	2	1	2	2	2	2
GCA_017243575.1	2	2	1	1	2	2	0	2	2	2	0	1	1	2	2	2	1	2	2	2	2
GCA_017243555.1	2	2	1	1	2	2	0	2	2	2	0	1	1	2	2	2	1	2	2	2	2
GCA_017243515.1	2	2	1	1	2	2	0	2	2	2	0	0	1	2	2	2	0	2	2	2	2
GCA_017243535.1	2	2	1	1	2	2	0	2	2	2	0	1	1	2	2	2	1	2	2	2	2
GCA_017243475.1	2	2	1	1	2	2	0	2	2	2	0	1	1	2	2	2	1	2	2	2	2
GCA_017243455.1	2	2	1	1	2	2	0	2	2	2	0	1	1	2	2	2	1	2	2	2	2
GCA_017243395.1	2	2	1	1	2	2	0	2	2	2	0	1	1	2	2	2	1	2	2	2	2
GCA_017243375.1	2	2	1	1	2	2	0	2	2	2	0	1	1	2	2	2	1	2	2	2	2
GCA_017243235.1	2	2	1	1	2	2	0	2	2	2	0	1	1	2	2	2	1	2	2	2	2
GCA_017243175.1	2	2	1	1	2	2	0	2	2	2	0	1	1	2	2	2	1	2	2	2	2
GCA_017243215.1	2	2	1	1	2	2	0	2	2	2	0	1	1	2	2	2	1	2	2	2	2
GCA_017247095.1	2	2	1	1	2	2	0	2	2	2	0	1	1	2	2	2	1	2	2	2	2
GCA_017245455.1	2	2	1	1	2	2	0	2	2	2	0	1	1	2	2	2	1	2	2	2	2
GCA_017246875.1	2	2	1	1	2	2	1	2	2	2	0	1	1	2	2	2	1	2	2	2	2
GCA_017246775.1	2	2	1	1	2	2	0	2	2	2	0	1	1	2	2	2	1	2	2	2	2
GCA_017246655.1	2	2	1	1	2	2	0	2	2	2	0	1	1	2	2	2	1	2	2	2	2
GCA_017246355.1	2	2	1	1	2	2	0	2	2	2	0	1	1	2	2	2	1	2	2	2	2
GCA_017246295.1	2	2	1	1	2	2	0	2	2	2	0	1	1	2	2	2	1	2	2	2	2
GCA_017246215.1	2	2	1	1	2	2	0	2	2	2	0	1	1	2	2	2	1	2	2	2	2
GCA_017246235.1	2	2	1	1	2	2	1	2	2	2	0	1	1	2	2	2	1	2	2	2	2
GCA_017245615.1	2	2	1	1	2	2	0	2	2	2	0	1	1	2	2	2	1	2	2	2	2
GCA_017246035.1	2	2	1	1	2	2	0	2	2	2	0	1	1	2	2	2	1	2	2	2	2
GCA_017246015.1	2	2	1	1	2	2	0	2	2	2	0	1	1	2	2	2	1	2	2	2	2
GCA_017245675.1	2	2	1	1	2	2	0	2	2	2	0	1	1	2	2	2	1	2	2	2	2
GCA_017245935.1	2	2	1	1	2	2	0	2	2	2	0	1	1	2	2	2	1	2	2	2	2
GCA_001252655.1	2	2	1	2	2	2	0	2	2	2	2	1	2	2	2	2	0	2	2	2	2
GCA_001257695.1	2	2	1	2	2	2	0	2	2	2	2	1	2	2	2	2	1	2	2	2	2
GCA_001260455.1	2	2	1	2	2	2	0	2	2	2	2	1	2	2	2	2	0	2	2	2	2
GCA_001248175.1	2	2	1	2	2	2	1	2	2	2	2	0	2	2	2	2	1	2	2	2	2
GCA_001259655.1	2	2	1	2	2	2	0	2	2	2	2	1	2	2	2	2	1	2	2	2	2
GCA_001258915.1	2	2	1	2	2	2	0	2	2	2	2	1	2	2	2	2	1	2	2	2	2
GCA_001248785.1	2	2	1	2	2	2	0	2	2	2	2	1	2	2	2	2	1	2	2	2	2
GCA_001249065.1	2	2	1	2	2	2	0	2	2	2	2	1	0	2	2	2	1	2	1	2	2
GCA_001252295.1	2	2	1	2	2	2	0	2	2	2	2	1	0	2	2	2	1	2	1	2	2
GCA_001259615.1	2	2	1	2	2	2	0	2	2	2	2	0	0	2	2	2	0	2	1	2	2
GCA_001254615.1	2	2	1	2	2	2	0	2	2	2	2	1	0	2	2	2	1	2	1	2	2
GCA_001251395.1	2	2	1	2	2	2	0	2	2	2	2	1	0	2	2	2	1	2	1	2	2
GCA_001255175.1	2	2	1	2	2	2	0	2	2	2	2	1	1	2	2	2	1	2	1	2	2
GCA_001254495.1	2	2	1	2	2	2	0	2	2	2	2	1	0	2	2	2	1	2	1	2	2
GCA_001254155.1	2	2	1	2	2	2	0	2	2	2	2	1	0	2	2	2	1	2	1	2	2
GCA_001260795.1	2	2	1	2	2	2	1	2	2	2	2	1	0	2	2	2	1	2	1	2	2
GCA_001261215.1	2	2	1	2	2	2	1	2	2	2	2	0	0	2	2	2	1	2	1	2	2
GCA_001255615.1	2	2	1	2	2	2	1	2	2	2	2	1	1	2	2	2	1	2	2	2	2
GCA_001250715.1	2	2	1	2	2	2	1	2	2	2	2	0	0	2	2	2	1	2	2	2	2
GCA_001253975.1	2	2	1	2	2	2	1	2	2	2	2	0	0	2	2	2	1	2	2	2	2
GCA_001256375.1	2	2	1	2	2	2	1	2	2	2	2	1	0	2	2	2	1	2	2	2	2
GCA_001250155.1	2	2	1	2	2	2	1	2	2	2	2	1	1	2	2	2	1	2	2	2	2
GCA_001251675.1	2	2	1	2	2	2	1	2	2	2	2	0	0	2	2	2	1	2	2	2	2
GCA_001255195.1	2	2	1	2	2	2	1	2	2	2	2	1	1	2	2	2	1	2	2	2	2
GCA_001248805.1	2	2	1	2	2	2	1	2	2	2	2	1	1	2	2	2	1	2	2	2	2
GCA_001249975.1	2	2	1	2	2	2	1	2	2	2	2	0	0	2	2	2	1	2	2	2	2
GCA_001260475.1	2	2	1	2	2	2	1	2	2	2	2	0	0	2	2	2	1	2	2	2	2
GCA_001249635.1	2	2	1	2	2	2	1	2	2	2	2	1	0	2	2	2	1	2	2	2	2
GCA_001251235.1	2	2	1	2	2	2	1	2	2	2	2	1	0	2	2	2	1	2	2	2	2
GCA_001257875.1	2	2	1	2	2	2	1	2	2	2	2	0	0	2	2	2	1	2	2	2	2
GCA_001255655.1	2	2	1	2	2	2	1	2	2	2	2	0	1	2	2	2	1	2	2	2	2
GCA_001253935.1	2	2	1	2	2	2	1	2	2	2	2	0	1	2	2	2	1	2	2	2	2
GCA_001260315.1	2	2	1	2	2	2	1	2	2	2	2	1	0	2	2	2	1	2	2	2	2
GCA_001249175.1	2	2	1	2	2	2	1	2	2	2	2	1	0	2	2	2	1	2	2	2	2
GCA_001259195.1	2	2	1	2	2	2	1	2	2	2	2	1	0	2	2	2	1	2	2	2	2
GCA_001255715.1	2	2	1	2	2	2	1	2	2	2	2	1	0	2	2	2	1	2	2	2	2
GCA_001254115.1	2	2	1	2	2	2	1	2	2	2	2	1	1	2	2	2	1	2	2	2	2
GCA_001248315.1	2	2	1	2	2	2	1	2	2	2	2	1	0	2	2	2	1	2	2	2	2
GCA_001248925.1	2	2	1	2	2	2	1	2	2	2	2	1	1	2	2	2	1	2	2	2	2
GCA_001259435.1	2	2	1	2	2	2	1	2	2	2	2	0	1	2	2	2	1	2	2	2	2
GCA_001255435.1	2	2	1	2	2	2	1	2	2	2	2	1	0	2	2	2	1	2	2	2	2
GCA_001250655.1	2	2	1	2	2	2	1	2	2	2	2	1	0	2	2	2	1	2	2	2	2
GCA_001259175.1	2	2	1	2	2	2	1	2	2	2	2	1	1	2	2	2	1	2	2	2	2
GCA_001259335.1	2	2	1	2	2	2	1	2	2	2	2	1	1	2	2	2	1	2	2	2	2
GCA_001251955.1	2	2	1	2	2	2	1	2	2	2	2	1	1	2	2	2	1	2	2	2	2
GCA_001254295.1	2	2	1	2	2	2	1	2	2	2	2	1	0	2	2	2	1	2	2	2	2
GCA_001257935.1	2	2	1	2	2	2	1	2	2	2	2	1	1	2	2	2	1	2	2	2	2
GCA_001253915.1	2	2	1	2	2	2	1	2	2	2	2	1	0	2	2	2	1	2	2	2	2
GCA_001255875.1	2	2	1	2	2	2	1	2	2	2	2	1	0	2	2	2	1	2	2	2	2
GCA_001250835.1	2	2	1	2	2	2	1	2	2	2	2	1	0	2	2	2	1	2	2	2	2
GCA_008727295.1	2	2	1	0	2	2	1	1	2	0	2	1	0	2	0	1	2	2	2	2	2
GCA_032331895.2	2	2	1	2	2	2	0	2	2	2	2	2	2	2	0	2	2	2	2	2	2
GCA_032329235.2	2	2	1	2	2	2	0	2	2	2	2	2	2	2	0	2	2	2	2	2	2
GCA_031835105.2	2	2	1	2	2	2	0	2	2	2	2	2	2	2	0	2	2	2	2	2	2
GCA_012401105.1	2	2	0	0	2	2	0	0	0	0	2	0	0	2	0	0	1	2	2	2	2
GCA_013840105.1	2	2	0	0	2	2	0	0	0	0	2	0	0	2	0	0	1	2	2	2	2
GCA_013837725.1	2	2	0	0	2	2	1	0	0	0	2	0	0	2	0	0	1	2	2	2	2
GCA_013837625.1	2	2	0	0	2	2	0	0	0	0	2	0	0	2	0	0	1	2	2	2	2
GCA_013837525.1	2	2	0	0	2	2	1	0	0	0	2	0	0	2	0	0	1	2	2	2	2
GCA_013836865.1	2	2	0	0	2	2	0	0	0	0	2	1	0	2	0	0	1	2	2	2	2
GCA_013836665.1	2	2	0	0	2	2	1	0	0	0	2	0	0	2	0	0	1	2	2	2	2
GCA_013839405.1	2	2	0	0	2	2	0	0	0	0	2	0	0	2	0	0	1	2	2	2	2
GCA_013836225.1	2	2	0	1	2	2	0	0	0	0	2	0	1	2	0	0	1	2	2	2	2
GCA_013836305.1	2	2	0	0	2	2	1	0	1	0	2	0	0	2	0	0	1	2	2	2	2
GCA_013825755.1	2	2	0	0	2	2	0	0	0	0	2	0	0	2	0	0	1	2	2	2	2
GCA_013474695.1	2	2	0	0	2	2	0	0	0	0	2	0	0	2	0	0	1	2	2	2	2
GCA_014040575.1	2	2	0	0	2	2	1	1	0	0	2	0	0	2	0	0	1	2	2	2	2
GCA_014037775.1	2	2	0	0	2	2	0	0	0	0	2	0	0	2	0	0	1	2	2	2	2
GCA_014037615.1	2	2	0	0	2	2	0	0	0	0	2	0	0	2	0	0	1	2	2	2	2
GCA_014037195.1	2	2	0	0	2	2	1	0	0	0	2	0	0	2	0	0	1	2	2	2	2
GCA_014037235.1	2	2	0	0	2	2	0	0	0	0	2	0	0	2	0	0	1	2	2	2	2
GCA_014036615.1	2	2	0	0	2	2	0	0	0	0	2	0	0	2	0	0	1	2	2	2	2
GCA_014028915.1	2	2	0	0	2	2	0	0	0	0	2	1	0	2	0	0	1	2	2	2	2
GCA_014029075.1	2	2	0	0	2	2	0	0	0	0	2	0	0	2	0	0	1	2	2	2	2
GCA_014015455.1	2	2	0	0	2	2	1	0	0	0	2	0	0	2	0	0	1	2	2	2	2
GCA_014004575.1	2	2	0	0	2	2	0	0	0	0	2	0	0	2	0	0	1	2	2	2	2
GCA_014004635.1	2	2	0	0	2	2	0	0	0	0	2	0	0	2	0	0	1	2	2	2	2
GCA_014002335.1	2	2	0	0	2	2	0	0	0	0	2	0	0	2	0	0	1	2	2	2	2
GCA_014001875.1	2	2	0	0	2	2	0	0	0	0	2	0	0	2	0	0	1	2	2	2	2
GCA_013995375.1	2	2	0	1	2	2	0	0	0	0	2	0	1	2	0	0	0	2	2	2	2
GCA_013990885.1	2	2	0	0	2	2	1	0	0	0	2	0	0	2	0	0	1	2	2	2	2
GCA_013991035.1	2	2	0	0	2	2	0	0	0	0	2	0	0	2	0	0	1	2	2	2	2
GCA_013991315.1	2	2	0	0	2	2	0	0	0	0	2	0	0	2	0	0	1	2	2	2	2
GCA_013989675.1	2	2	0	0	2	2	0	0	0	0	2	0	0	2	0	0	1	2	2	2	2
GCA_013989695.1	2	2	0	0	2	2	0	0	0	0	2	0	0	2	0	0	1	2	2	2	2
GCA_013988765.1	2	2	0	0	2	2	1	0	0	0	2	0	0	2	0	0	1	2	2	2	2
GCA_013986315.1	2	2	0	0	2	2	0	0	0	0	2	0	0	2	0	0	1	2	2	2	2
GCA_013981075.1	2	2	0	0	2	2	0	0	0	0	2	0	0	2	0	0	1	2	2	2	2
GCA_012363815.1	2	2	0	0	2	2	1	0	0	0	2	0	0	2	0	0	1	2	2	2	2
GCA_013975965.1	2	2	0	0	2	2	0	0	0	0	2	0	0	2	0	0	1	2	2	2	2
GCA_013975995.1	2	2	0	0	2	2	1	0	0	0	2	0	0	2	0	0	1	2	2	2	2
GCA_013975145.1	2	2	0	0	2	2	0	0	0	0	2	0	0	2	0	0	1	2	2	2	2
GCA_013971965.1	2	2	0	0	2	2	0	0	0	0	2	0	0	2	0	0	1	2	2	2	2
GCA_013971345.1	2	2	0	0	2	2	0	0	0	0	2	0	0	2	0	0	1	2	2	2	2
GCA_013967035.1	2	2	0	0	2	2	1	0	0	0	2	0	0	2	0	0	1	2	2	2	2
GCA_013960825.1	2	2	0	0	2	2	0	0	0	0	2	0	0	2	0	0	1	2	2	2	2
GCA_013958885.1	2	2	0	0	2	2	0	0	0	0	2	0	0	2	0	0	1	2	2	2	2
GCA_013954405.1	2	2	0	0	2	2	0	0	0	0	2	0	0	2	0	0	1	2	2	2	2
GCA_013928165.1	2	2	0	0	2	2	0	0	0	0	2	0	0	2	0	0	1	2	2	2	2
GCA_013922225.1	2	2	0	0	2	2	1	0	0	0	2	0	0	2	0	0	1	2	2	2	2
GCA_014055905.1	2	2	0	1	2	2	0	0	0	0	2	0	1	2	0	0	0	2	2	2	2
GCA_013902145.1	2	2	0	0	2	2	1	0	0	0	2	0	0	2	0	0	1	2	2	2	2
GCA_013901665.1	2	2	0	0	2	2	1	0	0	0	2	0	0	2	0	0	1	2	2	2	2
GCA_013901705.1	2	2	0	0	2	2	0	0	0	0	2	0	0	2	0	0	1	2	2	2	2
GCA_013901645.1	2	2	0	0	2	2	1	0	0	0	2	0	0	2	0	0	1	2	2	2	2
GCA_013901575.1	2	2	0	0	2	2	0	0	0	0	2	1	0	2	0	0	1	2	2	2	2
GCA_013901485.1	2	2	0	0	2	2	0	0	0	0	2	0	0	2	0	0	1	2	2	2	2
GCA_013901445.1	2	2	0	0	2	2	0	0	0	0	2	0	0	2	0	0	1	2	2	2	2
GCA_013901285.1	2	2	0	0	2	2	0	0	0	0	2	0	0	2	0	0	1	2	2	2	2
GCA_013901345.1	2	2	0	0	2	2	0	0	0	0	2	0	0	2	0	0	1	2	2	2	2
GCA_013901225.1	2	2	0	0	2	2	0	0	0	0	2	0	0	2	0	0	1	2	2	2	2
GCA_013901205.1	2	2	0	0	2	2	0	0	0	0	2	0	0	2	0	0	1	2	2	2	2
GCA_013901125.1	2	2	0	0	2	2	1	0	0	0	2	0	0	2	0	0	1	2	2	2	2
GCA_013901105.1	2	2	0	0	2	2	0	0	0	0	2	0	0	2	0	0	1	2	2	2	2
GCA_013900365.1	2	2	0	0	2	2	0	0	0	0	2	0	0	2	0	0	1	2	2	2	2
GCA_013900645.1	2	2	0	0	2	2	0	0	0	0	2	0	0	2	0	0	1	2	2	2	2
GCA_013900445.1	2	2	0	0	2	2	0	0	0	0	2	0	0	2	0	0	1	2	2	2	2
GCA_013901025.1	2	2	0	0	2	2	0	0	0	0	2	0	0	2	0	0	1	2	2	2	2
GCA_013900985.1	2	2	0	0	2	2	0	0	0	0	2	0	0	2	0	0	1	2	2	2	2
GCA_013900965.1	2	2	0	0	2	2	1	0	0	0	2	0	0	2	0	0	1	2	2	2	2
GCA_013900885.1	2	2	0	0	2	2	0	0	0	0	2	0	0	2	0	0	1	2	2	2	2
GCA_013900905.1	2	2	0	0	2	2	0	0	0	0	2	0	0	2	0	0	1	2	2	2	2
GCA_013900865.1	2	2	0	0	2	2	1	0	0	0	2	0	0	2	0	0	1	2	2	2	2
GCA_013900845.1	2	2	0	0	2	2	0	0	0	0	2	0	0	2	0	0	1	2	2	2	2
GCA_013900765.1	2	2	0	0	2	2	1	0	0	0	2	0	0	2	0	0	1	2	2	2	2
GCA_013900785.1	2	2	0	0	2	2	0	0	0	0	2	0	0	2	0	0	1	2	2	2	2
GCA_013900685.1	2	2	0	0	2	2	1	0	0	0	2	0	0	2	0	0	1	2	2	2	2
GCA_013900745.1	2	2	0	0	2	2	0	0	0	0	2	0	0	2	0	0	1	2	2	2	2
GCA_013900705.1	2	2	0	0	2	2	0	0	0	0	2	0	0	2	0	0	1	2	2	2	2
GCA_013900665.1	2	2	0	0	2	2	0	0	0	0	2	1	0	2	0	0	1	2	2	2	2
GCA_013900725.1	2	2	0	0	2	2	1	0	0	0	2	0	0	2	0	0	1	2	2	2	2
GCA_013900625.1	2	2	0	0	2	2	0	0	0	0	2	0	0	2	0	0	1	2	2	2	2
GCA_013900505.1	2	2	0	0	2	2	0	0	0	0	2	0	0	2	0	0	1	2	2	2	2
GCA_013900585.1	2	2	0	0	2	2	0	0	0	0	2	0	0	2	0	0	1	2	2	2	2
GCA_013900465.1	2	2	0	0	2	2	0	0	0	0	2	0	0	2	0	0	1	2	2	2	2
GCA_013900515.1	2	2	0	0	2	2	0	0	0	0	2	0	0	2	0	0	1	2	2	2	2
GCA_013900485.1	2	2	0	0	2	2	0	0	0	0	2	0	0	2	0	0	1	2	2	2	2
GCA_013900545.1	2	2	0	0	2	2	0	0	0	0	2	0	0	2	0	0	1	2	2	2	2
GCA_013898715.1	2	2	0	0	2	2	0	0	0	0	2	0	0	2	0	0	1	2	2	2	2
GCA_013898895.1	2	2	0	0	2	2	1	0	0	0	2	0	0	2	0	0	1	2	2	2	2
GCA_013898315.1	2	2	0	0	2	2	1	0	0	0	2	1	0	2	0	0	1	2	2	2	2
GCA_013898515.1	2	2	0	0	2	2	0	0	0	0	2	0	0	2	0	0	0	2	2	2	2
GCA_013898145.1	2	2	0	0	2	2	0	0	0	0	2	0	0	2	0	0	1	2	2	2	2
GCA_013897975.1	2	2	0	0	2	2	0	0	0	0	2	0	0	2	0	0	1	2	2	2	2
GCA_013897725.1	2	2	0	0	2	2	1	0	0	0	2	0	0	2	0	0	1	2	2	2	2
GCA_013897715.1	2	2	0	0	2	2	0	0	0	0	2	0	0	2	0	0	1	2	2	2	2
GCA_013897195.1	2	2	0	0	2	2	0	0	0	0	2	0	0	2	0	0	1	2	2	2	2
GCA_013897485.1	2	2	0	0	2	2	1	0	0	0	2	0	0	2	0	0	1	2	2	2	2
GCA_013897515.1	2	2	0	0	2	2	1	0	0	0	2	0	0	2	0	0	1	2	2	2	2
GCA_013897355.1	2	2	0	0	2	2	0	0	0	0	2	0	0	2	0	0	1	2	2	2	2
GCA_013897235.1	2	2	0	0	2	2	0	0	0	0	2	0	0	2	0	0	1	2	2	2	2
GCA_013897285.1	2	2	0	0	2	2	1	0	0	0	2	0	0	2	0	0	1	2	2	2	2
GCA_013895245.1	2	2	0	1	2	2	0	0	0	0	2	0	1	2	0	0	0	2	2	2	2
GCA_013892445.1	2	2	0	0	2	2	0	0	0	0	2	0	0	2	0	0	1	2	2	2	2
GCA_013892375.1	2	2	0	0	2	2	0	0	0	0	2	0	0	2	0	0	1	2	2	2	2
GCA_013869895.1	2	2	0	0	2	2	0	0	0	0	2	0	0	2	0	0	1	2	2	2	2
GCA_014486055.1	2	2	0	0	2	2	0	0	0	0	2	0	0	2	0	0	0	2	2	2	2
GCA_014486035.1	2	2	0	0	2	2	0	0	0	0	2	0	0	2	0	0	0	2	2	2	2
GCA_014485975.1	2	2	0	0	2	2	0	0	0	0	2	1	0	2	0	1	0	2	2	2	2
GCA_014485995.1	2	2	0	0	2	2	1	0	0	0	2	1	0	2	0	0	0	2	2	2	2
GCA_014486015.1	2	2	0	0	2	2	0	0	0	0	2	0	0	2	0	0	0	2	2	2	2
GCA_014485935.1	2	2	0	0	2	2	0	0	0	0	2	0	0	2	0	0	0	2	2	2	2
GCA_014485955.1	2	2	0	0	2	2	0	0	0	0	2	0	0	2	0	0	0	2	2	2	2
GCA_018340735.1	2	2	0	0	2	2	0	0	0	0	2	0	0	2	0	0	0	2	2	2	2
GCA_017244995.1	2	2	0	0	2	2	0	2	2	2	0	0	0	2	2	2	0	2	2	2	2
GCA_017244355.1	2	2	0	1	2	2	0	2	2	2	0	0	1	2	2	2	0	2	2	2	2
GCA_017244215.1	2	2	0	0	2	2	0	2	2	2	0	0	1	2	2	2	0	2	2	2	2
GCA_017246815.1	2	2	0	1	2	2	0	2	2	2	0	0	1	2	2	2	0	2	2	2	2
GCA_017246735.1	2	2	0	1	2	2	0	2	2	2	0	1	1	2	2	2	1	2	2	2	2
GCA_017246475.1	2	2	0	1	2	2	1	2	2	2	1	1	1	2	2	2	1	2	2	2	2
GCA_017246155.1	2	2	0	1	2	2	0	2	2	2	0	0	1	2	2	2	0	2	2	2	2
GCA_017246135.1	2	2	0	1	2	2	0	2	2	2	0	0	1	2	2	2	0	2	2	2	2
GCA_017246095.1	2	2	0	1	2	2	0	2	2	2	0	0	1	2	2	2	0	2	2	2	2
GCA_017246055.1	2	2	0	1	2	2	1	2	2	2	1	0	1	2	2	2	0	2	2	2	2
GCA_017245975.1	2	2	0	1	2	2	0	2	2	2	0	0	1	2	2	2	0	2	2	2	2
GCA_001249915.1	2	2	0	2	2	2	0	2	2	2	2	1	0	2	2	2	0	2	0	2	2
GCA_001258035.1	2	2	0	2	2	2	0	2	2	2	2	0	0	2	2	2	0	2	0	2	2
GCA_001252355.1	2	2	0	2	2	2	0	2	2	2	2	0	0	2	2	2	0	2	0	2	2
GCA_900163485.1	2	2	0	2	2	2	0	2	2	2	2	0	0	2	2	2	0	2	0	2	2
GCA_001259155.1	2	2	0	2	2	2	0	2	2	2	2	0	0	2	2	2	0	2	0	2	2
GCA_001253115.1	2	2	0	2	2	2	0	2	2	2	2	0	0	2	2	2	1	2	0	2	2
GCA_001258795.1	2	2	0	2	2	2	0	2	2	2	2	0	0	2	2	2	0	2	0	2	2
GCA_001256515.1	2	2	0	2	2	2	0	2	2	2	2	0	0	2	2	2	0	2	0	2	2
GCA_001248625.1	2	2	0	2	2	2	1	2	2	2	2	1	0	2	2	2	1	2	0	2	2
GCA_001250495.1	2	2	0	2	2	2	0	2	2	2	2	0	0	2	2	2	0	2	0	2	2
GCA_001261375.1	2	2	0	2	2	2	0	2	2	2	2	0	0	2	2	2	0	2	0	2	2
GCA_001260415.1	2	2	0	2	2	2	0	2	2	2	2	1	0	2	2	2	0	2	0	2	2
GCA_001252175.1	2	2	0	2	2	2	0	2	2	2	2	0	0	2	2	2	0	2	0	2	2
GCA_001253895.1	2	2	0	2	2	2	0	2	2	2	2	0	0	2	2	2	0	2	0	2	2
GCA_001259815.1	2	2	0	2	2	2	0	2	2	2	2	0	0	2	2	2	0	2	0	2	2
GCA_001260675.1	2	2	0	2	2	2	0	2	2	2	2	0	0	2	2	2	0	2	0	2	2
GCA_001258855.1	2	2	0	2	2	2	0	2	2	2	2	0	0	2	2	2	0	2	0	2	2
GCA_001249045.1	2	2	0	2	2	2	0	2	2	2	2	0	0	2	2	2	0	2	0	2	2
GCA_001255135.1	2	2	0	2	2	2	0	2	2	2	2	0	0	2	2	2	0	2	0	2	2
GCA_001251255.1	2	2	0	2	2	2	0	2	2	2	2	0	0	2	2	2	0	2	0	2	2
GCA_001253635.1	2	2	0	2	2	2	0	2	2	2	2	0	0	2	2	2	0	2	0	2	2
GCA_001258435.1	2	2	0	2	2	2	0	2	2	2	2	0	0	2	2	2	0	2	0	2	2
GCA_001246585.1	2	2	0	2	2	2	0	2	2	2	2	0	0	2	2	2	0	2	0	2	2
GCA_001260135.1	2	2	0	2	2	2	0	2	2	2	2	0	0	2	2	2	0	2	0	2	2
GCA_001247735.1	2	2	0	2	2	2	0	2	2	2	2	0	0	2	2	2	0	2	0	2	2
GCA_001248255.1	2	2	0	2	2	2	1	2	2	2	2	1	0	2	2	2	1	2	0	2	2
GCA_001261015.1	2	2	0	2	2	2	1	2	2	2	2	1	0	2	2	2	0	2	2	2	2
GCA_001252995.1	2	2	0	2	2	2	1	2	2	2	2	0	0	2	2	2	0	2	2	2	2
GCA_001260235.1	2	2	0	2	2	2	1	2	2	2	2	0	1	2	2	2	0	2	2	2	2
GCA_001257435.1	2	2	0	2	2	2	1	2	2	2	2	0	1	2	2	2	0	2	2	2	2
GCA_900160455.1	2	2	0	2	2	2	0	2	2	2	2	0	0	2	2	2	0	2	0	2	2
GCA_008727215.1	2	2	0	0	2	2	0	0	2	0	2	0	0	2	0	0	2	2	2	2	2
GCA_013915165.1	2	2	2	1	2	2	1	2	0	0	2	2	2	2	1	2	2	2	1	2	2
GCA_013908705.1	2	2	2	1	2	2	1	2	0	0	2	2	2	2	1	2	2	2	1	2	2
GCA_013910565.1	2	2	2	1	2	2	1	2	0	0	2	2	2	2	1	2	2	2	1	2	2
GCA_013910985.1	2	2	2	1	2	2	1	2	0	0	2	2	2	2	1	2	2	2	1	2	2
GCA_013914805.1	2	2	2	1	2	2	1	2	1	1	2	2	2	2	1	2	2	2	1	2	2
GCA_013906785.1	2	2	2	1	2	2	1	2	1	1	2	2	2	2	1	2	2	2	1	2	2
GCA_013906865.1	2	2	2	1	2	2	0	2	0	0	2	2	2	2	0	2	2	2	1	2	2
GCA_013909625.1	2	2	2	1	2	2	0	2	0	0	2	2	2	2	0	2	2	2	1	2	2
GCA_013910885.1	2	2	2	1	2	2	0	2	0	0	2	2	2	2	0	2	2	2	1	2	2
GCA_013919185.1	2	2	2	1	2	2	0	2	0	0	2	2	2	2	0	2	2	2	1	2	2
GCA_013919085.1	2	2	2	1	2	2	1	2	1	0	2	2	2	2	0	2	2	2	1	2	2
GCA_013919105.1	2	2	2	1	2	2	0	2	0	0	2	2	2	2	0	2	2	2	1	2	2
GCA_013911005.1	2	2	2	1	2	2	0	2	0	0	2	2	2	2	0	2	2	2	1	2	2
GCA_013910945.1	2	2	2	1	2	2	0	2	0	0	2	2	2	2	0	2	2	2	1	2	2
GCA_013909225.1	2	2	2	1	2	2	1	2	1	0	2	2	2	2	0	2	2	2	1	2	2
GCA_013909905.1	2	2	2	1	2	2	1	2	1	0	2	2	2	2	0	2	2	2	1	2	2
GCA_013908045.1	2	2	2	1	2	2	1	2	1	0	2	2	2	2	1	2	2	2	1	2	2
GCA_013907385.1	2	2	2	1	2	2	0	2	0	0	2	2	2	2	0	2	2	2	1	2	2
GCA_013908125.1	2	2	2	1	2	2	0	2	0	0	2	2	2	2	0	2	2	2	1	2	2
GCA_013908105.1	2	2	2	1	2	2	0	2	0	0	2	2	2	2	0	2	2	2	1	2	2
GCA_013910485.1	2	2	2	1	2	2	0	2	0	0	2	2	2	2	0	2	2	2	1	2	2
GCA_013910425.1	2	2	2	1	2	2	0	2	0	0	2	2	2	2	0	2	2	2	1	2	2
GCA_013910325.1	2	2	2	1	2	2	0	2	0	0	2	2	2	2	0	2	2	2	1	2	2
GCA_014057605.1	2	2	2	1	2	2	0	2	0	0	2	2	2	2	0	2	2	2	1	2	2
GCA_014057545.1	2	2	2	1	2	2	0	2	0	0	2	2	2	2	0	2	2	2	1	2	2
GCA_013910185.1	2	2	2	1	2	2	0	2	0	0	2	2	2	2	0	2	2	2	1	2	2
GCA_013906725.1	2	2	2	1	2	2	0	2	0	0	2	2	2	2	0	2	2	2	1	2	2
GCA_013906505.1	2	2	2	1	2	2	1	2	1	0	2	2	2	2	0	2	2	2	1	2	2
GCA_013907445.1	2	2	2	1	2	2	0	2	0	0	2	2	2	2	0	2	2	2	1	2	2
GCA_013907505.1	2	2	2	1	2	2	0	2	0	0	2	2	2	2	0	2	2	2	1	2	2
GCA_013909185.1	2	2	2	1	2	2	0	2	0	0	2	2	2	2	0	2	2	2	1	2	2
GCA_014057645.1	2	2	2	1	2	2	0	2	0	0	2	2	2	2	0	2	2	2	1	2	2
GCA_013918805.1	2	2	2	1	2	2	1	2	1	0	2	2	2	2	0	2	2	2	1	2	2
GCA_013904815.1	2	2	2	1	2	2	0	2	0	0	2	2	2	2	0	2	2	2	1	2	2
GCA_013915225.1	2	2	2	1	2	2	0	2	0	0	2	2	2	2	0	2	2	2	1	2	2
GCA_013908775.1	2	2	2	1	2	2	0	2	0	0	2	2	2	2	0	2	2	2	1	2	2
GCA_013908865.1	2	2	2	1	2	2	1	2	1	0	2	2	2	2	0	2	2	2	1	2	2
GCA_013908885.1	2	2	2	1	2	2	0	2	0	0	2	2	2	2	0	2	2	2	1	2	2
GCA_014057285.1	2	2	2	1	2	2	1	2	0	0	2	2	2	2	1	2	2	2	1	2	2
GCA_013904345.1	2	2	2	1	2	2	0	2	0	0	2	2	2	2	1	2	2	2	1	2	2
GCA_013907325.1	2	2	2	1	2	2	1	2	1	0	2	2	2	2	0	2	2	2	1	2	2
GCA_013910345.1	2	2	2	1	2	2	1	2	1	0	2	2	2	2	0	2	2	2	1	2	2
GCA_013914725.1	2	2	2	1	2	2	1	2	1	2	2	2	2	2	1	2	2	2	1	2	2
GCA_013918865.1	2	2	2	1	2	2	1	2	0	0	2	2	2	2	1	2	2	2	1	2	2
GCA_013903905.1	2	2	2	1	2	2	0	2	0	0	2	2	2	2	0	2	2	2	1	2	2
GCA_013904385.1	2	2	2	1	2	2	0	2	0	0	2	2	2	2	0	2	2	2	1	2	2
GCA_013904695.1	2	2	2	1	2	2	0	2	0	0	2	2	2	2	0	2	2	2	1	2	2
GCA_013906025.1	2	2	2	1	2	2	1	2	0	0	2	2	2	2	1	2	2	2	1	2	2
GCA_013913765.1	2	2	2	1	2	2	0	2	0	0	2	2	2	2	0	2	2	2	1	2	2
GCA_013913865.1	2	2	2	1	2	2	0	2	0	0	2	2	2	2	0	2	2	2	1	2	2
GCA_013913805.1	2	2	2	1	2	2	1	2	1	0	2	2	2	2	0	2	2	2	1	2	2
GCA_013913965.1	2	2	2	1	2	2	0	2	0	0	2	2	2	2	0	2	2	2	1	2	2
GCA_013914365.1	2	2	2	1	2	2	0	2	0	0	2	2	2	2	0	2	2	2	1	2	2
GCA_013908265.1	2	2	2	1	2	2	0	2	0	0	2	2	2	2	0	2	2	2	1	2	2
GCA_013908305.1	2	2	2	1	2	2	0	2	0	0	2	2	2	2	0	2	2	2	1	2	2
GCA_013906625.1	2	2	2	1	2	2	1	2	1	0	2	2	2	2	0	2	2	2	1	2	2
GCA_013908345.1	2	2	2	1	2	2	1	2	1	0	2	2	2	2	0	2	2	2	1	2	2
GCA_013906405.1	2	2	2	1	2	2	1	2	0	0	2	2	2	2	1	2	2	2	1	2	2
GCA_013906665.1	2	2	2	1	2	2	0	2	0	0	2	2	2	2	0	2	2	2	1	2	2
GCA_013906585.1	2	2	2	1	2	2	1	2	1	0	2	2	2	2	0	2	2	2	1	2	2
GCA_013906185.1	2	2	2	1	2	2	0	2	1	0	2	2	2	2	0	2	2	2	1	2	2
GCA_014057715.1	2	2	2	1	2	2	0	2	0	0	2	2	2	2	0	2	2	2	1	2	2
GCA_013909405.1	2	2	2	1	2	2	0	2	0	0	2	2	2	2	0	2	2	2	1	2	2
GCA_013908465.1	2	2	2	1	2	2	1	2	1	0	2	2	2	2	0	2	2	2	1	2	2
GCA_013908725.1	2	2	2	1	2	2	0	2	0	0	2	2	2	2	0	2	2	2	1	2	2
GCA_013908745.1	2	2	2	1	2	2	0	2	0	0	2	2	2	2	0	2	2	2	1	2	2
GCA_013908565.1	2	2	2	1	2	2	0	2	0	0	2	2	2	2	0	2	2	2	1	2	2
GCA_013908365.1	2	2	2	1	2	2	0	2	0	0	2	2	2	2	0	2	2	2	1	2	2
GCA_013917785.1	2	2	2	1	2	2	1	2	1	0	2	2	2	2	0	2	2	2	1	2	2
GCA_013904595.1	2	2	2	1	2	2	1	2	1	0	2	2	2	2	0	2	2	2	1	2	2
GCA_013906125.1	2	2	2	1	2	2	1	2	0	0	2	2	2	2	1	2	2	2	1	2	2
GCA_017227495.1	2	2	2	1	2	2	2	2	2	2	2	2	1	2	2	2	2	2	2	2	2
GCA_017227575.1	2	2	2	1	2	2	2	2	2	2	2	2	1	2	2	2	2	2	2	2	2
GCA_017227635.1	2	2	2	1	2	2	2	2	2	2	2	2	1	2	2	2	2	2	2	2	2
GCA_017227615.1	2	2	2	1	2	2	2	2	2	2	2	2	1	2	2	2	2	2	2	2	2
GCA_017228375.1	2	2	2	1	2	2	2	2	2	2	2	2	1	2	2	2	2	2	2	2	2
GCA_017228415.1	2	2	2	1	2	2	2	2	2	2	2	2	1	2	2	2	2	2	2	2	2
GCA_017228455.1	2	2	2	1	2	2	2	2	2	2	2	2	1	2	2	2	2	2	2	2	2
GCA_017228795.1	2	2	2	1	2	2	2	2	2	2	2	2	1	2	2	2	2	2	2	2	2
GCA_017229055.1	2	2	2	1	2	2	2	2	2	2	2	2	1	2	2	2	2	2	2	2	2
GCA_017229015.1	2	2	2	1	2	2	2	2	2	2	2	2	1	2	2	2	2	2	2	2	2
GCA_017228875.1	2	2	2	1	2	2	2	2	2	2	2	2	1	2	2	2	2	2	2	2	2
GCA_017228895.1	2	2	2	1	2	2	2	2	2	2	2	2	1	2	2	2	2	2	2	2	2
GCA_017228295.1	2	2	2	1	2	2	2	2	2	2	2	2	1	2	2	2	2	2	2	2	2
GCA_017228255.1	2	2	2	1	2	2	2	2	2	2	2	2	1	2	2	2	2	2	2	2	2
GCA_017227695.1	2	2	2	1	2	2	2	2	2	2	2	2	1	2	2	2	2	2	2	2	2
GCA_017228135.1	2	2	2	1	2	2	2	2	2	2	2	2	1	2	2	2	2	2	2	2	2
GCA_017227995.1	2	2	2	1	2	2	2	2	2	2	2	2	1	2	2	2	2	2	2	2	2
GCA_017227895.1	2	2	2	1	2	2	2	2	2	2	2	2	1	2	2	2	2	2	2	2	2
GCA_017228075.1	2	2	2	1	2	2	2	2	2	2	2	2	1	2	2	2	2	2	2	2	2
GCA_017228095.1	2	2	2	1	2	2	2	2	2	2	2	2	1	2	2	2	2	2	2	2	2
GCA_017228615.1	2	2	2	1	2	2	2	2	2	2	2	2	1	2	2	2	2	2	2	2	2
GCA_017228575.1	2	2	2	1	2	2	2	2	2	2	2	2	1	2	2	2	2	2	2	2	2
GCA_017228555.1	2	2	2	1	2	2	2	2	2	2	2	2	1	2	2	2	2	2	2	2	2
GCA_017228515.1	2	2	2	1	2	2	2	2	2	2	2	2	1	2	2	2	2	2	2	2	2
GCA_017228715.1	2	2	2	1	2	2	2	2	2	2	2	2	1	2	2	2	2	2	2	2	2
GCA_017227875.1	2	2	2	1	2	2	2	2	2	2	2	2	1	2	2	2	2	2	2	2	2
GCA_017227935.1	2	2	2	1	2	2	2	2	2	2	2	2	1	2	2	2	2	2	2	2	2
GCA_017227905.1	2	2	2	1	2	2	2	2	2	2	2	2	1	2	2	2	2	2	2	2	2
GCA_017228195.1	2	2	2	1	2	2	2	2	2	2	2	2	1	2	2	2	2	2	2	2	2
GCA_013914885.1	2	2	2	0	2	2	1	2	0	0	2	2	2	2	1	2	2	2	1	2	2
GCA_013915365.1	2	2	2	0	2	2	1	2	1	0	2	2	2	2	1	2	2	2	1	2	2
GCA_013918965.1	2	2	2	0	2	2	0	2	0	0	2	2	2	2	0	2	2	2	1	2	2
GCA_013906845.1	2	2	2	0	2	2	0	2	0	0	2	2	2	2	0	2	2	2	1	2	2
GCA_013906885.1	2	2	2	0	2	2	1	2	0	0	2	2	2	2	0	2	2	2	1	2	2
GCA_013906895.1	2	2	2	0	2	2	0	2	0	0	2	2	2	2	0	2	2	2	1	2	2
GCA_013909685.1	2	2	2	0	2	2	0	2	0	0	2	2	2	2	0	2	2	2	1	2	2
GCA_013909565.1	2	2	2	0	2	2	0	2	0	0	2	2	2	2	0	2	2	2	1	2	2
GCA_013909585.1	2	2	2	0	2	2	1	2	1	0	2	2	2	2	0	2	2	2	1	2	2
GCA_013909665.1	2	2	2	0	2	2	0	2	0	0	2	2	2	2	0	2	2	2	0	2	2
GCA_013910905.1	2	2	2	0	2	2	1	2	1	0	2	2	2	2	0	2	2	2	1	2	2
GCA_013918925.1	2	2	2	0	2	2	1	2	1	0	2	2	2	2	0	2	2	2	1	2	2
GCA_013919475.1	2	2	2	0	2	2	1	2	1	0	2	2	2	2	0	2	2	2	1	2	2
GCA_013919585.1	2	2	2	0	2	2	1	2	1	0	2	2	2	2	0	2	2	2	1	2	2
GCA_013919465.1	2	2	2	0	2	2	0	2	0	0	2	2	2	2	0	2	2	2	1	2	2
GCA_013910465.1	2	2	2	0	2	2	1	2	1	0	2	2	2	2	0	2	2	2	1	2	2
GCA_013910545.1	2	2	2	0	2	2	0	2	0	0	2	2	2	2	0	2	2	2	1	2	2
GCA_013910965.1	2	2	2	0	2	2	0	2	0	0	2	2	2	2	0	2	2	2	1	2	2
GCA_013910245.1	2	2	2	0	2	2	1	2	1	0	2	2	2	2	0	2	2	2	1	2	2
GCA_013909985.1	2	2	2	0	2	2	1	2	1	0	2	2	2	2	0	2	2	2	1	2	2
GCA_013909125.1	2	2	2	0	2	2	0	2	0	0	2	2	2	2	0	2	2	2	1	2	2
GCA_013909165.1	2	2	2	0	2	2	1	2	1	0	2	2	2	2	0	2	2	2	1	2	2
GCA_013909145.1	2	2	2	0	2	2	1	2	1	0	2	2	2	2	0	2	2	2	1	2	2
GCA_013909245.1	2	2	2	0	2	2	1	2	1	0	2	2	2	2	0	2	2	2	1	2	2
GCA_013909725.1	2	2	2	0	2	2	1	2	0	0	2	2	2	2	0	2	2	2	1	2	2
GCA_013906545.1	2	2	2	0	2	2	0	2	0	0	2	2	2	2	0	2	2	2	0	2	2
GCA_013908145.1	2	2	2	0	2	2	1	2	0	0	2	2	2	2	1	2	2	2	1	2	2
GCA_013908165.1	2	2	2	0	2	2	1	2	0	0	2	2	2	2	0	2	2	2	1	2	2
GCA_013907125.1	2	2	2	0	2	2	0	2	0	0	2	2	2	2	0	2	2	2	1	2	2
GCA_013906325.1	2	2	2	0	2	2	0	2	0	0	2	2	2	2	0	2	2	2	1	2	2
GCA_013910385.1	2	2	2	0	2	2	0	2	0	0	2	2	2	2	0	2	2	2	1	2	2
GCA_013910525.1	2	2	2	0	2	2	0	2	0	0	2	2	2	2	0	2	2	2	1	2	2
GCA_013910585.1	2	2	2	0	2	2	1	2	0	0	2	2	2	2	1	2	2	2	1	2	2
GCA_013910505.1	2	2	2	0	2	2	0	2	0	0	2	2	2	2	0	2	2	2	1	2	2
GCA_013910405.1	2	2	2	0	2	2	0	2	0	0	2	2	2	2	0	2	2	2	0	2	2
GCA_013910445.1	2	2	2	0	2	2	0	2	0	0	2	2	2	2	0	2	2	2	1	2	2
GCA_013905985.1	2	2	2	0	2	2	1	2	1	0	2	2	2	2	0	2	2	2	1	2	2
GCA_013905325.1	2	2	2	0	2	2	1	2	1	0	2	2	2	2	0	2	2	2	1	2	2
GCA_013905425.1	2	2	2	0	2	2	0	2	0	0	2	2	2	2	0	2	2	2	1	2	2
GCA_013905805.1	2	2	2	0	2	2	1	2	1	0	2	2	2	2	0	2	2	2	1	2	2
GCA_013910105.1	2	2	2	0	2	2	0	2	0	0	2	2	2	2	0	2	2	2	1	2	2
GCA_013910225.1	2	2	2	0	2	2	0	2	0	0	2	2	2	2	0	2	2	2	1	2	2
GCA_013910165.1	2	2	2	0	2	2	1	2	1	0	2	2	2	2	0	2	2	2	1	2	2
GCA_013910145.1	2	2	2	0	2	2	1	2	1	0	2	2	2	2	0	2	2	2	1	2	2
GCA_013910265.1	2	2	2	0	2	2	1	2	1	0	2	2	2	2	0	2	2	2	1	2	2
GCA_013910205.1	2	2	2	0	2	2	1	2	1	0	2	2	2	2	0	2	2	2	1	2	2
GCA_013910285.1	2	2	2	0	2	2	1	2	1	0	2	2	2	2	0	2	2	2	1	2	2
GCA_013910365.1	2	2	2	0	2	2	1	2	0	0	2	2	2	2	0	2	2	2	1	2	2
GCA_013910305.1	2	2	2	0	2	2	0	2	0	0	2	2	2	2	0	2	2	2	1	2	2
GCA_013906925.1	2	2	2	0	2	2	0	2	0	0	2	2	2	2	0	2	2	2	0	2	2
GCA_013907165.1	2	2	2	0	2	2	1	2	1	0	2	2	2	2	0	2	2	2	1	2	2
GCA_013907685.1	2	2	2	0	2	2	0	2	0	0	2	2	2	2	0	2	2	2	1	2	2
GCA_013907625.1	2	2	2	0	2	2	1	2	1	0	2	2	2	2	0	2	2	2	1	2	2
GCA_013904625.1	2	2	2	0	2	2	1	2	1	0	2	2	2	2	0	2	2	2	1	2	2
GCA_013914845.1	2	2	2	0	2	2	1	2	1	0	2	2	2	2	0	2	2	2	1	2	2
GCA_013915285.1	2	2	2	0	2	2	1	2	1	0	2	2	2	2	0	2	2	2	1	2	2
GCA_013915305.1	2	2	2	0	2	2	1	2	1	0	2	2	2	2	0	2	2	2	1	2	2
GCA_013910125.1	2	2	2	0	2	2	1	2	1	0	2	2	2	2	0	2	2	2	1	2	2
GCA_013910085.1	2	2	2	0	2	2	1	2	1	0	2	2	2	2	0	2	2	2	1	2	2
GCA_013910045.1	2	2	2	0	2	2	1	2	1	0	2	2	2	2	0	2	2	2	1	2	2
GCA_013908665.1	2	2	2	0	2	2	1	2	1	0	2	2	2	2	0	2	2	2	1	2	2
GCA_013909945.1	2	2	2	0	2	2	1	2	1	0	2	2	2	2	0	2	2	2	1	2	2
GCA_013910065.1	2	2	2	0	2	2	1	2	1	0	2	2	2	2	0	2	2	2	1	2	2
GCA_013909785.1	2	2	2	0	2	2	1	2	1	0	2	2	2	2	0	2	2	2	1	2	2
GCA_013909845.1	2	2	2	0	2	2	1	2	1	0	2	2	2	2	0	2	2	2	1	2	2
GCA_013907415.1	2	2	2	0	2	2	1	2	0	0	2	2	2	2	0	2	2	2	1	2	2
GCA_013907515.1	2	2	2	0	2	2	1	2	1	0	2	2	2	2	0	2	2	2	1	2	2
GCA_013907465.1	2	2	2	0	2	2	1	2	1	0	2	2	2	2	0	2	2	2	1	2	2
GCA_013907545.1	2	2	2	0	2	2	0	2	0	0	2	2	2	2	0	2	2	2	1	2	2
GCA_013907645.1	2	2	2	0	2	2	1	2	1	0	2	2	2	2	0	2	2	2	1	2	2
GCA_013907725.1	2	2	2	0	2	2	1	2	1	0	2	2	2	2	0	2	2	2	1	2	2
GCA_013907555.1	2	2	2	0	2	2	1	2	1	0	2	2	2	2	0	2	2	2	1	2	2
GCA_013907605.1	2	2	2	0	2	2	1	2	1	0	2	2	2	2	0	2	2	2	1	2	2
GCA_013919325.1	2	2	2	0	2	2	1	2	1	0	2	2	2	2	0	2	2	2	1	2	2
GCA_013919385.1	2	2	2	0	2	2	1	2	1	0	2	2	2	2	0	2	2	2	1	2	2
GCA_013919345.1	2	2	2	0	2	2	1	2	1	0	2	2	2	2	0	2	2	2	1	2	2
GCA_013919405.1	2	2	2	0	2	2	1	2	1	0	2	2	2	2	0	2	2	2	1	2	2
GCA_013919415.1	2	2	2	0	2	2	0	2	0	0	2	2	2	2	0	2	2	2	1	2	2
GCA_013914745.1	2	2	2	0	2	2	0	2	0	0	2	2	2	2	0	2	2	2	1	2	2
GCA_013906825.1	2	2	2	0	2	2	1	2	1	0	2	2	2	2	0	2	2	2	1	2	2
GCA_013909705.1	2	2	2	0	2	2	0	2	0	0	2	2	2	2	0	2	2	2	0	2	2
GCA_013909385.1	2	2	2	0	2	2	0	2	0	0	2	2	2	2	0	2	2	2	0	2	2
GCA_013909205.1	2	2	2	0	2	2	1	2	1	0	2	2	2	2	0	2	2	2	1	2	2
GCA_013909285.1	2	2	2	0	2	2	1	2	1	0	2	2	2	2	0	2	2	2	1	2	2
GCA_013909265.1	2	2	2	0	2	2	0	2	0	0	2	2	2	2	0	2	2	2	1	2	2
GCA_013908005.1	2	2	2	0	2	2	1	2	1	0	2	2	2	2	0	2	2	2	1	2	2
GCA_013914765.1	2	2	2	0	2	2	1	2	1	0	2	2	2	2	0	2	2	2	1	2	2
GCA_013914685.1	2	2	2	0	2	2	1	2	1	0	2	2	2	2	0	2	2	2	1	2	2
GCA_013914905.1	2	2	2	0	2	2	1	2	1	0	2	2	2	2	0	2	2	2	1	2	2
GCA_013914945.1	2	2	2	0	2	2	0	2	0	0	2	2	2	2	0	2	2	2	1	2	2
GCA_013919205.1	2	2	2	0	2	2	1	2	1	0	2	2	2	2	0	2	2	2	1	2	2
GCA_013919265.1	2	2	2	0	2	2	1	2	1	0	2	2	2	2	1	2	2	2	1	2	2
GCA_013919225.1	2	2	2	0	2	2	1	2	1	0	2	2	2	2	1	2	2	2	1	2	2
GCA_013919245.1	2	2	2	0	2	2	1	2	1	0	2	2	2	2	0	2	2	2	1	2	2
GCA_013919365.1	2	2	2	0	2	2	1	2	0	0	2	2	2	2	1	2	2	2	1	2	2
GCA_013906085.1	2	2	2	0	2	2	1	2	0	0	2	2	2	2	0	2	2	2	1	2	2
GCA_013906165.1	2	2	2	0	2	2	1	2	1	0	2	2	2	2	0	2	2	2	1	2	2
GCA_014057665.1	2	2	2	0	2	2	1	2	1	0	2	2	2	2	0	2	2	2	1	2	2
GCA_013906105.1	2	2	2	0	2	2	0	2	0	0	2	2	2	2	0	2	2	2	0	2	2
GCA_014057705.1	2	2	2	0	2	2	0	2	0	0	2	2	2	2	0	2	2	2	1	2	2
GCA_014057685.1	2	2	2	0	2	2	1	2	1	0	2	2	2	2	0	2	2	2	1	2	2
GCA_013906145.1	2	2	2	0	2	2	1	2	1	0	2	2	2	2	0	2	2	2	1	2	2
GCA_013906205.1	2	2	2	0	2	2	1	2	1	0	2	2	2	2	0	2	2	2	1	2	2
GCA_013906245.1	2	2	2	0	2	2	0	2	0	0	2	2	2	2	0	2	2	2	1	2	2
GCA_013909465.1	2	2	2	0	2	2	1	2	1	0	2	2	2	2	0	2	2	2	1	2	2
GCA_013909765.1	2	2	2	0	2	2	1	2	1	0	2	2	2	2	0	2	2	2	1	2	2
GCA_013908485.1	2	2	2	0	2	2	1	2	1	0	2	2	2	2	0	2	2	2	1	2	2
GCA_013909745.1	2	2	2	0	2	2	1	2	1	0	2	2	2	2	0	2	2	2	1	2	2
GCA_013910645.1	2	2	2	0	2	2	1	2	0	0	2	2	2	2	0	2	2	2	1	2	2
GCA_013909525.1	2	2	2	0	2	2	1	2	0	0	2	2	2	2	0	2	2	2	1	2	2
GCA_013909965.1	2	2	2	0	2	2	1	2	0	0	2	2	2	2	0	2	2	2	1	2	2
GCA_013910005.1	2	2	2	0	2	2	0	2	1	0	2	2	2	2	0	2	2	2	1	2	2
GCA_013908645.1	2	2	2	0	2	2	1	2	1	0	2	2	2	2	0	2	2	2	1	2	2
GCA_013921645.1	2	2	2	0	2	2	1	2	1	0	2	2	2	2	0	2	2	2	1	2	2
GCA_013918635.1	2	2	2	0	2	2	1	2	0	1	2	2	2	2	1	2	2	2	1	2	2
GCA_013918465.1	2	2	2	0	2	2	1	2	1	0	2	2	2	2	0	2	2	2	1	2	2
GCA_013918765.1	2	2	2	0	2	2	0	2	0	0	2	2	2	2	0	2	2	2	1	2	2
GCA_013918725.1	2	2	2	0	2	2	0	2	0	0	2	2	2	2	0	2	2	2	1	2	2
GCA_013918625.1	2	2	2	0	2	2	1	2	1	0	2	2	2	2	0	2	2	2	1	2	2
GCA_013918665.1	2	2	2	0	2	2	1	2	0	0	2	2	2	2	0	2	2	2	1	2	2
GCA_013919065.1	2	2	2	0	2	2	1	2	1	0	2	2	2	2	1	2	2	2	1	2	2
GCA_013907045.1	2	2	2	0	2	2	0	2	0	0	2	2	2	2	0	2	2	2	1	2	2
GCA_013904885.1	2	2	2	0	2	2	0	2	0	0	2	2	2	2	0	2	2	2	1	2	2
GCA_013905365.1	2	2	2	0	2	2	1	2	1	0	2	2	2	2	0	2	2	2	1	2	2
GCA_013905725.1	2	2	2	0	2	2	1	2	1	0	2	2	2	2	0	2	2	2	1	2	2
GCA_013905885.1	2	2	2	0	2	2	1	2	1	0	2	2	2	2	0	2	2	2	1	2	2
GCA_014057575.1	2	2	2	0	2	2	0	2	0	0	2	2	2	2	0	2	2	2	0	2	2
GCA_013905085.1	2	2	2	0	2	2	0	2	0	0	2	2	2	2	0	2	2	2	0	2	2
GCA_013905025.1	2	2	2	0	2	2	0	2	0	0	2	2	2	2	0	2	2	2	1	2	2
GCA_013918685.1	2	2	2	0	2	2	1	2	1	0	2	2	2	2	0	2	2	2	1	2	2
GCA_013919145.1	2	2	2	0	2	2	1	2	1	0	2	2	2	2	0	2	2	2	1	2	2
GCA_013918985.1	2	2	2	0	2	2	0	2	0	0	2	2	2	2	0	2	2	2	1	2	2
GCA_013904795.1	2	2	2	0	2	2	0	2	0	0	2	2	2	2	0	2	2	2	1	2	2
GCA_013915115.1	2	2	2	0	2	2	1	2	1	0	2	2	2	2	0	2	2	2	1	2	2
GCA_013914475.1	2	2	2	0	2	2	1	2	1	0	2	2	2	2	0	2	2	2	1	2	2
GCA_013914405.1	2	2	2	0	2	2	1	2	1	0	2	2	2	2	0	2	2	2	1	2	2
GCA_013914425.1	2	2	2	0	2	2	1	2	1	0	2	2	2	2	0	2	2	2	1	2	2
GCA_013908765.1	2	2	2	0	2	2	0	2	0	0	2	2	2	2	0	2	2	2	1	2	2
GCA_013908825.1	2	2	2	0	2	2	1	2	1	0	2	2	2	2	0	2	2	2	1	2	2
GCA_013908805.1	2	2	2	0	2	2	1	2	0	0	2	2	2	2	1	2	2	2	1	2	2
GCA_013908585.1	2	2	2	0	2	2	1	2	1	0	2	2	2	2	0	2	2	2	1	2	2
GCA_013908605.1	2	2	2	0	2	2	1	2	1	0	2	2	2	2	0	2	2	2	1	2	2
GCA_013908685.1	2	2	2	0	2	2	0	2	0	0	2	2	2	2	0	2	2	2	1	2	2
GCA_013904645.1	2	2	2	0	2	2	1	2	1	0	2	2	2	2	0	2	2	2	1	2	2
GCA_013904685.1	2	2	2	0	2	2	1	2	1	0	2	2	2	2	0	2	2	2	1	2	2
GCA_013904565.1	2	2	2	0	2	2	1	2	1	0	2	2	2	2	0	2	2	2	1	2	2
GCA_013904455.1	2	2	2	0	2	2	1	2	1	0	2	2	2	2	0	2	2	2	1	2	2
GCA_013904765.1	2	2	2	0	2	2	1	2	1	0	2	2	2	2	0	2	2	2	1	2	2
GCA_013904465.1	2	2	2	0	2	2	1	2	1	0	2	2	2	2	0	2	2	2	1	2	2
GCA_013904005.1	2	2	2	0	2	2	1	2	1	0	2	2	2	2	0	2	2	2	1	2	2
GCA_013904505.1	2	2	2	0	2	2	1	2	1	0	2	2	2	2	0	2	2	2	1	2	2
GCA_013904445.1	2	2	2	0	2	2	1	2	1	0	2	2	2	2	0	2	2	2	1	2	2
GCA_013904665.1	2	2	2	0	2	2	1	2	1	0	2	2	2	2	0	2	2	2	1	2	2
GCA_013904325.1	2	2	2	0	2	2	1	2	0	0	2	2	2	2	1	2	2	2	1	2	2
GCA_013905005.1	2	2	2	0	2	2	0	2	0	0	2	2	2	2	0	2	2	2	1	2	2
GCA_013904965.1	2	2	2	0	2	2	0	2	0	0	2	2	2	2	0	2	2	2	1	2	2
GCA_013905035.1	2	2	2	0	2	2	0	2	0	0	2	2	2	2	0	2	2	2	0	2	2
GCA_013910025.1	2	2	2	0	2	2	1	2	1	0	2	2	2	2	0	2	2	2	1	2	2
GCA_013908545.1	2	2	2	0	2	2	1	2	1	0	2	2	2	2	0	2	2	2	1	2	2
GCA_013911025.1	2	2	2	0	2	2	0	2	0	0	2	2	2	2	0	2	2	2	1	2	2
GCA_013910825.1	2	2	2	0	2	2	1	2	1	0	2	2	2	2	0	2	2	2	1	2	2
GCA_013903825.1	2	2	2	0	2	2	1	2	1	0	2	2	2	2	0	2	2	2	1	2	2
GCA_013904105.1	2	2	2	0	2	2	1	2	1	0	2	2	2	2	0	2	2	2	1	2	2
GCA_013904285.1	2	2	2	0	2	2	1	2	1	0	2	2	2	2	1	2	2	2	1	2	2
GCA_013903625.1	2	2	2	0	2	2	1	2	1	1	2	2	2	2	1	2	2	2	1	2	2
GCA_013903645.1	2	2	2	0	2	2	0	2	0	0	2	2	2	2	0	2	2	2	1	2	2
GCA_013920285.1	2	2	2	0	2	2	1	2	1	0	2	2	2	2	0	2	2	2	1	2	2
GCA_013907245.1	2	2	2	0	2	2	0	2	0	0	2	2	2	2	0	2	2	2	1	2	2
GCA_013907305.1	2	2	2	0	2	2	1	2	1	0	2	2	2	2	0	2	2	2	1	2	2
GCA_013904725.1	2	2	2	0	2	2	1	2	0	0	2	2	2	2	0	2	2	2	1	2	2
GCA_013904925.1	2	2	2	0	2	2	0	2	0	0	2	2	2	2	0	2	2	2	1	2	2
GCA_013904845.1	2	2	2	0	2	2	0	2	0	0	2	2	2	2	0	2	2	2	0	2	2
GCA_013920065.1	2	2	2	0	2	2	1	2	1	0	2	2	2	2	0	2	2	2	1	2	2
GCA_013921585.1	2	2	2	0	2	2	1	2	0	0	2	2	2	2	0	2	2	2	1	2	2
GCA_013920205.1	2	2	2	0	2	2	0	2	0	0	2	2	2	2	0	2	2	2	1	2	2
GCA_013907365.1	2	2	2	0	2	2	0	2	0	0	2	2	2	2	0	2	2	2	1	2	2
GCA_013907285.1	2	2	2	0	2	2	1	2	1	0	2	2	2	2	0	2	2	2	1	2	2
GCA_013907405.1	2	2	2	0	2	2	0	2	0	0	2	2	2	2	0	2	2	2	1	2	2
GCA_013907345.1	2	2	2	0	2	2	0	2	0	0	2	2	2	2	0	2	2	2	1	2	2
GCA_013907225.1	2	2	2	0	2	2	1	2	1	0	2	2	2	2	0	2	2	2	1	2	2
GCA_013907265.1	2	2	2	0	2	2	0	2	0	0	2	2	2	2	0	2	2	2	1	2	2
GCA_013906795.1	2	2	2	0	2	2	0	2	0	0	2	2	2	2	0	2	2	2	1	2	2
GCA_013906705.1	2	2	2	0	2	2	1	2	1	0	2	2	2	2	0	2	2	2	1	2	2
GCA_013906645.1	2	2	2	0	2	2	0	2	0	0	2	2	2	2	0	2	2	2	1	2	2
GCA_013906745.1	2	2	2	0	2	2	0	2	0	0	2	2	2	2	0	2	2	2	1	2	2
GCA_013920225.1	2	2	2	0	2	2	1	2	1	0	2	2	2	2	0	2	2	2	1	2	2
GCA_013914585.1	2	2	2	0	2	2	0	2	0	0	2	2	2	2	0	2	2	2	1	2	2
GCA_013914625.1	2	2	2	0	2	2	1	2	1	0	2	2	2	2	0	2	2	2	1	2	2
GCA_013914545.1	2	2	2	0	2	2	0	2	0	0	2	2	2	2	0	2	2	2	1	2	2
GCA_013914505.1	2	2	2	0	2	2	1	2	1	0	2	2	2	2	0	2	2	2	1	2	2
GCA_013914965.1	2	2	2	0	2	2	0	2	0	0	2	2	2	2	0	2	2	2	0	2	2
GCA_013909005.1	2	2	2	0	2	2	1	2	1	0	2	2	2	2	0	2	2	2	1	2	2
GCA_013908945.1	2	2	2	0	2	2	1	2	0	0	2	2	2	2	0	2	2	2	1	2	2
GCA_013909045.1	2	2	2	0	2	2	1	2	0	0	2	2	2	2	0	2	2	2	1	2	2
GCA_013909025.1	2	2	2	0	2	2	1	2	1	0	2	2	2	2	0	2	2	2	1	2	2
GCA_013909085.1	2	2	2	0	2	2	0	2	0	0	2	2	2	2	0	2	2	2	1	2	2
GCA_013909065.1	2	2	2	0	2	2	0	2	0	0	2	2	2	2	0	2	2	2	1	2	2
GCA_013909105.1	2	2	2	0	2	2	0	2	0	0	2	2	2	2	0	2	2	2	1	2	2
GCA_013908925.1	2	2	2	0	2	2	0	2	0	0	2	2	2	2	0	2	2	2	0	2	2
GCA_013906005.1	2	2	2	0	2	2	1	2	1	0	2	2	2	2	0	2	2	2	1	2	2
GCA_013908965.1	2	2	2	0	2	2	1	2	1	0	2	2	2	2	0	2	2	2	1	2	2
GCA_014057565.1	2	2	2	0	2	2	1	2	1	0	2	2	2	2	0	2	2	2	1	2	2
GCA_014057425.1	2	2	2	0	2	2	1	2	1	0	2	2	2	2	0	2	2	2	1	2	2
GCA_013905965.1	2	2	2	0	2	2	0	2	0	0	2	2	2	2	0	2	2	2	1	2	2
GCA_013906045.1	2	2	2	0	2	2	0	2	0	0	2	2	2	2	0	2	2	2	1	2	2
GCA_013918325.1	2	2	2	0	2	2	0	2	0	0	2	2	2	2	0	2	2	2	1	2	2
GCA_014057625.1	2	2	2	0	2	2	0	2	0	0	2	2	2	2	0	2	2	2	1	2	2
GCA_013905335.1	2	2	2	0	2	2	0	2	0	0	2	2	2	2	0	2	2	2	1	2	2
GCA_014057405.1	2	2	2	0	2	2	0	2	0	0	2	2	2	2	0	2	2	2	1	2	2
GCA_013913945.1	2	2	2	0	2	2	0	2	0	0	2	2	2	2	0	2	2	2	1	2	2
GCA_013908205.1	2	2	2	0	2	2	1	2	0	0	2	2	2	2	1	2	2	2	1	2	2
GCA_013908245.1	2	2	2	0	2	2	0	2	0	0	2	2	2	2	0	2	2	2	1	2	2
GCA_013908325.1	2	2	2	0	2	2	1	2	1	0	2	2	2	2	0	2	2	2	1	2	2
GCA_013907865.1	2	2	2	0	2	2	1	2	1	0	2	2	2	2	0	2	2	2	1	2	2
GCA_013907785.1	2	2	2	0	2	2	0	2	0	0	2	2	2	2	0	2	2	2	1	2	2
GCA_013908225.1	2	2	2	0	2	2	0	2	0	0	2	2	2	2	0	2	2	2	1	2	2
GCA_013906285.1	2	2	2	0	2	2	1	2	0	0	2	2	2	2	1	2	2	2	1	2	2
GCA_013906225.1	2	2	2	0	2	2	0	2	0	0	2	2	2	2	0	2	2	2	0	2	2
GCA_013906265.1	2	2	2	0	2	2	1	2	1	0	2	2	2	2	0	2	2	2	1	2	2
GCA_013906445.1	2	2	2	0	2	2	1	2	1	0	2	2	2	2	1	2	2	2	1	2	2
GCA_013908905.1	2	2	2	0	2	2	1	2	1	0	2	2	2	2	0	2	2	2	1	2	2
GCA_013908985.1	2	2	2	0	2	2	1	2	1	0	2	2	2	2	0	2	2	2	1	2	2
GCA_013908285.1	2	2	2	0	2	2	1	2	1	0	2	2	2	2	1	2	2	2	1	2	2
GCA_013908845.1	2	2	2	0	2	2	1	2	1	0	2	2	2	2	0	2	2	2	1	2	2
GCA_013907875.1	2	2	2	0	2	2	0	2	0	0	2	2	2	2	0	2	2	2	1	2	2
GCA_013917705.1	2	2	2	0	2	2	1	2	1	0	2	2	2	2	0	2	2	2	1	2	2
GCA_013917725.1	2	2	2	0	2	2	1	2	1	0	2	2	2	2	0	2	2	2	1	2	2
GCA_013917825.1	2	2	2	0	2	2	1	2	1	0	2	2	2	2	0	2	2	2	1	2	2
GCA_013917765.1	2	2	2	0	2	2	1	2	1	0	2	2	2	2	0	2	2	2	1	2	2
GCA_013917745.1	2	2	2	0	2	2	0	2	0	0	2	2	2	2	0	2	2	2	1	2	2
GCA_013917805.1	2	2	2	0	2	2	0	2	0	0	2	2	2	2	0	2	2	2	1	2	2
GCA_014057265.1	2	2	2	0	2	2	0	2	0	0	2	2	2	2	0	2	2	2	1	2	2
GCA_014057245.1	2	2	2	0	2	2	0	2	0	0	2	2	2	2	0	2	2	2	1	2	2
GCA_013904985.1	2	2	2	0	2	2	1	2	0	0	2	2	2	2	0	2	2	2	1	2	2
GCA_013904585.1	2	2	2	0	2	2	0	2	0	0	2	2	2	2	0	2	2	2	1	2	2
GCA_013904545.1	2	2	2	0	2	2	0	2	0	0	2	2	2	2	0	2	2	2	1	2	2
GCA_013904785.1	2	2	2	0	2	2	1	2	1	0	2	2	2	2	0	2	2	2	1	2	2
GCA_013904945.1	2	2	2	0	2	2	0	2	0	0	2	2	2	2	0	2	2	2	1	2	2
GCA_013904525.1	2	2	2	0	2	2	1	2	1	0	2	2	2	2	0	2	2	2	1	2	2
GCA_013904745.1	2	2	2	0	2	2	0	2	0	0	2	2	2	2	0	2	2	2	1	2	2
GCA_013907665.1	2	2	2	0	2	2	0	2	0	0	2	2	2	2	0	2	2	2	0	2	2
GCA_013918905.1	2	2	2	0	2	2	1	2	1	0	2	2	2	2	0	2	2	2	1	2	2
GCA_013918945.1	2	2	2	0	2	2	1	2	1	0	2	2	2	2	0	2	2	2	1	2	2
GCA_013906965.1	2	2	2	0	2	2	1	2	1	0	2	2	2	2	0	2	2	2	1	2	2
GCA_017227755.1	2	2	2	0	2	2	2	2	2	2	2	2	0	2	2	2	2	2	2	2	2
GCA_017227775.1	2	2	2	0	2	2	2	2	2	2	2	2	1	2	2	2	2	2	2	2	2
GCA_017227815.1	2	2	2	0	2	2	2	2	2	2	2	2	0	2	2	2	2	2	2	2	2
GCA_017228355.1	2	2	2	0	2	2	2	2	2	2	2	2	1	2	2	2	2	2	2	2	2
GCA_017228315.1	2	2	2	0	2	2	2	2	2	2	2	2	1	2	2	2	2	2	2	2	2
GCA_017228335.1	2	2	2	0	2	2	2	2	2	2	2	2	1	2	2	2	2	2	2	2	2
GCA_017227595.1	2	2	2	0	2	2	2	2	2	2	2	2	1	2	2	2	2	2	2	2	2
GCA_017228115.1	2	2	2	0	2	2	2	2	2	2	2	2	1	2	2	2	2	2	2	2	2
GCA_017228635.1	2	2	2	0	2	2	2	2	2	2	2	2	0	2	2	2	2	2	2	2	2
GCA_017228535.1	2	2	2	0	2	2	2	2	2	2	2	2	0	2	2	2	2	2	2	2	2
GCA_001255535.1	2	2	2	2	2	2	1	2	2	2	2	1	0	2	2	2	1	2	1	2	2
GCA_001255275.1	2	2	2	2	2	2	1	2	2	2	2	0	0	2	2	2	1	2	0	2	2
GCA_001248965.1	2	2	2	2	2	2	1	2	2	2	2	1	0	2	2	2	0	2	0	2	2
GCA_001260535.1	2	2	2	2	2	2	1	2	2	2	2	0	0	2	2	2	0	2	0	2	2
GCA_001252535.1	2	2	2	2	2	2	1	2	2	2	2	1	0	2	2	2	1	2	1	2	2
GCA_001252035.1	2	2	2	2	2	2	1	2	2	2	2	1	0	2	2	2	1	2	1	2	2
GCA_001261655.1	2	2	2	2	2	2	1	2	2	2	2	1	0	2	2	2	1	2	1	2	2
GCA_001248485.1	2	2	2	2	2	2	1	2	2	2	2	0	1	2	2	2	0	2	1	2	2
GCA_001258415.1	2	2	2	2	2	2	1	2	2	2	2	1	0	2	2	2	1	2	1	2	2
GCA_001258815.1	2	2	2	2	2	2	1	2	2	2	2	1	0	2	2	2	1	2	1	2	2
GCA_001258175.1	2	2	2	2	2	2	1	2	2	2	2	1	0	2	2	2	1	2	1	2	2
GCA_001249235.1	2	2	2	2	2	2	1	2	2	2	2	1	0	2	2	2	1	2	1	2	2
GCA_001250735.1	2	2	2	2	2	2	1	2	2	2	2	1	0	2	2	2	1	2	1	2	2
GCA_001255955.1	2	2	2	2	2	2	0	2	2	2	2	1	0	2	2	2	1	2	1	2	2
GCA_001250375.1	2	2	2	2	2	2	0	2	2	2	2	1	0	2	2	2	1	2	1	2	2
GCA_001257815.1	2	2	2	2	2	2	0	2	2	2	2	1	0	2	2	2	1	2	1	2	2
GCA_001259515.1	2	2	2	2	2	2	0	2	2	2	2	0	0	2	2	2	0	2	0	2	2
GCA_001246385.1	2	2	2	2	2	2	0	2	2	2	2	1	0	2	2	2	1	2	1	2	2
GCA_001260775.1	2	2	2	2	2	2	0	2	2	2	2	0	1	2	2	2	0	2	1	2	2
GCA_001246015.1	2	2	2	2	2	2	0	2	2	2	2	1	0	2	2	2	1	2	1	2	2
GCA_001254975.1	2	2	2	2	2	2	0	2	2	2	2	1	0	2	2	2	1	2	1	2	2
GCA_001251855.1	2	2	2	2	2	2	0	2	2	2	2	1	0	2	2	2	1	2	1	2	2
GCA_001253675.1	2	2	2	2	2	2	0	2	2	2	2	0	0	2	2	2	1	2	1	2	2
GCA_001260755.1	2	2	2	2	2	2	0	2	2	2	2	1	1	2	2	2	1	2	1	2	2
GCA_017206415.1	2	2	2	2	2	2	2	2	2	2	2	2	1	2	1	2	2	2	2	2	2
GCA_017206445.1	2	2	2	2	2	2	2	2	2	2	2	2	1	2	1	2	2	2	2	2	2
GCA_017206165.1	2	2	2	2	2	2	2	2	2	2	2	2	1	2	1	2	2	2	2	2	2
GCA_017206375.1	2	2	2	2	2	2	2	2	2	2	2	2	1	2	1	2	2	2	2	2	2
GCA_017206315.1	2	2	2	2	2	2	2	2	2	2	2	2	1	2	1	2	2	2	2	2	2
GCA_017206355.1	2	2	2	2	2	2	2	2	2	2	2	2	1	2	1	2	2	2	2	2	2
GCA_017206335.1	2	2	2	2	2	2	2	2	2	2	2	2	1	2	1	2	2	2	2	2	2
GCA_017206295.1	2	2	2	2	2	2	2	2	2	2	2	2	1	2	1	2	2	2	2	2	2
GCA_017206275.1	2	2	2	2	2	2	2	2	2	2	2	2	1	2	1	2	2	2	2	2	2
GCA_017209395.1	2	2	2	2	2	2	2	2	2	2	2	2	1	2	1	2	2	2	2	2	2
GCA_017209355.1	2	2	2	2	2	2	2	2	2	2	2	2	1	2	1	2	2	2	2	2	2
GCA_017209335.1	2	2	2	2	2	2	2	2	2	2	2	2	1	2	1	2	2	2	2	2	2
GCA_017207975.1	2	2	2	2	2	2	2	2	2	2	2	2	1	2	1	2	2	2	2	2	2
GCA_017207935.1	2	2	2	2	2	2	2	2	2	2	2	2	1	2	1	2	2	2	2	2	2
GCA_017207895.1	2	2	2	2	2	2	2	2	2	2	2	2	1	2	1	2	2	2	2	2	2
GCA_017207915.1	2	2	2	2	2	2	2	2	2	2	2	2	1	2	1	2	2	2	2	2	2
GCA_017207855.1	2	2	2	2	2	2	2	2	2	2	2	2	1	2	1	2	2	2	2	2	2
GCA_017677025.1	2	2	2	2	2	2	2	2	2	2	2	2	1	2	1	2	2	2	2	2	2
GCA_017207455.1	2	2	2	2	2	2	2	2	2	2	2	2	1	2	1	2	2	2	2	2	2
GCA_017211075.1	2	2	2	2	2	2	2	2	2	2	2	2	1	2	1	2	2	2	2	2	2
GCA_017211055.1	2	2	2	2	2	2	2	2	2	2	2	2	1	2	0	2	2	2	2	2	2
GCA_017210735.1	2	2	2	2	2	2	2	2	2	2	2	2	1	2	1	2	2	2	2	2	2
GCA_017210755.1	2	2	2	2	2	2	2	2	2	2	2	2	1	2	0	2	2	2	2	2	2
GCA_017210635.1	2	2	2	2	2	2	2	2	2	2	2	2	1	2	1	2	2	2	2	2	2
GCA_017210575.1	2	2	2	2	2	2	2	2	2	2	2	2	1	2	0	2	2	2	2	2	2
GCA_017210515.1	2	2	2	2	2	2	2	2	2	2	2	2	1	2	0	2	2	2	2	2	2
GCA_017210555.1	2	2	2	2	2	2	2	2	2	2	2	2	1	2	1	2	2	2	2	2	2
GCA_017210495.1	2	2	2	2	2	2	2	2	2	2	2	2	1	2	1	2	2	2	2	2	2
GCA_017210595.1	2	2	2	2	2	2	2	2	2	2	2	2	1	2	0	2	2	2	2	2	2
GCA_017210645.1	2	2	2	2	2	2	2	2	2	2	2	2	1	2	0	2	2	2	2	2	2
GCA_017210355.1	2	2	2	2	2	2	2	2	2	2	2	2	1	2	0	2	2	2	2	2	2
GCA_017210375.1	2	2	2	2	2	2	2	2	2	2	2	2	1	2	1	2	2	2	2	2	2
GCA_017210395.1	2	2	2	2	2	2	2	2	2	2	2	2	1	2	1	2	2	2	2	2	2
GCA_017210335.1	2	2	2	2	2	2	2	2	2	2	2	2	1	2	1	2	2	2	2	2	2
GCA_017210215.1	2	2	2	2	2	2	2	2	2	2	2	2	1	2	0	2	2	2	2	2	2
GCA_017209995.1	2	2	2	2	2	2	2	2	2	2	2	2	1	2	0	2	2	2	2	2	2
GCA_017209975.1	2	2	2	2	2	2	2	2	2	2	2	2	1	2	1	2	2	2	2	2	2
GCA_017209875.1	2	2	2	2	2	2	2	2	2	2	2	2	1	2	0	2	2	2	2	2	2
GCA_017209855.1	2	2	2	2	2	2	2	2	2	2	2	2	1	2	0	2	2	2	2	2	2
GCA_017206395.1	2	2	2	2	2	2	2	2	2	2	2	2	0	2	0	2	2	2	2	2	2
GCA_017207435.1	2	2	2	2	2	2	2	2	2	2	2	2	0	2	0	2	2	2	2	2	2
GCA_017207355.1	2	2	2	2	2	2	2	2	2	2	2	2	0	2	0	2	2	2	2	2	2
GCA_017207365.1	2	2	2	2	2	2	2	2	2	2	2	2	0	2	0	2	2	2	2	2	2
GCA_017207255.1	2	2	2	2	2	2	2	2	2	2	2	2	0	2	0	2	2	2	2	2	2
GCA_017207295.1	2	2	2	2	2	2	2	2	2	2	2	2	0	2	0	2	2	2	2	2	2
GCA_017210955.1	2	2	2	2	2	2	2	2	2	2	2	2	0	2	0	2	2	2	2	2	2
GCA_017210895.1	2	2	2	2	2	2	2	2	2	2	2	2	0	2	0	2	2	2	2	2	2
GCA_017210835.1	2	2	2	2	2	2	2	2	2	2	2	2	0	2	0	2	2	2	2	2	2
GCA_017207075.1	2	2	2	2	2	2	2	2	2	2	2	2	0	2	0	2	2	2	2	2	2
GCA_002246815.1	2	2	2	2	2	2	2	2	2	2	2	2	2	1	2	2	2	2	2	2	2
GCA_002246165.1	2	2	2	2	2	2	2	2	2	2	2	2	2	1	2	2	2	2	2	2	2
GCA_002246195.1	2	2	2	2	2	2	2	2	2	2	2	2	2	1	2	2	2	2	2	2	2
GCA_002246205.1	2	2	2	2	2	2	2	2	2	2	2	2	2	1	2	2	2	2	2	2	2
GCA_002248925.1	2	2	2	2	2	2	2	2	2	2	2	2	2	2	1	2	2	2	2	2	2
GCA_002317065.1	2	2	2	2	2	2	2	2	2	2	2	2	2	2	1	2	2	2	2	2	2
GCA_002317875.1	2	2	2	2	2	2	2	2	2	2	2	2	2	2	1	2	2	2	2	2	2
GCA_002317915.1	2	2	2	2	2	2	2	2	2	2	2	2	2	2	1	2	2	2	2	2	2
GCA_002248805.1	2	2	2	2	2	2	2	2	2	2	2	2	2	2	1	2	2	2	2	2	2
GCA_002248855.1	2	2	2	2	2	2	2	2	2	2	2	2	2	2	1	2	2	2	2	2	2
GCA_002247465.1	2	2	2	2	2	2	2	2	2	2	2	2	2	2	1	2	2	2	2	2	2
GCA_002247485.1	2	2	2	2	2	2	2	2	2	2	2	2	2	2	1	2	2	2	2	2	2
GCA_002248685.1	2	2	2	2	2	2	2	2	2	2	2	2	2	2	1	2	2	2	2	2	2
GCA_002248665.1	2	2	2	2	2	2	2	2	2	2	2	2	2	2	1	2	2	2	2	2	2
GCA_002247525.1	2	2	2	2	2	2	2	2	2	2	2	2	2	2	1	2	2	2	2	2	2
GCA_002247555.1	2	2	2	2	2	2	2	2	2	2	2	2	2	2	1	2	2	2	2	2	2
GCA_002247505.1	2	2	2	2	2	2	2	2	2	2	2	2	2	2	1	2	2	2	2	2	2
GCA_002248705.1	2	2	2	2	2	2	2	2	2	2	2	2	2	2	1	2	2	2	2	2	2
GCA_002248165.1	2	2	2	2	2	2	2	2	2	2	2	2	2	2	1	2	2	2	2	2	2
GCA_002248175.1	2	2	2	2	2	2	2	2	2	2	2	2	2	2	1	2	2	2	2	2	2
GCA_002248195.1	2	2	2	2	2	2	2	2	2	2	2	2	2	2	1	2	2	2	2	2	2
GCA_002317945.1	2	2	2	2	2	2	2	2	2	2	2	2	2	2	1	2	2	2	2	2	2
GCA_002247575.1	2	2	2	2	2	2	2	2	2	2	2	2	2	2	1	2	2	2	2	2	2
GCA_002247605.1	2	2	2	2	2	2	2	2	2	2	2	2	2	2	1	2	2	2	2	2	2
GCA_002249085.1	2	2	2	2	2	2	2	2	2	2	2	2	2	2	1	2	2	2	2	2	2
GCA_002248355.1	2	2	2	2	2	2	2	2	2	2	2	2	2	2	1	2	2	2	2	2	2
GCA_002249075.1	2	2	2	2	2	2	2	2	2	2	2	2	2	2	1	2	2	2	2	2	2
GCA_002248305.1	2	2	2	2	2	2	2	2	2	2	2	2	2	2	1	2	2	2	2	2	2
GCA_002248985.1	2	2	2	2	2	2	2	2	2	2	2	2	2	2	1	2	2	2	2	2	2
GCA_002249025.1	2	2	2	2	2	2	2	2	2	2	2	2	2	2	1	2	2	2	2	2	2
GCA_002248325.1	2	2	2	2	2	2	2	2	2	2	2	2	2	2	1	2	2	2	2	2	2
GCA_002248715.1	2	2	2	2	2	2	2	2	2	2	2	2	2	2	1	2	2	2	2	2	2
GCA_002247685.1	2	2	2	2	2	2	2	2	2	2	2	2	2	2	1	2	2	2	2	2	2
GCA_002247735.1	2	2	2	2	2	2	2	2	2	2	2	2	2	2	1	2	2	2	2	2	2
GCA_002247725.1	2	2	2	2	2	2	2	2	2	2	2	2	2	2	1	2	2	2	2	2	2
GCA_002247775.2	2	2	2	2	2	2	2	2	2	2	2	2	2	2	1	2	2	2	2	2	2
GCA_002247765.2	2	2	2	2	2	2	2	2	2	2	2	2	2	2	1	2	2	2	2	2	2
GCA_002248745.1	2	2	2	2	2	2	2	2	2	2	2	2	2	2	1	2	2	2	2	2	2
GCA_002248785.1	2	2	2	2	2	2	2	2	2	2	2	2	2	2	1	2	2	2	2	2	2
GCA_002247805.1	2	2	2	2	2	2	2	2	2	2	2	2	2	2	1	2	2	2	2	2	2
GCA_002248755.1	2	2	2	2	2	2	2	2	2	2	2	2	2	2	1	2	2	2	2	2	2
GCA_002248465.1	2	2	2	2	2	2	2	2	2	2	2	2	2	2	1	2	2	2	2	2	2
