	azithromycin	clindamycin	erythromycin	telithromycin	gentamicin	ciprofloxacin	nalidixic_acid	tetracycline
GCA_010213435.1	1	1	1	1	1	1	1	1
GCA_005132965.1	1	1	1	1	0	0	0	0
GCA_005085665.1	1	1	1	1	0	1	1	1
GCA_005132985.1	1	1	1	1	0	0	0	0
GCA_004923915.1	1	1	1	0	0	0	0	0
GCA_005098085.1	1	1	1	1	0	1	1	1
GCA_005201195.1	1	1	1	1	0	0	0	1
GCA_005191055.1	1	1	1	1	1	1	1	1
GCA_004989765.1	1	1	1	1	0	1	1	0
GCA_005167165.1	1	1	1	1	1	1	1	1
GCA_005353545.1	1	1	1	1	0	0	0	1
GCA_005373645.1	1	1	1	1	0	1	1	1
GCA_004818495.1	1	1	1	1	0	1	1	0
GCA_004902975.1	1	1	1	1	1	1	1	1
GCA_005281765.1	1	1	1	0	0	0	0	1
GCA_005283965.1	1	1	1	0	0	0	0	1
GCA_005283945.1	1	1	1	1	0	0	0	1
GCA_005287885.1	1	1	1	1	0	0	0	1
GCA_005286245.1	1	1	1	1	0	0	0	1
GCA_005286525.1	1	1	1	0	0	0	0	1
GCA_005286785.1	1	1	1	1	0	0	0	1
GCA_005286945.1	1	1	1	1	0	0	0	1
GCA_005285945.1	1	1	1	1	0	0	0	1
GCA_005289365.1	1	1	1	1	0	0	0	1
GCA_005289465.1	1	1	1	1	0	0	0	1
GCA_005288785.1	1	1	1	1	0	0	0	1
GCA_005289025.1	1	1	1	1	0	0	0	1
GCA_005290925.1	1	1	1	0	0	0	0	1
GCA_004804455.1	1	1	1	0	0	0	0	1
GCA_005291485.1	1	1	1	1	0	0	0	1
GCA_005291965.1	1	1	1	1	0	0	0	1
GCA_005292485.1	1	1	1	0	0	0	0	1
GCA_005292985.1	1	1	1	0	0	0	0	1
GCA_005293225.1	1	1	1	1	0	0	0	1
GCA_005293525.1	1	1	1	1	0	0	0	1
GCA_005291565.1	1	1	1	1	0	0	0	0
GCA_005294485.1	1	1	1	1	0	0	0	1
GCA_005295285.1	1	1	1	1	0	0	0	1
GCA_005295065.1	1	1	1	1	0	0	0	1
GCA_005295865.1	1	1	1	0	0	0	0	1
GCA_005297405.1	1	1	1	1	0	0	0	1
GCA_005297725.1	1	1	1	1	0	0	0	1
GCA_004973605.1	1	1	1	0	0	0	0	0
GCA_004973065.1	1	1	1	1	0	0	0	0
GCA_004973505.1	1	1	1	0	0	1	1	0
GCA_005206085.1	1	1	1	0	0	1	1	0
GCA_005149025.1	1	1	1	1	0	0	0	1
GCA_004972865.1	1	1	1	1	0	0	0	1
GCA_005148305.1	1	1	1	1	0	0	0	0
GCA_004975725.1	1	1	1	1	0	0	0	1
GCA_005150185.1	1	1	1	1	0	0	0	0
GCA_005178425.1	1	1	1	1	0	0	0	0
GCA_005020875.1	1	1	1	0	0	1	1	0
GCA_004976465.1	1	1	1	1	0	0	0	1
GCA_005011675.1	1	1	1	1	0	0	0	1
GCA_005205155.1	1	1	1	1	0	0	0	0
GCA_005326905.1	1	1	1	1	0	0	0	1
GCA_005327835.1	1	1	1	1	0	0	0	0
GCA_005329585.1	1	1	1	1	0	0	0	0
GCA_005331065.1	1	1	1	1	0	0	0	0
GCA_005332425.1	1	1	1	1	1	1	1	1
GCA_005334425.1	1	1	1	1	1	1	1	1
GCA_005335205.1	1	1	1	1	0	0	0	1
GCA_005358685.1	1	1	1	1	0	0	0	1
GCA_005358845.1	1	1	1	1	1	1	1	1
GCA_005359165.2	1	1	1	1	1	1	1	1
GCA_005360425.1	1	1	1	1	1	1	1	1
GCA_005362465.1	1	1	1	1	0	0	0	1
GCA_005363005.1	1	1	1	0	0	0	0	0
GCA_004874645.1	1	1	1	0	0	0	0	0
GCA_004876785.1	1	1	1	1	0	0	0	1
GCA_006364835.1	1	1	1	0	0	0	0	0
GCA_006359595.1	1	1	1	1	0	0	0	1
GCA_008890065.1	1	1	1	1	0	0	0	0
GCA_008897805.1	1	1	1	1	1	1	1	1
GCA_009011035.1	1	1	1	2	0	0	0	1
GCA_009153075.1	1	1	1	1	0	0	0	1
GCA_014344715.1	1	1	1	2	0	0	0	1
GCA_010216055.1	1	1	1	2	0	1	1	1
GCA_011646215.1	1	0	1	2	1	1	1	1
GCA_013766325.1	1	1	1	2	0	0	0	1
GCA_001418825.1	1	1	1	1	1	1	1	1
GCA_001419005.1	1	1	1	1	1	1	1	1
GCA_001419015.1	1	1	1	1	1	1	1	1
GCA_001419265.1	1	1	1	1	1	1	1	1
GCA_001419275.1	1	1	1	1	1	1	1	1
GCA_006349415.1	1	1	1	2	0	1	2	1
GCA_006370435.1	1	1	1	2	0	1	2	1
GCA_006370375.1	1	1	1	2	0	1	2	1
GCA_006370415.1	1	1	1	2	0	1	2	1
GCA_006370345.1	1	1	1	2	0	1	2	1
GCA_006349525.1	1	1	1	2	1	1	2	1
GCA_006349535.1	1	1	1	2	1	1	2	1
GCA_006349405.1	1	1	1	2	0	1	2	1
GCA_006349385.1	1	1	1	2	0	1	2	1
GCA_001441745.1	1	1	1	1	0	1	1	1
GCA_001442405.1	1	1	1	1	0	0	0	1
GCA_001442045.1	1	1	1	1	0	1	1	1
GCA_001442375.1	1	1	1	1	0	0	0	1
GCA_001442095.1	1	1	1	1	0	0	0	1
GCA_001442455.1	1	1	1	1	0	1	1	1
GCA_001441765.1	1	1	1	1	0	1	1	1
GCA_001540985.1	1	1	1	1	0	0	0	1
GCA_001442435.1	1	0	1	1	0	1	1	1
GCA_001442175.1	1	1	1	1	0	1	1	1
GCA_001441845.1	1	1	1	1	0	0	0	1
GCA_001442195.1	1	1	1	1	0	0	0	1
GCA_001441815.1	1	1	1	1	0	0	0	1
GCA_001442235.1	1	1	1	1	0	0	0	1
GCA_001416745.1	1	1	1	1	1	1	1	1
GCA_001441825.1	1	1	1	1	0	1	1	1
GCA_001416925.1	1	1	1	1	1	1	1	1
GCA_001441915.1	1	1	1	1	0	0	0	0
GCA_001417385.1	1	1	1	1	1	1	1	1
GCA_001417405.1	1	1	1	0	1	0	0	1
GCA_001441905.1	1	1	1	1	0	0	0	1
GCA_001417415.1	1	1	1	0	1	0	0	1
GCA_001416985.1	1	1	1	1	1	1	1	1
GCA_001441895.1	1	1	1	1	0	1	1	0
GCA_001442395.1	1	1	1	1	0	0	0	1
GCA_001441965.1	1	1	1	1	0	0	0	1
GCA_001441955.1	1	1	1	1	0	1	1	1
GCA_001441975.1	1	1	1	1	0	0	0	1
GCA_001442305.1	1	1	1	1	0	0	0	0
GCA_001442015.1	1	1	0	1	0	1	1	1
GCA_001442345.1	1	1	1	1	0	0	0	0
GCA_006370305.1	1	1	1	2	1	1	2	1
GCA_006349425.1	1	1	1	2	0	1	2	1
GCA_006349485.1	1	1	1	2	0	1	2	1
GCA_006370255.1	1	1	1	2	1	1	2	1
GCA_006349395.1	1	1	1	2	0	1	2	1
GCA_041941655.1	1	1	1	1	0	0	0	1
GCA_008165725.1	0	0	0	0	0	1	1	1
GCA_008719595.1	0	0	0	0	0	1	1	0
GCA_008820605.1	0	0	0	0	0	1	1	1
GCA_010269175.1	0	0	0	0	0	0	0	0
GCA_010268975.1	0	0	0	1	0	0	0	0
GCA_010205765.1	0	1	0	0	0	1	1	1
GCA_010208685.1	0	0	0	0	0	1	1	1
GCA_010215235.1	0	0	0	0	0	0	0	0
GCA_010217215.1	0	0	0	0	0	0	0	0
GCA_010271435.1	0	0	0	1	0	0	0	1
GCA_010217655.1	0	0	0	0	0	1	1	1
GCA_010273455.1	0	0	0	2	0	0	0	0
GCA_010276815.1	0	0	0	2	0	0	0	0
GCA_010276915.1	0	0	0	2	0	0	0	0
GCA_010219735.1	0	0	0	2	0	0	0	0
GCA_010274895.1	0	0	0	0	0	1	1	0
GCA_010219495.1	0	0	0	0	0	1	1	0
GCA_012783595.1	0	0	0	2	0	0	0	0
GCA_013773085.1	0	0	0	2	0	1	1	1
GCA_013711505.1	0	0	0	2	0	1	1	1
GCA_014341775.1	0	0	0	0	0	0	0	1
GCA_015563625.1	0	0	0	2	0	0	0	1
GCA_015561525.1	0	0	0	2	0	1	1	0
GCA_015688675.1	0	0	0	0	0	0	0	1
GCA_015688975.1	0	0	0	0	0	1	1	0
GCA_015914835.1	0	0	0	0	0	0	0	0
GCA_015692145.1	0	0	0	0	0	0	0	0
GCA_015692125.1	0	0	0	0	0	1	1	1
GCA_016141935.1	0	0	0	2	0	1	1	0
GCA_016494885.1	0	0	0	2	0	0	0	0
GCA_017130655.1	0	0	0	0	0	0	0	0
GCA_017130315.1	0	0	0	0	0	1	1	1
GCA_017130335.1	0	0	0	0	0	1	1	1
GCA_017130255.1	0	0	0	0	0	0	0	0
GCA_017130215.1	0	0	0	0	0	1	1	1
GCA_017130715.1	0	0	0	0	0	0	0	1
GCA_017130615.1	0	0	0	0	0	0	0	1
GCA_017130555.1	0	0	0	0	0	1	1	1
GCA_017130195.1	0	0	0	0	0	1	1	0
GCA_017134165.1	0	0	0	0	0	0	0	0
GCA_017134115.1	0	0	0	0	0	0	0	1
GCA_017133975.1	0	0	0	0	0	0	0	1
GCA_017133875.1	0	0	0	0	0	1	1	1
GCA_017133895.1	0	0	0	0	0	0	0	0
GCA_017133935.1	0	0	0	0	0	0	0	1
GCA_017133995.1	0	0	0	0	0	1	1	1
GCA_028073375.1	0	0	0	0	0	1	1	0
GCA_017133395.1	0	0	0	0	0	0	0	1
GCA_017134075.1	0	0	0	0	0	1	1	1
GCA_017568805.1	0	0	0	2	0	1	1	1
GCA_018080245.1	0	0	0	2	0	0	0	0
GCA_019147295.1	0	0	0	2	0	0	0	0
GCA_004804495.1	0	0	0	0	0	1	1	0
GCA_005132505.1	0	0	0	0	0	0	0	1
GCA_005132855.1	0	1	0	1	0	1	1	0
GCA_005093685.3	0	0	0	0	0	0	0	0
GCA_004924115.1	0	0	0	0	0	0	0	0
GCA_005895645.1	0	1	0	1	0	1	1	1
GCA_005315265.1	0	0	0	0	0	0	0	1
GCA_005315465.1	0	0	0	0	0	0	0	1
GCA_005097305.1	0	0	0	0	0	0	0	1
GCA_005251205.1	0	0	0	0	0	1	1	1
GCA_004928375.1	0	1	0	0	0	1	1	1
GCA_005099865.1	0	0	0	0	0	1	1	1
GCA_004933695.1	0	0	0	0	0	1	1	1
GCA_005143285.1	0	0	0	0	0	1	1	1
GCA_005173245.1	0	0	0	0	0	0	0	1
GCA_005161965.1	0	0	0	0	0	0	0	1
GCA_005120845.1	0	0	0	0	0	0	0	0
GCA_005173725.1	0	0	0	0	0	0	0	0
GCA_005203195.1	0	0	0	0	0	0	0	1
GCA_005208815.1	0	0	0	1	0	1	1	1
GCA_005010175.1	0	0	0	0	0	0	0	0
GCA_004952385.1	0	0	0	0	0	0	0	0
GCA_005203775.1	0	0	0	0	1	1	1	1
GCA_005002615.1	0	0	0	0	0	0	0	0
GCA_005162685.1	0	0	0	0	0	0	0	1
GCA_004968545.1	0	0	0	0	0	1	1	1
GCA_005272835.1	0	0	0	0	0	1	1	1
GCA_004972005.1	0	0	0	0	0	0	0	1
GCA_004980565.1	0	0	0	0	0	1	1	0
GCA_005026615.1	0	0	0	0	0	1	1	1
GCA_005060265.1	0	0	0	0	0	0	0	0
GCA_005054685.1	0	0	0	0	0	0	0	0
GCA_005189425.1	0	0	0	0	0	0	0	0
GCA_005197215.1	0	0	0	0	0	1	1	0
GCA_005080385.1	0	0	0	0	0	0	0	0
GCA_005081895.1	0	0	0	0	0	0	0	0
GCA_005073705.1	0	0	0	1	0	1	1	1
GCA_005304435.1	0	0	0	0	0	0	0	0
GCA_005304305.1	0	0	0	1	1	1	1	1
GCA_005308125.1	0	0	0	0	0	0	0	0
GCA_005310685.1	0	0	0	0	0	0	0	0
GCA_005341785.1	0	0	0	0	0	0	0	0
GCA_005344125.1	0	0	0	0	0	0	0	0
GCA_005344145.1	0	0	0	1	0	0	0	1
GCA_005352295.1	0	0	0	0	1	1	1	1
GCA_005351635.1	0	0	0	0	0	0	0	0
GCA_005352755.1	0	0	0	0	0	1	1	1
GCA_005357245.1	0	0	0	0	0	1	1	1
GCA_005378105.1	0	0	0	0	0	0	0	0
GCA_004805555.1	0	0	0	0	0	1	1	0
GCA_004811515.1	0	0	0	0	0	1	1	0
GCA_004815495.1	0	0	0	0	0	0	0	0
GCA_004820165.1	0	0	0	0	0	1	1	1
GCA_003778995.1	0	0	0	0	0	0	0	0
GCA_003745485.1	0	0	0	0	0	0	0	0
GCA_003766605.1	0	0	0	1	0	0	0	1
GCA_003768545.1	0	0	0	0	0	0	0	1
GCA_004822425.1	0	0	0	0	0	1	1	1
GCA_004827165.1	0	0	0	0	1	1	1	1
GCA_004829655.1	0	0	0	0	0	0	0	1
GCA_004897815.1	0	0	0	1	0	1	1	1
GCA_004835805.1	0	0	0	0	0	0	0	1
GCA_004897635.1	0	0	0	0	0	1	1	0
GCA_004845165.1	0	0	0	0	0	0	0	0
GCA_004897215.1	0	0	0	0	0	0	0	1
GCA_004898435.1	0	0	0	0	0	0	0	0
GCA_004902775.1	0	0	0	0	0	0	0	1
GCA_004889485.1	0	0	0	0	0	1	1	1
GCA_004846965.1	0	0	0	0	0	0	0	0
GCA_005120165.1	0	0	0	0	0	0	0	1
GCA_004886375.1	0	0	0	0	0	0	0	1
GCA_004856345.1	0	0	0	0	0	0	0	1
GCA_004856605.1	0	0	0	0	0	0	0	0
GCA_004855965.1	0	0	0	0	0	0	0	1
GCA_004857005.1	0	0	0	0	0	0	0	0
GCA_004855545.1	0	0	0	0	0	0	0	0
GCA_004858925.1	0	0	0	0	0	1	1	1
GCA_004862645.1	0	0	0	0	0	1	1	0
GCA_004865245.1	0	0	0	0	0	0	0	1
GCA_004871425.1	0	0	0	1	0	1	1	1
GCA_004881905.1	0	0	0	0	0	0	0	0
GCA_004881045.1	0	0	0	0	0	0	0	0
GCA_004901655.1	0	0	0	0	0	0	0	1
GCA_004914055.1	0	0	0	0	0	0	0	1
GCA_004913515.1	0	0	0	1	0	1	1	0
GCA_005090205.1	0	0	0	0	0	0	0	0
GCA_005275915.1	0	0	0	0	0	0	0	1
GCA_006224255.1	0	0	0	0	0	1	1	0
GCA_007913465.1	0	0	0	1	0	0	0	1
GCA_007913735.1	0	0	0	0	0	0	0	1
GCA_007464455.1	0	0	0	0	0	0	0	1
GCA_007467815.1	0	0	0	0	0	0	0	0
GCA_007719565.1	0	0	0	0	0	0	0	0
GCA_007719625.1	0	0	0	0	0	1	1	0
GCA_007720425.1	0	0	0	0	0	0	0	1
GCA_007879685.1	0	0	0	0	0	1	1	1
GCA_008211865.1	0	0	0	0	0	1	1	0
GCA_005282145.1	0	1	0	0	0	0	0	1
GCA_005282165.1	0	0	0	0	0	1	1	1
GCA_005282345.1	0	0	0	0	0	0	0	0
GCA_005282325.1	0	0	0	0	0	0	0	1
GCA_005282355.1	0	0	0	0	0	1	1	0
GCA_005282405.1	0	0	0	0	0	1	1	0
GCA_005282485.1	0	0	0	0	0	0	0	0
GCA_005282525.1	0	1	0	0	0	0	0	1
GCA_005281925.1	0	0	0	0	0	1	1	1
GCA_005282205.1	0	0	0	0	0	0	0	1
GCA_005282645.1	0	0	0	0	0	1	1	1
GCA_005282565.1	0	0	0	0	0	0	0	1
GCA_005282605.1	0	0	0	0	0	1	1	1
GCA_005283505.1	0	0	0	0	0	0	0	0
GCA_005283525.1	0	0	0	0	0	1	1	1
GCA_005282905.1	0	0	0	0	0	1	1	1
GCA_005282965.1	0	0	0	0	0	1	1	0
GCA_005282985.1	0	0	0	0	0	0	0	1
GCA_005283085.1	0	0	0	0	0	1	1	0
GCA_005283025.1	0	0	0	0	0	1	1	1
GCA_005283065.1	0	0	0	0	0	0	0	1
GCA_005283105.1	0	0	0	0	0	0	0	1
GCA_005283225.1	0	0	0	0	0	0	0	1
GCA_005283245.1	0	0	0	0	0	0	0	1
GCA_005283285.1	0	0	0	0	0	0	0	0
GCA_005283385.1	0	0	0	0	0	0	0	1
GCA_005283355.1	0	0	0	0	0	1	1	1
GCA_005283125.1	0	0	0	0	0	0	1	0
GCA_005283445.1	0	0	0	0	0	0	0	0
GCA_005283005.1	0	0	0	0	0	1	1	1
GCA_005283345.1	0	0	0	0	0	0	0	1
GCA_005283705.1	0	0	0	0	0	0	0	0
GCA_005283405.1	0	0	0	0	1	1	1	1
GCA_005283765.1	0	0	0	0	0	0	0	0
GCA_005283685.1	0	0	0	0	0	0	0	1
GCA_005283865.1	0	0	0	0	0	0	0	1
GCA_005283725.1	0	0	0	0	0	0	0	1
GCA_005283845.1	0	0	0	0	0	1	1	1
GCA_005284065.1	0	0	0	0	0	0	0	1
GCA_005284005.1	0	0	0	0	0	0	0	1
GCA_005284145.1	0	0	0	0	0	0	0	0
GCA_005284235.1	0	0	0	0	0	0	0	1
GCA_005284165.1	0	0	0	0	0	0	0	1
GCA_005284205.1	0	1	0	0	0	1	1	0
GCA_005283425.1	0	0	0	0	0	0	1	1
GCA_005284285.1	0	0	0	0	0	0	0	1
GCA_005287845.1	0	0	0	0	0	0	0	1
GCA_005284325.1	0	0	0	0	0	1	1	1
GCA_005284865.1	0	0	0	0	0	0	0	1
GCA_005284965.1	0	1	0	0	0	0	0	1
GCA_005284925.1	0	0	0	0	0	0	0	1
GCA_005284905.1	0	0	0	0	0	0	0	0
GCA_005286145.1	0	0	0	0	0	0	0	1
GCA_005286325.1	0	0	0	0	0	0	0	1
GCA_005285325.1	0	0	0	0	0	0	1	1
GCA_005284545.1	0	0	0	0	0	1	1	1
GCA_005284705.1	0	0	0	0	0	0	0	0
GCA_005286405.1	0	0	0	0	0	0	0	0
GCA_005285385.1	0	0	0	0	0	0	0	1
GCA_005285305.1	0	0	0	0	0	0	0	1
GCA_005285565.1	0	0	0	0	0	0	0	1
GCA_005285625.1	0	0	0	0	0	0	0	1
GCA_005285685.1	0	0	0	0	0	1	1	1
GCA_005284425.1	0	0	0	0	1	0	0	1
GCA_005284365.1	0	0	0	0	0	0	0	1
GCA_005285705.1	0	1	0	0	0	0	0	1
GCA_005285805.1	0	0	0	0	0	0	0	1
GCA_005285885.1	0	1	0	0	0	0	0	1
GCA_005285865.1	0	0	0	0	0	0	0	0
GCA_005286045.1	0	0	0	0	0	0	0	0
GCA_005284745.1	0	0	0	0	0	1	1	1
GCA_005284785.1	0	0	0	0	0	1	1	1
GCA_005286025.1	0	0	0	0	0	0	0	1
GCA_005286465.1	0	0	0	0	1	1	1	1
GCA_005286605.1	0	0	0	0	0	1	1	1
GCA_005286585.1	0	0	0	0	0	1	1	1
GCA_005286625.1	0	0	0	0	0	1	1	1
GCA_005286765.1	0	0	0	0	1	1	1	1
GCA_005286705.1	0	0	0	0	0	1	1	1
GCA_005286845.1	0	0	0	0	0	0	0	0
GCA_005286825.1	0	0	0	0	0	0	0	1
GCA_005286885.1	0	0	0	0	0	1	1	0
GCA_005286905.1	0	0	0	0	0	0	0	1
GCA_005287025.1	0	0	0	0	0	0	0	0
GCA_005287125.1	0	0	0	0	1	1	1	1
GCA_005284815.1	0	0	0	0	0	0	0	0
GCA_005285205.1	0	0	0	0	0	0	0	0
GCA_005284645.1	0	0	0	0	0	0	0	1
GCA_005284685.1	0	0	0	0	0	0	0	1
GCA_005287105.1	0	0	0	0	0	0	0	1
GCA_005287165.1	0	0	0	0	0	1	1	0
GCA_005287185.1	0	0	0	0	0	1	1	1
GCA_005287325.1	0	1	0	0	0	0	0	1
GCA_005287445.1	0	0	0	0	0	1	1	1
GCA_005287405.1	0	0	0	0	0	1	1	0
GCA_005287525.1	0	0	0	0	0	0	0	0
GCA_005287505.1	0	0	0	0	0	1	1	1
GCA_005287625.1	0	0	0	0	0	0	0	0
GCA_005287605.1	0	0	0	0	0	0	0	1
GCA_005286175.1	0	0	0	0	0	0	0	0
GCA_005285105.1	0	0	0	0	0	0	0	1
GCA_005285785.1	0	0	0	0	0	1	1	1
GCA_005288045.1	0	0	0	0	0	0	0	1
GCA_005288085.1	0	0	0	0	0	1	1	1
GCA_005288565.1	0	0	0	0	0	1	1	1
GCA_005288605.1	0	0	0	0	0	0	0	1
GCA_005287965.1	0	0	0	0	0	1	1	1
GCA_005288205.1	0	0	0	0	0	0	0	1
GCA_005288005.1	0	0	0	0	0	1	1	0
GCA_005288185.1	0	0	0	0	0	0	0	0
GCA_005288765.1	0	0	0	0	0	1	1	1
GCA_005288165.1	0	1	0	0	0	0	0	1
GCA_005288965.1	0	0	0	0	0	0	0	1
GCA_005289065.1	0	0	0	0	0	0	0	0
GCA_005289265.1	0	0	0	0	0	1	1	1
GCA_005289085.1	0	0	0	0	0	1	1	1
GCA_005289385.1	0	0	0	0	0	0	0	0
GCA_005289325.1	0	1	0	0	0	0	0	1
GCA_005289245.1	0	0	0	0	0	0	0	1
GCA_005289405.1	0	0	0	0	0	0	0	1
GCA_005289485.1	0	0	0	0	0	0	0	0
GCA_005289505.1	0	0	0	0	0	1	1	0
GCA_005289545.1	0	0	0	0	0	1	1	1
GCA_005289585.1	0	0	0	0	0	1	1	1
GCA_005289625.1	0	1	0	0	0	0	0	1
GCA_005289805.1	0	0	0	0	0	0	0	1
GCA_005289765.1	0	0	0	0	0	1	1	0
GCA_005289845.1	0	0	0	0	0	0	0	1
GCA_005289945.1	0	0	0	0	0	1	1	0
GCA_005289975.1	0	0	0	0	0	0	0	1
GCA_005291145.1	0	0	0	0	0	0	0	0
GCA_005288365.1	0	0	0	0	0	0	0	1
GCA_005288545.1	0	0	0	0	0	0	0	1
GCA_005288525.1	0	0	0	0	0	0	0	1
GCA_005290065.1	0	0	0	0	0	1	1	1
GCA_005290285.1	0	1	0	0	0	0	0	1
GCA_005289965.1	0	0	0	0	0	1	1	1
GCA_005290185.1	0	0	0	0	0	0	0	0
GCA_005290005.1	0	0	0	0	0	1	1	1
GCA_005290195.1	0	0	0	0	0	1	1	0
GCA_005290165.1	0	0	0	0	0	0	0	1
GCA_005290305.1	0	0	0	0	0	0	0	1
GCA_005290325.1	0	0	0	0	0	1	1	1
GCA_005290445.1	0	0	0	0	0	1	1	1
GCA_005290465.1	0	0	0	0	0	0	0	1
GCA_005290535.1	0	0	0	0	0	0	0	1
GCA_005290565.1	0	1	0	0	0	0	0	1
GCA_005290685.1	0	0	0	0	0	0	0	0
GCA_005288425.1	0	0	0	0	0	0	0	0
GCA_005289045.1	0	0	0	0	0	0	0	1
GCA_005289345.1	0	0	0	0	0	0	0	0
GCA_005290745.1	0	0	0	0	0	0	0	0
GCA_005291105.1	0	0	0	0	0	0	0	0
GCA_005290885.1	0	0	0	0	0	0	0	0
GCA_005290845.1	0	0	0	0	0	0	0	0
GCA_005290945.1	0	0	0	0	0	1	1	1
GCA_005290905.1	0	0	0	0	0	0	0	0
GCA_005290985.1	0	0	0	0	0	0	0	1
GCA_005291075.1	0	0	0	0	0	0	0	1
GCA_005291825.1	0	0	0	0	0	1	1	1
GCA_005291845.1	0	0	0	0	0	0	0	1
GCA_005291925.1	0	0	0	0	0	0	0	1
GCA_005292005.1	0	0	0	0	0	0	0	1
GCA_005292015.1	0	0	0	0	0	0	0	1
GCA_005291905.1	0	0	0	0	0	0	0	0
GCA_005291585.1	0	0	0	0	0	1	1	1
GCA_005291945.1	0	0	0	0	0	0	0	1
GCA_005292125.1	0	0	0	0	0	1	1	0
GCA_005292165.1	0	0	0	0	0	0	0	1
GCA_005292055.1	0	0	0	0	0	0	0	1
GCA_005292185.1	0	0	0	0	0	0	0	0
GCA_005292145.1	0	1	0	0	0	0	0	0
GCA_005292225.1	0	0	0	0	0	1	1	0
GCA_005292325.1	0	0	0	0	0	1	1	1
GCA_005292385.1	0	0	0	0	0	0	0	1
GCA_005292405.1	0	0	0	0	0	0	0	1
GCA_005292465.1	0	0	0	0	0	0	0	1
GCA_005292425.1	0	1	0	0	0	1	1	1
GCA_005292545.1	0	0	0	0	0	0	0	1
GCA_005292525.1	0	0	0	0	0	0	0	0
GCA_005292605.1	0	0	0	0	0	0	0	0
GCA_005292745.1	0	0	0	0	0	0	0	1
GCA_005292805.1	0	0	0	0	0	0	0	1
GCA_005292705.1	0	0	0	0	0	0	0	0
GCA_005291405.1	0	0	0	0	0	0	0	1
GCA_005291665.1	0	0	0	0	0	0	0	0
GCA_005292885.1	0	0	0	0	0	0	0	1
GCA_005293045.1	0	0	0	0	0	0	0	1
GCA_005293005.1	0	0	0	0	0	0	0	0
GCA_005293145.1	0	0	0	0	0	0	0	0
GCA_005293285.1	0	0	0	0	0	0	0	0
GCA_005293265.1	0	0	0	0	0	0	0	1
GCA_005293345.1	0	0	0	0	0	0	0	0
GCA_005293205.1	0	0	0	0	0	0	0	1
GCA_005293425.1	0	0	0	0	0	1	1	1
GCA_005293485.1	0	0	0	0	0	0	0	1
GCA_005293505.1	0	0	0	0	0	1	1	1
GCA_005293605.1	0	0	0	0	0	1	1	1
GCA_005291505.1	0	0	0	0	0	1	1	1
GCA_005291255.1	0	0	0	0	0	0	0	0
GCA_005293725.1	0	0	0	0	0	0	0	1
GCA_005293545.1	0	0	0	0	0	1	1	1
GCA_005293825.1	0	0	0	0	0	1	1	0
GCA_005293885.1	0	0	0	0	0	1	1	1
GCA_005293945.1	0	0	0	0	0	0	0	1
GCA_005293925.1	0	0	0	0	0	0	0	0
GCA_005294365.1	0	1	0	0	0	0	0	0
GCA_005294245.1	0	0	0	0	0	1	1	1
GCA_005295185.1	0	0	0	0	0	0	0	0
GCA_005294285.1	0	0	0	0	0	0	0	0
GCA_005294335.1	0	1	0	0	0	0	0	1
GCA_005294205.1	0	0	0	0	0	1	1	1
GCA_005295105.1	0	0	0	0	0	0	0	1
GCA_005294525.1	0	0	0	0	0	0	0	1
GCA_005294065.1	0	0	0	0	0	1	1	1
GCA_005294585.1	0	0	0	0	0	0	0	0
GCA_005294165.1	0	0	0	0	0	1	1	1
GCA_005295205.1	0	0	0	0	0	1	1	1
GCA_005294605.1	0	0	0	0	0	0	0	1
GCA_005294305.1	0	0	0	0	0	0	0	0
GCA_005295165.1	0	0	0	0	0	0	0	0
GCA_005294445.1	0	0	0	0	0	0	0	0
GCA_005294225.1	0	0	0	0	0	0	0	1
GCA_005294425.1	0	0	0	0	0	1	1	1
GCA_005295465.1	0	0	0	0	0	0	0	1
GCA_005295125.1	0	0	0	0	0	0	0	1
GCA_005295305.1	0	0	0	0	0	0	0	1
GCA_005295405.1	0	0	0	0	0	1	1	1
GCA_005295445.1	0	0	0	0	0	0	0	1
GCA_005295525.1	0	0	0	0	0	0	0	1
GCA_005295365.1	0	0	0	0	0	0	0	0
GCA_005295605.1	0	0	0	0	0	0	0	1
GCA_005295625.1	0	0	0	0	0	1	1	1
GCA_005295565.1	0	1	0	0	0	1	1	1
GCA_005295665.1	0	0	0	0	0	0	0	1
GCA_005295585.1	0	0	0	0	0	0	0	0
GCA_005295765.1	0	0	0	0	0	0	0	0
GCA_005294765.1	0	0	0	0	0	0	0	0
GCA_005294035.1	0	0	0	0	0	0	0	1
GCA_005294265.1	0	0	0	0	0	0	0	1
GCA_005294695.1	0	0	0	0	0	0	0	1
GCA_005294465.1	0	0	0	0	0	0	0	1
GCA_005294385.1	0	0	0	0	0	1	1	1
GCA_005295805.1	0	0	0	0	0	0	0	1
GCA_005295885.1	0	0	0	0	0	0	0	1
GCA_005295825.1	0	0	0	0	0	0	0	1
GCA_005296965.1	0	0	0	0	0	1	1	1
GCA_005297065.1	0	0	0	0	0	1	1	1
GCA_005297025.1	0	0	0	0	0	1	1	1
GCA_005297105.1	0	0	0	0	0	0	0	0
GCA_005297125.1	0	0	0	0	1	1	1	1
GCA_005297185.1	0	0	0	0	0	1	1	0
GCA_005297485.1	0	0	0	0	0	0	0	1
GCA_005296565.1	0	0	0	0	0	1	1	1
GCA_005296585.1	0	0	0	0	0	1	1	1
GCA_005296495.1	0	0	0	0	0	1	1	0
GCA_005297525.1	0	0	0	0	0	1	1	0
GCA_005297605.1	0	0	0	0	0	0	0	1
GCA_005297745.1	0	0	0	0	0	0	0	0
GCA_005297785.1	0	0	0	0	0	0	0	0
GCA_005297805.1	0	0	0	0	0	0	0	0
GCA_005297885.1	0	0	0	0	0	0	0	1
GCA_004972525.1	0	0	0	0	0	1	1	1
GCA_004972445.1	0	0	0	0	0	1	1	0
GCA_004973485.1	0	0	0	0	0	0	0	0
GCA_005014355.1	0	0	0	0	0	1	1	1
GCA_005010245.1	0	0	0	0	0	0	0	0
GCA_004974275.1	0	0	0	0	0	0	0	1
GCA_005017555.1	0	0	0	0	0	0	0	0
GCA_004972725.1	0	0	0	0	0	0	0	1
GCA_005010195.1	0	0	0	0	0	0	0	0
GCA_005215765.1	0	0	0	0	0	0	0	0
GCA_005215305.1	0	0	0	0	0	0	0	0
GCA_005213195.1	0	0	0	0	0	0	0	0
GCA_005205955.1	0	0	0	0	0	0	0	0
GCA_004973665.1	0	0	0	0	0	0	0	0
GCA_005196335.1	0	0	0	0	0	0	0	0
GCA_005205335.1	0	0	0	0	0	0	0	0
GCA_004973905.1	0	0	0	0	0	0	0	1
GCA_005207335.1	0	0	0	0	0	0	0	1
GCA_005148865.1	0	0	0	0	1	0	0	1
GCA_005011375.1	0	0	0	0	0	0	0	0
GCA_004974205.1	0	0	0	0	0	0	0	1
GCA_004972885.1	0	0	0	0	0	0	0	1
GCA_005019635.1	0	0	0	0	0	0	0	1
GCA_005147865.1	0	0	0	0	0	0	0	0
GCA_005214745.1	0	0	0	0	0	0	0	0
GCA_005011435.1	0	0	0	0	0	0	0	1
GCA_004974365.1	0	0	0	0	0	0	0	1
GCA_005014775.1	0	0	0	0	0	0	0	0
GCA_004973125.1	0	0	0	0	0	0	0	1
GCA_005011355.1	0	0	0	0	0	0	0	1
GCA_004973465.1	0	0	0	0	0	0	0	1
GCA_005207255.1	0	0	0	0	0	0	0	1
GCA_005018555.1	0	0	0	0	0	0	0	1
GCA_005196315.1	0	0	0	0	0	0	0	0
GCA_005011395.1	0	0	0	0	0	0	0	1
GCA_004973025.1	0	0	0	0	0	0	0	1
GCA_004973805.1	0	0	0	0	0	0	0	1
GCA_005016035.1	0	0	0	0	0	0	0	1
GCA_005214565.1	0	0	0	0	0	0	0	0
GCA_004973005.1	0	0	0	0	0	1	1	0
GCA_004972545.1	0	0	0	0	0	0	0	1
GCA_004974105.1	0	0	0	0	0	0	0	1
GCA_005211005.1	0	0	0	0	0	0	0	1
GCA_004973075.1	0	0	0	1	0	1	1	0
GCA_004973965.1	0	0	0	0	0	0	0	1
GCA_005017595.1	0	0	0	0	0	0	0	1
GCA_004973785.1	0	0	0	0	0	0	0	0
GCA_005206015.1	0	0	0	0	0	0	0	1
GCA_005015975.1	0	0	0	0	0	0	0	1
GCA_004972985.1	0	0	0	0	0	0	0	1
GCA_004974065.1	0	0	0	0	0	0	0	1
GCA_005018935.1	0	0	0	0	0	0	0	0
GCA_004972845.1	0	0	0	0	0	0	0	0
GCA_005017695.1	0	0	0	0	0	0	0	0
GCA_005148425.1	0	0	0	0	0	0	0	0
GCA_004972945.1	0	0	0	0	0	0	0	0
GCA_005021955.1	0	0	0	0	0	0	0	1
GCA_004973205.1	0	0	0	0	0	0	0	0
GCA_004973165.1	0	0	0	0	0	0	0	0
GCA_004973565.1	0	0	0	0	0	1	1	0
GCA_005022375.1	0	0	0	0	0	0	0	0
GCA_005026295.1	0	0	0	0	0	0	0	0
GCA_005022335.1	0	0	0	0	0	0	0	0
GCA_005026175.1	0	0	0	0	0	0	0	0
GCA_005150365.1	0	0	0	0	0	0	0	1
GCA_004973245.1	0	0	0	0	0	0	0	1
GCA_005025065.1	0	0	0	0	0	0	0	0
GCA_004975565.1	0	0	0	0	0	1	1	1
GCA_004974465.1	0	0	0	0	0	1	1	0
GCA_005022575.1	0	0	0	0	0	0	0	1
GCA_004974425.1	0	0	0	0	0	0	0	0
GCA_005150845.1	0	0	0	0	0	0	0	0
GCA_004975545.1	0	0	0	0	0	0	0	0
GCA_004975525.1	0	0	0	0	0	1	1	1
GCA_005178325.1	0	0	0	0	0	1	1	1
GCA_005028275.1	0	0	0	0	0	0	0	1
GCA_005148845.1	0	0	0	0	0	0	0	0
GCA_004975625.1	0	0	0	0	0	0	0	1
GCA_004974525.1	0	0	0	0	0	0	0	0
GCA_005023295.1	0	0	0	0	0	0	0	1
GCA_004974585.1	0	0	0	0	0	1	1	1
GCA_005023215.1	0	0	0	0	0	0	0	0
GCA_004974625.1	0	0	0	0	0	1	1	1
GCA_004974665.1	0	0	0	0	0	0	0	1
GCA_004974605.1	0	0	0	0	0	0	0	0
GCA_004974785.1	0	0	0	0	0	0	0	1
GCA_004974765.1	0	0	0	0	0	0	0	1
GCA_005150165.1	0	0	0	0	0	0	0	0
GCA_005151045.1	0	0	0	0	0	0	0	0
GCA_004974745.1	0	0	0	0	0	1	1	1
GCA_004974805.1	0	0	0	0	0	0	0	1
GCA_004974865.1	0	0	0	0	0	0	0	1
GCA_005149725.1	0	0	0	0	0	0	0	0
GCA_005178645.1	0	0	0	0	0	0	0	0
GCA_004974965.1	0	0	0	0	0	0	0	1
GCA_004972585.1	0	0	0	0	0	0	0	1
GCA_004972745.1	0	0	0	0	0	0	0	1
GCA_004973765.1	0	0	0	0	0	1	1	0
GCA_005023265.1	0	0	0	0	0	0	0	0
GCA_005151145.1	0	0	0	0	0	0	0	0
GCA_005181245.1	0	0	0	0	0	0	0	0
GCA_004974885.1	0	0	0	0	0	0	0	0
GCA_005020835.1	0	1	0	0	0	1	1	1
GCA_005025085.1	0	1	0	0	0	0	1	1
GCA_005027895.1	0	0	0	0	0	0	1	1
GCA_004975045.1	0	0	0	1	0	0	0	1
GCA_005021835.1	0	0	0	1	0	0	0	1
GCA_005027675.1	0	0	0	0	0	0	0	1
GCA_005026395.1	0	0	0	0	0	0	0	1
GCA_004975125.1	0	0	0	0	0	0	0	0
GCA_004975185.1	0	0	0	0	0	1	1	1
GCA_005028475.1	0	0	0	0	0	0	0	1
GCA_005150265.1	0	0	0	0	0	0	0	0
GCA_004975985.1	0	0	0	0	0	0	0	1
GCA_005025105.1	0	0	0	0	0	1	1	1
GCA_005023415.1	0	0	0	0	0	0	0	0
GCA_004976065.1	0	0	0	0	0	0	0	0
GCA_005151085.1	0	0	0	0	0	0	0	1
GCA_005025865.1	0	0	0	0	0	0	0	0
GCA_005151785.1	0	0	0	0	0	0	0	0
GCA_004975285.1	0	0	0	0	0	0	0	1
GCA_005150505.1	0	0	0	0	0	0	0	1
GCA_005025125.1	0	0	0	0	0	1	1	1
GCA_005152145.1	0	0	0	0	0	1	1	1
GCA_005181445.1	0	0	0	0	0	1	1	1
GCA_004976105.1	0	0	0	0	0	1	1	1
GCA_004975425.1	0	0	0	0	0	0	0	1
GCA_004975465.1	0	0	0	0	0	0	0	1
GCA_004975485.1	0	0	0	0	0	0	0	0
GCA_005148185.1	0	0	0	0	0	0	0	1
GCA_004976125.1	0	0	0	0	0	0	0	0
GCA_004976145.1	0	0	0	0	0	0	0	0
GCA_004975505.1	0	0	0	0	0	0	0	1
GCA_005181285.1	0	0	0	0	0	0	0	1
GCA_005151105.1	0	0	0	0	0	0	0	1
GCA_004976185.1	0	0	0	0	0	0	0	1
GCA_004976205.1	0	0	0	0	0	0	0	1
GCA_004975945.1	0	0	0	0	0	0	0	1
GCA_004975785.1	0	0	0	0	0	0	0	1
GCA_005018835.1	0	0	0	0	0	0	0	0
GCA_004976225.1	0	0	0	0	0	0	0	0
GCA_005196395.1	0	0	0	0	0	0	0	1
GCA_004976165.1	0	0	0	1	0	0	0	1
GCA_005018955.1	0	0	0	0	0	0	0	0
GCA_004976365.1	0	0	0	0	0	0	0	0
GCA_004976345.1	0	0	0	0	0	0	0	1
GCA_004976445.1	0	0	0	0	0	0	0	0
GCA_004976265.1	0	0	0	0	0	0	0	0
GCA_004976425.1	0	0	0	0	0	0	0	0
GCA_004976565.1	0	0	0	0	0	0	0	0
GCA_004976545.1	0	0	0	0	0	0	0	0
GCA_004976645.1	0	0	0	0	0	0	0	0
GCA_005194795.1	0	0	0	0	0	0	0	0
GCA_005013875.1	0	0	0	0	0	0	0	0
GCA_005013895.1	0	0	0	0	0	0	0	0
GCA_004976665.1	0	0	0	0	0	0	0	0
GCA_004976765.1	0	0	0	0	0	0	0	1
GCA_004976785.1	0	0	0	0	0	0	0	0
GCA_004976885.1	0	0	0	0	0	0	0	1
GCA_005215285.1	0	0	0	0	0	0	0	1
GCA_005207875.1	0	0	0	0	0	0	0	1
GCA_004976945.1	0	0	0	0	0	0	0	1
GCA_005206285.1	0	0	0	0	0	0	0	1
GCA_005007315.1	0	0	0	0	0	0	0	0
GCA_004975885.1	0	0	0	0	0	0	0	0
GCA_004977025.1	0	0	0	0	0	1	1	0
GCA_005296705.1	0	0	0	0	0	0	0	0
GCA_005326265.1	0	0	0	0	0	0	0	0
GCA_005326245.1	0	0	0	0	0	0	0	0
GCA_005326365.1	0	0	0	0	0	0	0	0
GCA_005326405.1	0	0	0	0	0	1	1	1
GCA_005326485.1	0	0	0	0	0	1	1	0
GCA_005326585.1	0	0	0	0	0	0	0	0
GCA_005326565.1	0	0	0	0	0	0	0	1
GCA_005326685.1	0	0	0	0	0	0	0	1
GCA_005326645.1	0	0	0	0	0	0	0	0
GCA_005326925.1	0	0	0	0	0	0	0	0
GCA_005326965.1	0	0	0	0	0	0	0	1
GCA_005324515.1	0	0	0	0	1	0	0	1
GCA_005323835.1	0	0	0	0	0	0	0	1
GCA_005325275.1	0	0	0	0	0	0	0	0
GCA_005325055.1	0	0	0	0	0	1	1	1
GCA_005325035.1	0	0	0	0	0	0	0	1
GCA_005325315.1	0	0	0	0	0	0	0	0
GCA_005326825.1	0	0	0	0	0	1	1	0
GCA_005327065.1	0	0	0	0	0	1	1	1
GCA_005327125.1	0	0	0	0	0	0	0	0
GCA_005327105.2	0	0	0	0	0	1	1	1
GCA_005327265.1	0	0	0	0	0	1	1	1
GCA_005327225.1	0	0	0	0	0	0	0	0
GCA_005327875.2	0	0	0	0	0	0	0	1
GCA_005327995.1	0	0	0	0	0	1	1	0
GCA_005328085.1	0	0	0	0	0	1	1	1
GCA_005328195.1	0	0	0	0	0	0	0	0
GCA_005328235.1	0	0	0	0	0	0	0	0
GCA_005328295.1	0	0	0	0	0	0	0	0
GCA_005328355.1	0	0	0	0	0	0	0	0
GCA_005328375.1	0	0	0	0	0	0	0	0
GCA_005328395.1	0	0	0	0	0	0	0	0
GCA_005328535.1	0	0	0	0	0	1	1	1
GCA_005328495.1	0	0	0	0	0	1	1	0
GCA_005328555.1	0	0	0	0	0	0	0	0
GCA_005328475.1	0	0	0	0	0	1	1	0
GCA_005329275.1	0	0	0	0	0	0	0	0
GCA_005328675.1	0	0	0	0	0	0	0	0
GCA_005329115.1	0	0	0	0	0	0	0	0
GCA_005328725.2	0	0	0	0	1	1	1	1
GCA_005328955.1	0	0	0	0	0	0	0	1
GCA_005328655.1	0	0	0	0	0	0	0	1
GCA_005328575.1	0	0	0	0	0	1	1	0
GCA_005328705.1	0	0	0	0	0	1	1	1
GCA_005328615.1	0	0	0	0	0	0	0	0
GCA_005328835.1	0	0	0	0	0	0	0	0
GCA_005328775.1	0	0	0	0	0	1	1	1
GCA_005328635.1	0	0	0	0	0	0	0	0
GCA_005329135.1	0	0	0	0	0	1	1	1
GCA_005328875.1	0	0	0	0	0	0	0	0
GCA_005329195.1	0	0	0	0	0	0	0	1
GCA_005329155.2	0	0	0	0	0	0	0	0
GCA_005329705.1	0	0	0	0	0	0	0	0
GCA_005329825.1	0	0	0	0	0	0	0	0
GCA_005329905.1	0	0	0	0	0	0	0	0
GCA_005329985.1	0	0	0	0	0	0	0	0
GCA_005329945.1	0	0	0	0	0	0	0	0
GCA_005329965.1	0	0	0	0	0	0	0	1
GCA_005330025.1	0	0	0	0	0	0	0	0
GCA_005330085.1	0	0	0	0	0	1	1	1
GCA_005329405.1	0	0	0	0	0	0	0	0
GCA_005329465.1	0	0	0	0	0	1	1	0
GCA_005329545.1	0	0	0	0	0	0	0	0
GCA_005330105.1	0	0	0	0	0	0	0	0
GCA_005330285.1	0	0	0	0	0	0	0	0
GCA_005330525.1	0	0	0	0	0	0	0	0
GCA_005330345.1	0	0	0	0	0	0	0	0
GCA_005330585.1	0	0	0	0	0	0	0	1
GCA_005330685.1	0	0	0	0	0	0	0	0
GCA_005330625.1	0	0	0	0	0	0	0	0
GCA_005330765.1	0	0	0	0	0	0	0	1
GCA_005330785.1	0	0	0	0	0	0	0	0
GCA_005330865.1	0	0	0	0	0	0	0	0
GCA_005330885.1	0	0	0	0	0	0	0	1
GCA_005330945.1	0	0	0	0	0	0	0	0
GCA_005330905.1	0	0	0	0	0	1	1	0
GCA_005331045.1	0	0	0	0	0	0	0	1
GCA_005331105.1	0	0	0	0	0	0	0	1
GCA_005332285.1	0	0	0	0	0	0	0	0
GCA_005329425.1	0	0	0	0	0	0	0	0
GCA_005329505.1	0	0	0	0	0	0	0	1
GCA_005331245.1	0	0	0	0	0	0	0	0
GCA_005331325.1	0	0	0	0	0	0	0	0
GCA_005331345.1	0	0	0	0	0	0	0	0
GCA_005331355.1	0	0	0	0	0	0	0	0
GCA_005331285.1	0	0	0	0	0	0	0	0
GCA_005331405.1	0	0	0	0	0	0	0	0
GCA_005331465.1	0	0	0	0	0	1	1	0
GCA_005331625.1	0	0	0	0	0	0	0	0
GCA_005331645.1	0	0	0	0	0	1	1	0
GCA_005331685.1	0	0	0	0	0	0	0	0
GCA_005331915.1	0	0	0	0	0	0	0	0
GCA_005331845.1	0	0	0	0	0	0	0	0
GCA_005331865.1	0	0	0	0	0	0	0	0
GCA_005331805.2	0	0	0	0	0	0	0	1
GCA_005330445.1	0	0	0	0	0	0	0	1
GCA_005331965.1	0	0	0	0	0	0	0	1
GCA_005331985.1	0	0	0	0	0	0	0	1
GCA_005331945.1	0	0	0	0	0	0	0	1
GCA_005332005.1	0	0	0	0	0	0	0	0
GCA_005332085.1	0	0	0	0	0	0	0	1
GCA_005332105.1	0	0	0	0	0	0	0	0
GCA_005332185.1	0	0	0	0	0	0	0	0
GCA_005332785.1	0	0	0	0	0	0	0	0
GCA_005332825.1	0	0	0	0	0	0	0	0
GCA_005332805.1	0	0	0	0	0	0	0	0
GCA_005332925.1	0	0	0	0	0	0	0	0
GCA_005333205.1	0	0	0	0	0	1	1	1
GCA_005333145.1	0	0	0	0	0	0	0	0
GCA_005333225.1	0	0	0	0	0	0	0	1
GCA_005333025.1	0	0	0	0	0	0	0	1
GCA_005333345.1	0	0	0	0	0	1	1	0
GCA_005333305.1	0	0	0	0	0	0	0	0
GCA_005333445.1	0	0	0	0	0	0	0	0
GCA_005333465.1	0	0	0	0	0	0	0	0
GCA_005333565.1	0	0	0	0	0	0	0	0
GCA_005333605.1	0	0	0	0	0	1	1	1
GCA_005333705.1	0	0	0	0	0	0	0	0
GCA_005333725.1	0	0	0	0	0	0	0	0
GCA_005333805.1	0	0	0	0	0	0	0	1
GCA_005332305.1	0	0	0	0	0	0	0	1
GCA_005332345.1	0	0	0	0	0	0	0	0
GCA_005333845.1	0	0	0	0	0	0	0	0
GCA_005332435.1	0	0	0	0	0	0	0	0
GCA_005333885.1	0	0	0	0	0	0	0	1
GCA_005333905.1	0	0	0	0	0	0	0	0
GCA_005332605.1	0	0	0	0	0	1	1	0
GCA_005333945.1	0	0	0	0	0	0	0	1
GCA_005333965.1	0	0	0	0	0	0	0	0
GCA_005333985.1	0	0	0	0	0	0	0	0
GCA_005334085.1	0	0	0	0	0	0	0	0
GCA_005334125.1	0	0	0	0	0	1	1	1
GCA_005334305.1	0	0	0	0	0	1	1	1
GCA_005334285.1	0	0	0	0	0	1	1	1
GCA_005334465.2	0	0	0	0	0	0	0	1
GCA_005334765.1	0	0	0	0	0	0	0	0
GCA_005335105.1	0	0	0	0	0	0	0	0
GCA_005335125.1	0	0	0	0	0	0	0	0
GCA_005335045.1	0	0	0	0	0	1	1	0
GCA_005335135.1	0	0	0	0	0	0	0	1
GCA_005335345.1	0	0	0	0	0	0	0	1
GCA_005334925.1	0	0	0	0	0	0	0	0
GCA_005358145.1	0	0	0	0	0	0	0	0
GCA_005358165.1	0	0	0	0	0	0	0	0
GCA_005358195.1	0	0	0	0	0	1	1	1
GCA_005358225.1	0	0	0	0	0	1	1	1
GCA_005358345.1	0	0	0	0	0	0	0	0
GCA_005358525.1	0	0	0	0	0	0	0	0
GCA_005358545.1	0	0	0	0	0	0	0	0
GCA_005358565.1	0	0	0	0	0	0	0	0
GCA_005358725.1	0	0	0	0	0	0	0	1
GCA_005357145.1	0	0	0	0	0	0	0	0
GCA_005358425.1	0	0	0	0	0	0	0	1
GCA_005358465.1	0	0	0	0	0	0	0	1
GCA_005358605.1	0	0	0	0	0	0	0	0
GCA_005356755.1	0	0	0	0	0	0	0	1
GCA_005357075.1	0	0	0	0	0	0	0	0
GCA_005358785.1	0	0	0	0	0	0	0	0
GCA_005358805.1	0	0	0	0	0	1	1	1
GCA_005359765.1	0	0	0	0	0	1	1	1
GCA_005358945.2	0	0	0	0	0	0	0	1
GCA_005358985.1	0	0	0	0	0	0	0	0
GCA_005359625.1	0	0	0	1	0	0	0	1
GCA_005358885.1	0	0	0	0	0	1	1	0
GCA_005359775.1	0	0	0	0	0	1	1	0
GCA_005360225.1	0	0	0	0	0	0	0	1
GCA_005360085.1	0	0	0	0	0	0	0	1
GCA_005360065.1	0	0	0	0	0	0	0	0
GCA_005360105.1	0	0	0	0	0	1	1	1
GCA_005360405.1	0	0	0	0	0	0	0	1
GCA_005360025.1	0	0	0	0	0	0	0	0
GCA_005361925.1	0	0	0	0	0	0	0	0
GCA_005361225.1	0	0	0	0	0	0	0	0
GCA_005361805.2	0	0	0	0	0	1	1	1
GCA_005360765.1	0	0	0	0	0	0	0	0
GCA_005360185.1	0	0	0	0	0	0	0	0
GCA_005360165.1	0	0	0	0	0	1	1	1
GCA_005360865.1	0	0	0	0	0	0	0	0
GCA_005362005.1	0	0	0	0	0	0	0	1
GCA_005360805.1	0	0	0	0	0	0	0	1
GCA_005360585.1	0	0	0	0	0	1	1	1
GCA_005361045.1	0	0	0	0	0	0	0	1
GCA_005360685.1	0	0	0	0	0	1	1	1
GCA_005361185.1	0	0	0	0	0	1	1	1
GCA_005360905.1	0	0	0	0	0	0	0	0
GCA_005360715.1	0	0	0	0	0	0	0	0
GCA_005360885.1	0	0	0	0	0	1	1	1
GCA_005361005.1	0	0	0	0	0	0	0	1
GCA_005360985.1	0	0	0	0	0	0	0	0
GCA_005360565.1	0	0	0	0	0	0	0	1
GCA_005361125.2	0	0	0	0	0	0	0	1
GCA_005360475.1	0	0	0	0	0	0	0	1
GCA_005361065.2	0	0	0	0	0	0	0	0
GCA_005361145.1	0	0	0	0	0	1	1	0
GCA_005361425.1	0	0	0	0	0	0	0	0
GCA_005361285.1	0	0	0	0	0	1	1	0
GCA_005361785.1	0	0	0	0	0	0	0	0
GCA_005361585.1	0	0	0	0	0	0	0	0
GCA_005361365.2	0	0	0	0	1	0	0	1
GCA_005360965.1	0	0	0	0	0	1	1	0
GCA_005361945.1	0	0	0	0	0	0	0	0
GCA_005361025.1	0	0	0	0	0	0	0	0
GCA_005361545.1	0	0	0	0	0	1	1	1
GCA_005361625.1	0	0	0	0	0	0	0	0
GCA_005361605.1	0	0	0	0	0	0	0	0
GCA_005361445.1	0	0	0	0	0	0	0	0
GCA_005361385.1	0	0	0	0	0	0	0	0
GCA_005362305.1	0	0	0	0	0	0	0	0
GCA_005362405.1	0	0	0	0	0	0	0	0
GCA_005362605.1	0	0	0	0	0	0	0	0
GCA_005361685.1	0	0	0	0	0	0	0	1
GCA_005362765.1	0	0	0	0	0	1	1	1
GCA_005360385.1	0	0	0	0	0	1	1	1
GCA_005362885.1	0	0	0	0	0	1	1	1
GCA_005362945.1	0	0	0	0	0	0	0	1
GCA_005362905.1	0	0	0	0	0	0	0	0
GCA_005362625.1	0	0	0	0	0	0	0	1
GCA_005363365.1	0	0	0	0	0	0	0	0
GCA_005363485.1	0	1	0	0	0	0	0	0
GCA_005362985.1	0	0	0	0	0	1	1	1
GCA_005363525.1	0	0	0	0	0	1	1	0
GCA_005363885.1	0	0	0	0	0	0	0	1
GCA_005363805.1	0	0	0	0	0	0	0	0
GCA_005364165.1	0	0	0	0	0	0	0	1
GCA_005363285.1	0	0	0	0	0	0	0	1
GCA_005363705.1	0	0	0	0	0	0	0	0
GCA_005363345.1	0	0	0	0	0	1	1	0
GCA_005363405.1	0	0	0	0	0	0	0	0
GCA_005363385.1	0	0	0	0	0	0	0	1
GCA_005363425.1	0	0	0	0	0	0	0	1
GCA_005363845.1	0	0	0	0	0	0	0	0
GCA_005364005.1	0	0	0	0	0	0	0	1
GCA_005363665.1	0	0	0	0	0	0	0	1
GCA_005362205.1	0	0	0	0	0	1	1	1
GCA_005363765.1	0	0	0	0	0	0	0	0
GCA_005364425.1	0	0	0	0	0	0	0	0
GCA_005363825.1	0	0	0	0	0	0	0	0
GCA_005364345.1	0	0	0	0	0	0	0	0
GCA_005362125.1	0	0	0	0	0	1	1	0
GCA_005362025.1	0	0	0	0	0	0	0	0
GCA_004873105.1	0	0	0	0	0	0	0	0
GCA_004874205.1	0	0	0	0	0	0	0	1
GCA_005119205.1	0	0	0	0	0	0	0	0
GCA_005218125.1	0	0	0	0	0	0	0	1
GCA_004873865.1	0	0	0	0	0	0	0	1
GCA_004874605.1	0	0	0	0	0	0	0	0
GCA_004874445.1	0	0	0	0	0	0	0	0
GCA_004874765.1	0	0	0	0	1	1	1	1
GCA_004873605.1	0	0	0	0	0	0	0	0
GCA_004874895.1	0	0	0	0	0	0	0	1
GCA_005218045.1	0	0	0	0	0	0	0	0
GCA_004874485.1	0	0	0	0	0	0	0	0
GCA_004875185.1	0	0	0	0	0	0	0	0
GCA_005119245.1	0	0	0	0	0	0	0	0
GCA_004875385.1	0	0	0	0	0	0	0	0
GCA_004872895.1	0	0	0	0	1	1	1	1
GCA_004876005.1	0	0	0	0	0	0	0	0
GCA_004876245.1	0	0	0	0	0	0	0	0
GCA_004876385.1	0	0	0	0	0	0	0	1
GCA_004876505.1	0	0	0	0	0	0	0	0
GCA_004876025.1	0	0	0	0	0	0	0	0
GCA_004876745.1	0	0	0	0	0	0	0	0
GCA_004876815.1	0	0	0	0	0	0	0	0
GCA_004876225.1	0	0	0	0	0	1	1	1
GCA_004876865.1	0	0	0	0	0	0	0	0
GCA_004876885.1	0	0	0	0	0	0	0	0
GCA_004876945.1	0	0	0	0	0	0	0	1
GCA_004877005.1	0	0	0	0	0	0	0	0
GCA_005217965.1	0	0	0	0	0	0	0	0
GCA_004877025.1	0	0	0	0	0	0	0	0
GCA_004876145.1	0	0	0	0	0	1	1	1
GCA_005119165.1	0	0	0	0	0	0	0	1
GCA_005119285.1	0	0	0	0	0	1	1	0
GCA_004875925.1	0	0	0	0	0	0	0	0
GCA_004877205.1	0	0	0	0	0	0	0	1
GCA_004877305.1	0	0	0	0	0	0	0	0
GCA_004877265.1	0	0	0	0	0	0	0	0
GCA_004877325.1	0	0	0	0	0	1	1	1
GCA_004877245.1	0	0	0	0	0	0	0	0
GCA_004877425.1	0	0	0	0	0	0	0	0
GCA_004876405.1	0	0	0	0	0	0	0	0
GCA_004876545.1	0	0	0	0	0	0	0	0
GCA_004877365.1	0	0	0	0	0	0	0	1
GCA_004877505.1	0	0	0	0	0	0	0	1
GCA_004877605.1	0	0	0	0	0	0	0	0
GCA_004877545.1	0	0	0	0	0	0	0	0
GCA_004877565.1	0	0	0	0	0	0	0	1
GCA_004876705.1	0	0	0	0	0	0	0	0
GCA_004877665.1	0	0	0	0	0	0	0	1
GCA_004877705.1	0	0	0	0	0	0	0	0
GCA_004877805.1	0	0	0	0	0	0	0	1
GCA_004877825.1	0	0	0	0	0	0	0	0
GCA_004877845.1	0	0	0	0	0	0	0	1
GCA_004879525.1	0	0	0	0	0	0	0	1
GCA_005217985.1	0	0	0	0	0	0	0	0
GCA_005118305.1	0	0	0	0	0	0	0	0
GCA_004879505.1	0	0	0	0	0	1	1	0
GCA_004877945.1	0	0	0	0	0	0	0	0
GCA_004879545.1	0	0	0	0	0	0	0	0
GCA_004879065.1	0	0	0	0	0	1	1	0
GCA_005218145.1	0	0	0	0	0	0	0	0
GCA_004879665.1	0	0	0	0	0	1	1	0
GCA_004879625.1	0	0	0	0	0	0	0	0
GCA_004879645.1	0	0	0	0	0	0	0	1
GCA_004879785.1	0	0	0	0	0	0	0	0
GCA_004878005.1	0	0	0	0	1	1	1	1
GCA_004878025.1	0	0	0	0	0	0	0	0
GCA_004879825.1	0	0	0	0	0	0	0	0
GCA_004879085.1	0	0	0	0	0	0	0	1
GCA_004879965.1	0	0	0	0	0	0	0	0
GCA_004878195.1	0	0	0	0	0	0	0	1
GCA_004878845.1	0	0	0	0	0	0	0	1
GCA_004878805.1	0	0	0	0	0	1	1	1
GCA_004878185.1	0	0	0	0	0	0	0	0
GCA_004878465.1	0	0	0	0	0	1	1	0
GCA_004878365.1	0	0	0	0	0	0	0	0
GCA_004878285.1	0	0	0	0	0	0	0	1
GCA_004878325.1	0	0	0	0	0	0	0	0
GCA_004878405.1	0	0	0	0	0	0	0	1
GCA_004878505.1	0	0	0	0	0	0	0	0
GCA_004878605.1	0	0	0	0	0	0	0	1
GCA_004879365.1	0	0	0	0	0	0	0	1
GCA_004878685.1	0	0	0	0	0	0	0	1
GCA_004878645.1	0	0	0	0	0	0	0	0
GCA_004878705.1	0	0	0	0	0	1	1	1
GCA_004878745.1	0	0	0	0	0	1	1	1
GCA_004878865.1	0	0	0	0	0	0	0	0
GCA_004880165.1	0	0	0	0	0	0	0	0
GCA_004880525.1	0	0	0	0	0	0	0	1
GCA_004882025.1	0	0	0	0	0	0	0	1
GCA_004881145.1	0	0	0	0	0	0	0	0
GCA_004881985.1	0	0	0	0	0	0	0	0
GCA_004880385.1	0	0	0	0	0	0	0	0
GCA_004882005.1	0	0	0	0	0	1	1	0
GCA_004880325.1	0	0	0	0	0	0	0	1
GCA_004880105.1	0	0	0	0	0	1	1	1
GCA_004881825.1	0	0	0	0	0	0	0	1
GCA_004882105.1	0	0	0	0	0	0	0	1
GCA_004882045.1	0	0	0	0	0	0	0	0
GCA_004880305.1	0	0	0	0	0	0	0	0
GCA_004881185.1	0	0	0	1	0	0	0	0
GCA_004881235.1	0	0	0	0	0	0	0	1
GCA_004881885.1	0	0	0	0	0	0	0	0
GCA_004881225.1	0	0	0	0	0	0	0	1
GCA_004881425.1	0	0	0	0	0	0	0	0
GCA_004881505.1	0	0	0	0	0	0	0	0
GCA_004881585.1	0	0	0	0	0	0	0	0
GCA_004881565.1	0	0	0	0	0	0	0	1
GCA_004881605.1	0	0	0	0	0	0	0	1
GCA_004881645.1	0	0	0	0	0	0	0	1
GCA_004881685.1	0	0	0	0	0	0	0	0
GCA_004882345.1	0	0	0	0	0	1	1	0
GCA_004882325.1	0	0	0	0	0	1	1	0
GCA_004882685.1	0	0	0	0	0	0	0	0
GCA_004882765.1	0	0	0	0	0	1	1	0
GCA_004882845.1	0	0	0	0	0	0	0	0
GCA_004882865.1	0	0	0	0	0	0	0	0
GCA_004883065.1	0	0	0	0	0	0	0	0
GCA_004882465.1	0	0	0	0	0	0	0	0
GCA_004883165.1	0	0	0	0	0	0	0	0
GCA_004883145.1	0	0	0	0	0	0	0	1
GCA_004883185.1	0	0	0	0	0	0	0	1
GCA_004883265.1	0	0	0	0	0	0	0	0
GCA_004883325.1	0	0	0	0	0	1	1	0
GCA_004882525.1	0	0	0	0	0	0	0	0
GCA_004883245.1	0	0	0	0	0	0	0	0
GCA_004883285.1	0	0	0	0	1	0	0	1
GCA_004883365.1	0	0	0	0	0	0	0	1
GCA_004883425.1	0	0	0	0	0	0	0	0
GCA_004882705.1	0	0	0	0	0	0	0	0
GCA_004883545.1	0	0	0	0	0	0	0	0
GCA_004883585.1	0	0	0	0	0	1	1	1
GCA_005523475.3	0	0	0	0	0	1	1	1
GCA_006357775.1	0	0	0	0	0	0	0	0
GCA_006357975.1	0	0	0	0	0	0	0	1
GCA_006358655.1	0	0	0	0	0	0	0	1
GCA_006358675.1	0	0	0	0	0	0	0	0
GCA_006358915.1	0	0	0	0	0	0	0	0
GCA_006359035.1	0	0	0	0	0	0	0	0
GCA_006358995.1	0	0	0	0	0	0	0	1
GCA_006354655.1	0	0	0	0	0	1	1	0
GCA_006353415.1	0	0	0	0	0	0	0	0
GCA_006353845.1	0	0	0	0	0	0	0	0
GCA_006359115.1	0	0	0	0	0	0	0	0
GCA_006360495.1	0	0	0	0	0	0	0	0
GCA_006360475.1	0	0	0	0	0	0	0	1
GCA_006359875.1	0	0	0	0	0	1	1	0
GCA_006360335.1	0	0	0	0	0	0	0	0
GCA_006359955.1	0	0	0	0	0	0	0	0
GCA_006363735.1	0	0	0	0	0	0	0	1
GCA_006355395.1	0	0	0	0	0	0	0	0
GCA_006360155.1	0	0	0	0	0	0	0	0
GCA_006360695.1	0	0	0	0	0	0	0	0
GCA_006359335.1	0	0	0	0	0	0	0	1
GCA_007913345.1	0	0	0	0	0	0	0	0
GCA_007913625.1	0	0	0	0	0	0	0	0
GCA_007913705.1	0	0	0	0	0	0	0	0
GCA_007913685.1	0	0	0	0	0	0	0	1
GCA_007913645.1	0	0	0	0	0	1	1	0
GCA_007449125.2	0	0	0	0	0	0	0	1
GCA_007447305.1	0	0	0	0	0	1	1	1
GCA_007458155.1	0	0	0	0	0	1	1	1
GCA_007458175.1	0	0	0	0	0	0	0	1
GCA_007458215.1	0	0	0	0	0	0	0	0
GCA_007460545.1	0	0	0	0	0	0	0	0
GCA_007460575.1	0	0	0	0	0	0	0	1
GCA_007467315.1	0	0	0	0	0	1	1	1
GCA_007471585.1	0	0	0	0	0	0	0	0
GCA_007472295.1	0	0	0	0	0	0	0	0
GCA_007733985.1	0	0	0	0	0	0	0	1
GCA_007734405.1	0	0	0	0	0	0	0	1
GCA_007734385.1	0	0	0	0	0	0	0	0
GCA_007856745.1	0	0	0	2	0	0	0	0
GCA_010200265.1	0	0	0	0	0	0	0	1
GCA_010199005.1	0	0	0	0	0	0	0	1
GCA_010202225.1	0	0	0	2	0	0	0	0
GCA_008129465.1	0	0	0	0	0	0	0	0
GCA_008130445.1	0	0	0	0	0	0	0	0
GCA_008130545.2	0	0	0	0	0	0	0	1
GCA_008130645.1	0	0	0	0	0	0	0	1
GCA_008130765.1	0	0	0	0	0	1	1	1
GCA_008196005.1	0	0	0	2	0	0	0	1
GCA_008395215.2	0	0	0	0	0	1	1	0
GCA_008622405.1	0	0	0	0	0	0	0	1
GCA_008659395.1	0	0	0	2	0	0	0	0
GCA_008781195.1	0	0	0	2	0	1	1	1
GCA_008781775.1	0	0	0	2	0	0	0	1
GCA_008888145.1	0	0	0	0	0	0	0	0
GCA_008857965.1	0	0	0	0	0	1	1	1
GCA_008858565.1	0	0	0	0	0	0	0	0
GCA_008858525.1	0	0	0	0	0	0	0	0
GCA_008858585.1	0	0	0	0	0	0	0	0
GCA_008889445.1	0	0	0	0	0	1	1	1
GCA_008844425.1	0	0	0	0	0	0	0	1
GCA_008889525.1	0	0	0	0	0	0	0	1
GCA_008889625.1	0	0	0	0	0	0	0	1
GCA_008889595.1	0	0	0	0	0	1	1	0
GCA_008889585.1	0	0	0	0	0	0	0	0
GCA_008889725.1	0	0	0	0	0	0	0	1
GCA_008845125.1	0	0	0	0	0	0	0	1
GCA_008858685.1	0	0	0	0	0	0	0	1
GCA_008838745.1	0	0	0	0	0	0	0	0
GCA_008889745.1	0	0	0	0	0	1	1	1
GCA_008889765.1	0	0	0	0	0	0	0	1
GCA_008838935.1	0	0	0	0	0	0	0	0
GCA_008858725.1	0	0	0	0	0	0	0	0
GCA_008889805.1	0	0	0	0	0	0	0	0
GCA_008838865.1	0	0	0	0	0	0	0	0
GCA_008838905.1	0	0	0	0	0	0	0	0
GCA_008858805.1	0	0	0	0	0	0	0	0
GCA_008889815.1	0	0	0	0	0	0	0	1
GCA_008858825.1	0	0	0	0	0	0	0	1
GCA_008889845.1	0	0	0	0	0	0	0	0
GCA_008838965.1	0	0	0	0	0	1	1	1
GCA_008839485.1	0	0	0	0	0	0	0	1
GCA_008858885.1	0	0	0	0	0	0	0	1
GCA_008889885.1	0	0	0	0	0	1	1	0
GCA_008889935.1	0	0	0	0	0	0	0	1
GCA_008889905.1	0	0	0	0	0	0	0	1
GCA_008889965.1	0	0	0	0	0	1	1	1
GCA_008858875.1	0	0	0	0	0	0	0	0
GCA_008890105.1	0	0	0	0	0	0	0	0
GCA_008890045.1	0	0	0	0	0	1	1	0
GCA_008862625.1	0	0	0	0	0	0	0	1
GCA_008862665.1	0	0	0	0	0	0	0	0
GCA_009006195.1	0	0	0	2	0	0	0	1
GCA_009010975.1	0	0	0	2	0	0	0	1
GCA_009147325.1	0	0	0	0	0	0	0	1
GCA_009141295.1	0	0	0	0	0	0	0	1
GCA_009169685.1	0	0	0	2	0	1	1	0
GCA_009411425.1	0	0	0	2	0	0	0	1
GCA_009485145.1	0	0	0	2	0	0	0	1
GCA_010205465.1	0	0	0	2	0	0	0	0
GCA_010208045.1	0	0	0	2	0	0	0	0
GCA_010208015.1	0	0	0	2	0	0	0	1
GCA_010267155.1	0	0	0	2	0	0	0	1
GCA_010212275.1	0	0	0	2	0	0	0	1
GCA_010265595.1	0	0	0	2	0	0	0	0
GCA_014344695.1	0	0	0	2	0	0	0	1
GCA_014344655.1	0	0	0	2	0	0	0	0
GCA_018175935.1	0	0	0	2	0	0	0	1
GCA_010215415.1	0	0	0	2	0	1	1	1
GCA_010268315.1	0	0	0	0	0	0	0	1
GCA_010268635.1	0	0	0	0	0	0	0	1
GCA_010268295.1	0	0	0	0	0	0	0	1
GCA_010218145.1	0	0	0	2	0	0	0	0
GCA_010216715.1	0	0	0	2	0	0	0	0
GCA_010216375.1	0	0	0	2	0	0	0	0
GCA_010269215.1	0	0	0	2	0	0	0	1
GCA_010269355.1	0	0	0	0	0	0	0	0
GCA_010215015.1	0	0	0	2	0	0	0	1
GCA_010215075.1	0	0	0	2	0	1	1	1
GCA_010269595.1	0	0	0	0	0	0	0	0
GCA_010268955.1	0	0	0	0	0	0	0	0
GCA_010269715.1	0	0	0	0	0	0	0	0
GCA_010268875.1	0	0	0	0	0	0	0	1
GCA_010216315.1	0	0	0	2	0	1	1	1
GCA_010270975.1	0	0	0	2	0	0	0	1
GCA_010217595.1	0	0	0	2	0	0	0	1
GCA_010218515.1	0	0	0	2	0	0	0	0
GCA_010272195.1	0	0	0	2	0	0	0	1
GCA_010217795.1	0	0	0	2	0	0	0	0
GCA_010218415.1	0	0	0	2	0	0	0	0
GCA_010273415.1	0	0	0	2	0	0	0	0
GCA_010273495.1	0	0	0	2	0	0	0	0
GCA_010273535.1	0	0	0	2	0	0	0	0
GCA_010218685.1	0	0	0	2	0	1	1	1
GCA_010358845.1	0	0	0	2	0	0	0	0
GCA_010357985.1	0	0	0	2	0	0	0	1
GCA_011717055.1	0	0	0	2	0	0	0	1
GCA_014606975.1	0	0	0	2	0	1	1	0
GCA_014607035.1	0	0	0	2	0	1	1	1
GCA_014606915.1	0	0	0	2	0	1	1	1
GCA_014606815.1	0	0	0	2	0	0	0	1
GCA_014606795.1	0	0	0	2	0	1	1	0
GCA_014606735.1	0	0	0	2	0	0	0	0
GCA_014597655.1	0	0	0	2	0	0	0	0
GCA_014597675.1	0	0	0	2	0	0	0	1
GCA_014606625.1	0	0	0	2	0	0	0	0
GCA_014597555.1	0	0	0	0	1	1	1	1
GCA_014597495.1	0	0	0	2	0	0	0	1
GCA_014606555.1	0	0	0	2	0	0	0	0
GCA_014606435.1	0	0	0	2	0	1	1	0
GCA_014606495.1	0	0	0	2	0	0	0	0
GCA_014606395.1	0	0	0	2	0	0	0	0
GCA_013765965.1	0	0	0	2	0	0	0	1
GCA_013766025.1	0	0	0	2	0	0	0	0
GCA_013711035.1	0	0	0	2	0	0	0	1
GCA_017688815.1	0	0	0	2	0	0	0	1
GCA_017688675.1	0	0	0	0	0	0	0	0
GCA_013631055.1	0	0	0	0	0	0	0	1
GCA_013510615.1	0	0	0	2	0	0	0	1
GCA_014722235.1	0	0	0	2	0	0	0	0
GCA_014722615.1	0	0	0	2	0	0	0	0
GCA_014722495.1	0	0	0	2	0	0	0	0
GCA_014722435.1	0	0	0	0	0	0	0	1
GCA_014722155.1	0	0	0	0	0	0	0	0
GCA_014721795.1	0	0	0	2	0	0	0	1
GCA_014721555.2	0	0	0	0	0	0	0	0
GCA_014721505.1	0	0	0	0	0	0	0	0
GCA_014939885.1	0	0	0	2	0	0	0	1
GCA_001418845.1	0	0	0	0	1	1	1	1
GCA_001419145.1	0	0	0	0	1	0	0	1
GCA_001419225.1	0	0	0	0	1	0	0	1
GCA_001419325.1	0	0	0	0	1	1	1	1
GCA_001419345.1	0	0	0	0	1	0	0	1
GCA_001419355.1	0	0	0	0	1	0	0	1
GCA_001419385.1	0	0	0	0	1	0	0	1
GCA_001419395.1	0	0	0	0	1	1	1	1
GCA_001419425.1	0	0	0	0	1	0	0	1
GCA_001419445.1	0	0	0	0	1	1	1	1
GCA_001419455.1	0	0	0	0	1	1	1	1
GCA_001419525.1	0	0	0	0	1	0	0	1
GCA_001419545.1	0	0	0	0	1	0	0	1
GCA_001419555.1	0	0	0	0	1	1	1	1
GCA_001419585.1	0	0	0	0	1	0	0	1
GCA_050273015.1	0	0	0	0	1	0	0	1
GCA_001417025.1	0	0	0	0	1	0	0	1
GCA_001417035.1	0	0	0	0	1	0	0	1
GCA_001417065.1	0	0	0	0	1	0	0	1
GCA_001417085.1	0	0	0	0	1	0	0	1
GCA_001417105.1	0	0	0	0	1	0	0	1
GCA_001417125.1	0	0	0	0	1	0	0	1
GCA_001417145.1	0	0	0	0	1	0	0	1
GCA_001417185.1	0	0	0	0	1	0	0	1
GCA_001417335.1	0	0	0	0	1	0	0	1
GCA_001416855.1	0	0	0	0	1	1	1	1
GCA_001417365.1	0	0	0	0	1	1	1	1
GCA_001416755.1	0	0	0	0	1	0	0	1
GCA_001416875.1	0	0	0	0	1	0	0	1
GCA_001416775.1	0	0	0	0	1	0	0	1
GCA_001416765.1	0	0	0	0	1	0	0	1
GCA_001416905.1	0	0	0	0	1	0	0	1
GCA_001417205.1	0	0	0	0	1	0	0	1
GCA_001416935.1	0	0	0	0	1	0	0	1
GCA_001417225.1	0	0	0	0	1	0	0	1
GCA_001417245.1	0	0	0	0	1	0	0	1
GCA_001416825.1	0	0	0	0	1	0	0	1
GCA_001416945.1	0	0	0	0	1	0	0	1
GCA_001417005.1	0	0	0	0	1	0	0	1
GCA_001417445.1	0	0	0	0	1	1	1	1
GCA_001417465.1	0	0	0	0	1	0	0	1
GCA_001417255.1	0	0	0	0	1	0	0	1
GCA_001417305.1	0	0	0	0	1	0	0	1
GCA_001417325.1	0	0	0	0	1	0	0	1
GCA_001442035.1	0	0	0	0	0	1	1	1
GCA_001442265.1	0	0	0	0	0	1	1	1
GCA_032628645.2	0	0	0	0	0	0	0	1
GCA_041941665.1	0	0	0	0	0	0	0	0
GCA_017225335.1	0	0	0	2	0	0	0	0
GCA_017258035.2	0	0	0	2	0	0	0	1
GCA_033982315.1	0	0	0	2	0	0	0	0
GCA_033982475.1	0	0	0	2	0	0	0	0
GCA_033982495.1	0	0	0	2	0	0	0	0
GCA_018406045.1	0	0	0	2	0	1	1	1
GCA_019185125.2	0	0	0	2	0	0	0	0
GCA_019257105.1	0	0	0	2	0	0	0	1
GCA_019257045.1	0	0	0	2	0	0	0	0
GCA_019254375.1	0	0	0	2	0	0	0	0
GCA_019463275.1	0	0	0	2	0	0	0	0
GCA_019590205.2	0	0	0	2	0	0	0	1
GCA_019592165.1	0	0	0	2	0	0	0	0
GCA_019850665.1	0	0	0	2	0	0	0	1
GCA_040017935.1	0	0	0	2	0	0	0	1
GCA_033982335.1	0	0	0	2	0	0	0	0
GCA_023091945.1	0	0	0	2	0	0	0	1
GCA_023091825.1	0	0	0	2	0	0	0	1
GCA_023091845.1	0	0	0	2	0	1	1	0
GCA_033982295.1	0	0	0	2	0	0	0	1
GCA_026003735.3	0	0	0	2	0	0	0	1
GCA_032629085.2	0	0	0	2	0	0	0	1
GCA_032629105.2	0	0	0	2	0	1	1	1
GCA_032629145.2	0	0	0	2	0	0	0	1
GCA_050712695.1	0	0	0	2	0	1	1	1
GCA_034214755.1	0	0	0	2	0	0	0	0
GCA_034218095.1	0	0	0	2	0	0	0	0
GCA_034217015.1	0	0	0	2	0	0	0	0
GCA_034211855.1	0	0	0	2	0	0	0	1
GCA_034212975.1	0	0	0	2	0	0	0	1
GCA_034213195.1	0	0	0	2	0	1	1	1
GCA_034213595.1	0	0	0	2	0	1	1	0
GCA_034213815.1	0	0	0	2	0	1	1	0
GCA_034214735.1	0	0	0	2	0	1	1	1
GCA_034214935.1	0	0	0	2	0	0	0	0
GCA_034212655.1	0	0	0	2	0	0	0	0
GCA_034217515.1	0	0	0	2	0	0	0	0
GCA_034217735.1	0	0	0	2	0	0	0	0
GCA_034215875.1	0	0	0	2	0	0	0	1
GCA_034216095.1	0	0	0	2	0	0	0	1
GCA_034216295.1	0	0	0	2	0	1	1	0
GCA_034216455.1	0	0	0	2	0	1	1	0
GCA_034216475.1	0	0	0	2	0	1	1	0
GCA_034216495.1	0	0	0	2	0	0	0	0
GCA_034216555.1	0	0	0	2	0	0	0	0
GCA_034217775.1	0	0	0	2	0	0	0	0
GCA_034218435.1	0	0	0	2	0	0	0	0
GCA_034217915.1	0	0	0	2	0	0	0	1
GCA_034217975.1	0	0	0	2	0	0	0	1
GCA_034218135.1	0	0	0	2	0	1	1	0
GCA_034218175.1	0	0	0	2	0	0	0	0
GCA_034218235.1	0	0	0	2	0	0	0	0
GCA_034218275.1	0	0	0	2	0	0	0	1
GCA_034218315.1	0	0	0	2	0	0	0	1
GCA_034218335.1	0	0	0	2	0	0	0	1
GCA_034218555.1	0	0	0	2	0	0	0	1
GCA_034218355.1	0	0	0	2	0	0	0	0
GCA_034218375.1	0	0	0	2	0	0	0	0
GCA_034218395.1	0	0	0	2	0	1	1	1
GCA_034216595.1	0	0	0	2	0	0	0	0
GCA_034216575.1	0	0	0	2	0	0	0	1
GCA_034216535.1	0	0	0	2	0	0	0	1
GCA_034216635.1	0	0	0	2	0	0	0	0
GCA_034216695.1	0	0	0	2	0	0	0	0
GCA_034216795.1	0	0	0	2	0	1	1	0
GCA_034216895.1	0	0	0	2	0	0	0	0
GCA_034216915.1	0	0	0	2	0	0	0	0
GCA_034216975.1	0	0	0	2	0	0	0	0
GCA_034216985.1	0	0	0	2	0	1	1	0
GCA_034217055.1	0	0	0	2	0	0	0	1
GCA_034217155.1	0	0	0	2	0	0	0	0
GCA_034217175.1	0	0	0	2	0	0	0	0
GCA_034214255.1	0	0	0	2	0	0	0	1
GCA_034214315.1	0	0	0	2	0	1	1	0
GCA_034211455.1	0	0	0	2	0	0	0	0
GCA_034211575.1	0	0	0	2	0	0	0	0
GCA_034211675.1	0	0	0	2	0	0	0	0
GCA_034211735.1	0	0	0	2	0	0	0	1
GCA_034211745.1	0	0	0	2	0	1	1	1
GCA_034211815.1	0	0	0	2	0	0	0	1
GCA_034211915.1	0	0	0	2	0	0	0	1
GCA_034212015.1	0	0	0	2	0	0	0	0
GCA_034212055.1	0	0	0	2	0	0	0	0
GCA_034212795.1	0	0	0	2	0	1	1	0
GCA_034212855.1	0	0	0	2	0	1	1	0
GCA_034212835.1	0	0	0	2	0	0	0	1
GCA_034212895.1	0	0	0	2	0	0	0	1
GCA_034212935.1	0	0	0	2	0	0	0	0
GCA_034213055.1	0	0	0	2	0	0	0	1
GCA_034213095.1	0	0	0	2	0	0	0	1
GCA_034213255.1	0	0	0	2	0	0	0	0
GCA_034213655.1	0	0	0	2	0	0	0	0
GCA_034213675.1	0	0	0	2	0	0	0	1
GCA_034213695.1	0	0	0	2	0	0	0	1
GCA_034213715.1	0	0	0	2	0	0	0	1
GCA_034213755.1	0	0	0	2	0	0	0	0
GCA_034213835.1	0	0	0	2	0	0	0	0
GCA_034213875.1	0	0	0	2	0	0	0	0
GCA_034213915.1	0	0	0	2	0	0	0	0
GCA_034213935.1	0	0	0	2	0	0	0	0
GCA_034213975.1	0	0	0	2	0	0	0	0
GCA_034213955.1	0	0	0	2	0	0	0	0
GCA_034213995.1	0	0	0	2	0	1	1	1
GCA_034214055.1	0	0	0	2	0	0	0	0
GCA_034214135.1	0	0	0	2	0	0	0	1
GCA_034214195.1	0	0	0	2	0	0	0	0
GCA_034214335.1	0	0	0	2	0	0	0	1
GCA_034214615.1	0	0	0	2	0	0	0	0
GCA_034214635.1	0	0	0	2	0	1	1	1
GCA_034214675.1	0	0	0	2	0	0	0	0
GCA_034214695.1	0	0	0	2	0	1	1	0
GCA_034214775.1	0	0	0	2	0	0	0	1
GCA_034214795.1	0	0	0	2	0	0	0	0
GCA_034214895.1	0	0	0	2	0	0	0	1
GCA_034214835.1	0	0	0	2	0	1	1	0
GCA_040017915.1	0	0	0	2	0	0	0	0
GCA_034214915.1	0	0	0	2	0	0	0	1
GCA_034214975.1	0	0	0	2	0	0	0	1
GCA_034215015.1	0	0	0	2	0	0	0	1
GCA_034215055.1	0	0	0	2	0	0	0	0
GCA_034215075.1	0	0	0	2	0	0	0	1
GCA_034212135.1	0	0	0	2	0	0	0	0
GCA_034212195.1	0	0	0	2	0	0	0	0
GCA_034212275.1	0	0	0	2	0	0	0	0
GCA_034212435.1	0	0	0	2	0	0	0	0
GCA_034212555.1	0	0	0	2	0	0	0	1
GCA_034212575.1	0	0	0	2	0	0	0	1
GCA_034212595.1	0	0	0	2	0	0	0	1
GCA_034212675.1	0	0	0	2	0	0	0	1
GCA_034212695.1	0	0	0	2	0	1	1	1
GCA_034217195.1	0	0	0	2	0	0	0	0
GCA_034217375.1	0	0	0	2	0	0	0	0
GCA_034217415.1	0	0	0	2	0	0	0	0
GCA_034217455.1	0	0	0	2	0	0	0	1
GCA_034217475.1	0	0	0	2	0	0	0	0
GCA_034217495.1	0	0	0	2	0	0	0	0
GCA_034217535.1	0	0	0	2	0	0	0	0
GCA_034217555.1	0	0	0	2	0	0	0	0
GCA_034217575.1	0	0	0	2	0	0	0	0
GCA_034217615.1	0	0	0	2	0	0	0	1
GCA_034217635.1	0	0	0	2	0	0	0	1
GCA_034217715.1	0	0	0	2	0	1	1	1
GCA_034217755.1	0	0	0	2	0	0	0	0
GCA_034217835.1	0	0	0	2	0	1	1	1
GCA_034215135.1	0	0	0	2	0	0	0	0
GCA_034215215.1	0	0	0	2	0	1	1	1
GCA_034215235.1	0	0	0	2	0	0	0	1
GCA_034215275.1	0	0	0	2	0	0	0	0
GCA_034215315.1	0	0	0	2	0	0	0	0
GCA_034215295.1	0	0	0	2	0	0	0	0
GCA_034215735.1	0	0	0	2	0	0	0	0
GCA_034215675.1	0	0	0	2	0	0	0	0
GCA_034215755.1	0	0	0	2	0	0	0	0
GCA_034215845.1	0	0	0	2	0	0	0	0
GCA_034215995.1	0	0	0	2	0	0	0	0
GCA_034216035.1	0	0	0	2	0	0	0	1
GCA_034216115.1	0	0	0	2	0	0	0	0
GCA_034216135.1	0	0	0	2	0	0	0	0
GCA_034216215.1	0	0	0	2	0	1	1	0
GCA_034216275.1	0	0	0	2	0	0	0	0
GCA_034216355.1	0	0	0	2	0	0	0	0
GCA_034216375.1	0	0	0	2	0	0	0	0
GCA_034216395.1	0	0	0	2	0	0	0	1
GCA_034216415.1	0	0	0	2	0	0	0	0
GCA_040017975.1	0	0	0	2	0	0	0	1
GCA_006349495.1	2	2	1	2	0	1	2	1
GCA_008727495.1	2	2	1	2	2	0	2	1
GCA_008727395.1	2	2	1	2	2	1	2	1
GCA_008727375.1	2	2	1	2	2	1	2	1
GCA_008727355.1	2	2	1	2	2	0	2	0
GCA_014620795.1	2	2	0	2	0	0	2	0
GCA_014619575.1	2	2	0	2	0	0	2	0
GCA_014620595.1	2	2	0	2	0	0	2	0
GCA_014620475.1	2	2	0	2	0	0	2	0
GCA_014620555.1	2	2	0	2	0	0	2	0
GCA_014620275.1	2	2	0	2	0	0	2	0
GCA_014620175.1	2	2	0	2	0	0	2	0
GCA_014620195.1	2	2	0	2	0	1	2	1
GCA_014620115.1	2	2	0	2	0	1	2	0
GCA_014618975.1	2	2	0	2	0	0	2	0
GCA_014619495.1	2	2	0	2	0	0	2	1
GCA_014619975.1	2	2	0	2	0	1	2	0
GCA_014619755.1	2	2	0	2	0	0	2	0
GCA_014618875.1	2	2	0	2	0	0	2	0
GCA_014618855.1	2	2	0	2	0	0	2	0
GCA_014618615.1	2	2	0	2	0	1	2	0
GCA_014618555.1	2	2	0	2	0	0	2	0
GCA_014619215.1	2	2	0	2	0	0	2	0
GCA_014619275.1	2	2	0	2	0	0	2	0
GCA_014619135.1	2	2	0	2	0	0	2	0
GCA_014619035.1	2	2	0	2	0	1	2	1
GCA_014617955.1	2	2	0	2	0	0	2	0
GCA_014618015.1	2	2	0	2	0	0	2	0
GCA_014617875.1	2	2	0	2	0	1	2	0
GCA_014617475.1	2	2	0	2	0	0	2	0
GCA_014617505.1	2	2	0	2	0	0	2	0
GCA_014617495.1	2	2	0	2	0	0	2	0
GCA_008727315.1	2	2	0	2	2	0	2	0
